incident_id,equipment_id,equipment_type,manufacturer,model,department,incident_date,symptom,error_code,operating_context,observed_measurements,additional_observations,initial_diagnosis,diagnostic_actions,diagnostic_findings,root_cause,corrective_action,parts_replaced,downtime_minutes,severity,resolution_status,technician_notes
INC-00320,EQ-ECG-023,ECG Machine,HeartTrace,H-300,Cardiology,2025-11-06,Paper feed motor sounds abnormal,PF-208,After repeated operation cycles,Signal amplitude reduced intermittently,Alarm cleared temporarily after restart,Investigate system/circuit condition,Inspect feed path; Remove obstruction; Check paper alignment,Evidence consistent with paper-feed mechanism obstruction,Paper-feed mechanism obstruction,Reload paper or service feed mechanism,None,156,Low,Resolved,Alarm was noted reported the issue. Condition was monitored after corrective action.
INC-00378,EQ-ECG-026,ECG Machine,CardioLab,ECG-12,Emergency,2025-08-05,Signal quality poor despite stable patient,EC-301,After repeated operation cycles,Signal amplitude reduced intermittently,,Possible poor electrode contact,Inspect lead connections; Check skin preparation,Evidence consistent with poor electrode contact,Poor electrode contact,Improve electrode contact and repeat ECG,Battery,21,High,Resolved,Operator reported reported the issue. Additional functional testing passed.
INC-00539,EQ-X-R-038,X-ray Machine,Radiant Imaging,XR-500,Radiology,2024-05-05,Image appears consistently too light,IM-214,During patient monitoring,Exposure/image index outside expected range,No visible external damage noted,Possible incorrect exposure settings or detector issue,Verify kVp/mAs settings; Check detector status; Review exposure index,Incorrect exposure settings or detector issue,Incorrect exposure settings or detector issue,Correct exposure parameters or service detector,Electrodes,103,Critical,Resolved,Technician reported reported the issue. Unit returned to service after verification.
INC-00297,EQ-PAT-021,Patient Monitor,VitalSys,PM-300,Emergency,2025-12-14,Oxygen saturation signal drops intermittently,SP-221,During patient monitoring,Signal quality fluctuated between acceptable and poor,,Possible damaged or poorly positioned spo2 sensor,Try known-good sensor; Check cable and connector; Check signal quality,Evidence consistent with damaged or poorly positioned spo2 sensor,Damaged or poorly positioned SpO2 sensor,Reposition or replace SpO2 sensor,Battery,170,Critical,Resolved,Staff observed reported the issue. Unit returned to service after verification.
INC-00532,EQ-X-R-038,X-ray Machine,Radiant Imaging,XR-500,Radiology,2024-04-13,System requests cooling period,TH-330,Immediately after startup,Exposure/image index outside expected range,Issue reproduced during verification,Suspected component issue,Review exposure history; Check cooling system; Allow manufacturer-specified cooling period,Evidence consistent with high accumulated tube load,High accumulated tube load,Allow cooling and escalate if warning persists unexpectedly,None,141,Medium,Resolved,Operator reported reported the issue. Condition was monitored after corrective action.
INC-00071,EQ-VEN-005,Ventilator,MedAir,V-800,NICU,2024-09-30,Airway pressure repeatedly above expected range,AP-217,During patient monitoring,Pressure/volume observation: 43 cmH2O peak pressure,Issue was intermittent,Possible blocked expiratory filter,Inspect expiratory filter; Inspect patient connection; Verify pressure settings,Blocked expiratory filter; no additional abnormality found during basic visual inspection,Blocked expiratory filter,Replace blocked expiratory filter,Filter,136,Critical,Resolved,Alarm was noted reported the issue. No further recurrence observed during the shift.
INC-00494,EQ-DEF-034,Defibrillator,PulseGuard,PG-700,Cardiology,2024-10-08,Startup self-test reports failure,ST-501,Routine operation,Charge performance outside expected service range,Alarm cleared temporarily after restart,Investigate system/circuit condition,Record error code; Review service documentation,Evidence consistent with internal diagnostic fault,Internal diagnostic fault,Remove from service and escalate to qualified service personnel,Sensor,72,Critical,Resolved after escalation,Technician reported reported the issue. Unit returned to service after verification.
INC-00665,EQ-BLO-046,Blood Analyzer,LabCore,BA-400,Pathology,2025-12-30,Control value exceeds laboratory target,QC-301,Routine operation,QC deviation approximately 6.1%,Alarm cleared temporarily after restart,Possible reagent deterioration or calibration drift,Check reagent lot and expiry; Run calibration; Repeat control; Inspect QC history,Reagent deterioration or calibration drift,Reagent deterioration or calibration drift,Replace compromised reagent or recalibrate,Battery,89,High,Monitoring,Unit was flagged for reported the issue. Additional functional testing passed.
INC-00799,EQ-DIA-054,Dialysis Machine,RenalCare,DX-700,Dialysis Unit,2024-06-07,Conductivity reading outside target,CO-115,After repeated operation cycles,Pressure/conductivity reading outside configured range,Issue reproduced during verification,Suspected component issue,Verify concentrate supply; Run approved conductivity check; Check connections,Evidence consistent with dialysate mixing/calibration issue,Dialysate mixing/calibration issue,Correct concentrate supply or service calibration,Filter,38,Medium,Resolved,Operator reported reported the issue. No further recurrence observed during the shift.
INC-00031,EQ-VEN-003,Ventilator,MedAir,V-800,ICU,2024-07-13,Low-volume alarm during ventilation,MV-104,Routine operation,Pressure/volume observation: 31 cmH2O peak pressure,Issue reproduced during verification,Suspected component issue,Perform leak test; Verify cuff/circuit integrity,Evidence consistent with circuit leak,Circuit leak,Repair or replace leaking circuit component,Affected tubing/component,28,Medium,Monitoring,Alarm was noted reported the issue. No further recurrence observed during the shift.
INC-00193,EQ-INF-014,Infusion Pump,MediFlow,IF-700,Oncology,2026-06-21,Runtime is shorter than expected,BT-310,Immediately after startup,Observed rate approximately 37% of configured rate,Issue reproduced during verification,Investigate system/circuit condition,Verify charging cycle; Inspect power connector,Battery degradation,Battery degradation,Replace battery if capacity is below service threshold,Sensor,155,High,Resolved,Technician reported reported the issue. Condition was monitored after corrective action.
INC-00873,EQ-SUC-060,Suction Machine,CareVac,CV-100,Emergency,2026-05-11,Motor sounds normal but suction is reduced,SU-214,Routine operation,Vacuum measured approximately 21% below target,,Possible blocked suction filter or tubing,Inspect collection jar; Clear approved obstruction,Evidence consistent with blocked suction filter or tubing,Blocked suction filter or tubing,Replace blocked filter or tubing,Battery,162,High,Resolved,Operator reported reported the issue. No further recurrence observed during the shift.
INC-00586,EQ-X-R-041,X-ray Machine,Radiant Imaging,XR-500,Radiology,2025-07-13,Interlock indicator remains active,XR-102,During patient monitoring,Exposure/image index outside expected range,Alarm cleared temporarily after restart,Possible interlock condition not satisfied,Review displayed fault code; Verify system ready state; Check door/interlock status,Interlock condition not satisfied; no additional abnormality found during basic visual inspection,Interlock condition not satisfied,Resolve interlock condition before exposure,Filter,178,High,Resolved,Technician reported reported the issue. Additional functional testing passed.
INC-00606,EQ-BLO-043,Blood Analyzer,HemaTech,HA-600,Pathology,2025-04-17,Control value exceeds laboratory target,,During continuous clinical use,QC deviation approximately 2.2%,Alarm cleared temporarily after restart,Investigate system/circuit condition,Check reagent lot and expiry; Inspect QC history,Reagent deterioration or calibration drift; no additional abnormality found during basic visual inspection,Reagent deterioration or calibration drift,Replace compromised reagent or recalibrate,None,179,High,Resolved,Operator reported reported the issue. No further recurrence observed during the shift.
INC-00794,EQ-DIA-054,Dialysis Machine,RenalCare,DX-700,Dialysis Unit,2024-12-27,Air detector alarm activates,AD-204,During continuous clinical use,Pressure/conductivity reading outside configured range,No visible external damage noted,Investigate system/circuit condition,Follow machine-specific air-removal procedure; Inspect circuit,Evidence consistent with air detected in blood circuit,Air detected in blood circuit,Resolve air detection condition before resuming,Sensor,130,Medium,Resolved,Technician reported reported the issue. Additional functional testing passed.
INC-00087,EQ-VEN-007,Ventilator,RespiraTech,RV-500,Emergency,2025-04-28,Pressure rises above expected range,AP-217,During patient monitoring,Pressure/volume observation: 17 cmH2O peak pressure,Issue reproduced during verification,Suspected component issue,Verify pressure settings; Inspect breathing circuit for kinks/obstruction; Inspect patient connection,Evidence consistent with blocked expiratory filter,Blocked expiratory filter,Replace blocked expiratory filter,Battery,174,Critical,Resolved after escalation,Staff observed reported the issue. Condition was monitored after corrective action.
INC-00322,EQ-ECG-023,ECG Machine,HeartTrace,H-300,Cardiology,2024-02-08,Paper feed motor sounds abnormal,PF-208,During patient monitoring,Signal amplitude reduced intermittently,,Possible paper-feed mechanism obstruction,Inspect feed path; Remove obstruction; Check paper alignment,Evidence consistent with paper-feed mechanism obstruction,Paper-feed mechanism obstruction,Reload paper or service feed mechanism,Electrodes,30,Critical,Resolved after escalation,Technician reported reported the issue. Additional functional testing passed.
INC-00362,EQ-ECG-025,ECG Machine,CardioLab,ECG-12,General Ward,2024-05-06,Paper feed motor sounds abnormal,PF-208,During patient monitoring,Signal amplitude reduced intermittently,Issue reproduced during verification,Possible paper-feed mechanism obstruction,Inspect feed path; Remove obstruction,Paper-feed mechanism obstruction; no additional abnormality found during basic visual inspection,Paper-feed mechanism obstruction,Reload paper or service feed mechanism,Sensor,175,Medium,Resolved,Operator reported reported the issue. Additional functional testing passed.
INC-00040,EQ-VEN-003,Ventilator,MedAir,V-800,ICU,2026-06-28,Calibration warning appears at startup,ST-009,During patient monitoring,Pressure/volume observation: 29 cmH2O peak pressure,Issue reproduced during verification,Investigate system/circuit condition,Clean/reseat sensor; Inspect flow sensor; Run calibration procedure,Flow sensor calibration drift; no additional abnormality found during basic visual inspection,Flow sensor calibration drift,Calibrate or replace flow sensor,None,28,Medium,Resolved after escalation,Technician reported reported the issue. No further recurrence observed during the shift.
INC-00738,EQ-DIA-051,Dialysis Machine,RenalCare,DX-700,Dialysis Unit,2024-08-22,Alarm occurs during preparation,CO-115,After repeated operation cycles,Pressure/conductivity reading outside configured range,,Investigate system/circuit condition,Verify concentrate supply; Check connections,Dialysate mixing/calibration issue; no additional abnormality found during basic visual inspection,Dialysate mixing/calibration issue,Correct concentrate supply or service calibration,Sensor,17,Medium,Resolved,Technician reported reported the issue. Additional functional testing passed.
INC-00315,EQ-ECG-022,ECG Machine,CardioLab,ECG-12,Emergency,2025-12-04,Paper feed motor sounds abnormal,PF-208,During patient monitoring,Signal amplitude reduced intermittently,Issue reproduced during verification,Possible paper-feed mechanism obstruction,Remove obstruction; Inspect feed path,Paper-feed mechanism obstruction; no additional abnormality found during basic visual inspection,Paper-feed mechanism obstruction,Reload paper or service feed mechanism,Battery,31,Medium,Resolved,Operator reported reported the issue. Unit returned to service after verification.
INC-00291,EQ-PAT-020,Patient Monitor,Cliniview,CV-900,ICU,2025-09-10,Intermittent artifact on ECG trace,EC-118,During continuous clinical use,Signal quality fluctuated between acceptable and poor,No visible external damage noted,Suspected component issue,Verify grounding; Check electrode adhesion; Inspect lead wires; Replace degraded electrodes,Loose or degraded ECG electrode connection,Loose or degraded ECG electrode connection,Replace electrodes or affected lead,Sensor,8,High,Resolved,Staff observed reported the issue. Additional functional testing passed.
INC-00236,EQ-PAT-017,Patient Monitor,VitalSys,PM-300,Emergency,2025-01-09,Display stops updating temporarily,DS-401,Immediately after startup,Signal quality fluctuated between acceptable and poor,,Suspected component issue,Restart according to service procedure; Run system diagnostics; Check power supply; Review event log,Evidence consistent with software/process instability,Software/process instability,Restart and escalate for service if recurrence persists,Affected tubing/component,180,Low,Resolved,Technician reported reported the issue. Unit returned to service after verification.
INC-00097,EQ-INF-008,Infusion Pump,InfuCare,IP-500,ICU,2024-10-08,Flow remains below configured rate,FL-104,During continuous clinical use,Observed rate approximately 36% of configured rate,Issue was intermittent,Possible partial occlusion in tubing,Inspect for kinks or occlusion; Check clamps and connectors; Verify pump calibration; Inspect tubing path,Partial occlusion in tubing,Partial occlusion in tubing,Replace obstructed tubing if required,None,100,Medium,Monitoring,Unit was flagged for reported the issue. Additional functional testing passed.
INC-00717,EQ-BLO-049,Blood Analyzer,HemaTech,HA-600,Laboratory,2025-12-02,Probe error appears during run,SA-118,Routine operation,QC deviation approximately 4.0%,Issue was intermittent,Investigate system/circuit condition,Run approved cleaning cycle; Check sample volume,Clogged aspiration probe,Clogged aspiration probe,Clean probe and repeat aspiration test,Battery,91,Medium,Resolved,Unit was flagged for reported the issue. Unit returned to service after verification.
INC-00716,EQ-BLO-049,Blood Analyzer,HemaTech,HA-600,Laboratory,2025-01-18,Probe error appears during run,SA-118,During patient monitoring,QC deviation approximately 4.3%,No visible external damage noted,Suspected component issue,Run approved cleaning cycle; Inspect probe; Check sample volume,Clogged aspiration probe; no additional abnormality found during basic visual inspection,Clogged aspiration probe,Clean probe and repeat aspiration test,Battery,126,High,Resolved after escalation,Unit was flagged for reported the issue. Unit returned to service after verification.
INC-00600,EQ-X-R-042,X-ray Machine,MedRay,MX-900,Radiology,2024-06-04,Exposure index below expected range,IM-214,Immediately after startup,Exposure/image index outside expected range,Alarm cleared temporarily after restart,Possible incorrect exposure settings or detector issue,Review exposure index; Check detector status,Evidence consistent with incorrect exposure settings or detector issue,Incorrect exposure settings or detector issue,Correct exposure parameters or service detector,Electrodes,93,High,Resolved,Operator reported reported the issue. Condition was monitored after corrective action.
INC-00353,EQ-ECG-025,ECG Machine,CardioLab,ECG-12,General Ward,2025-06-03,One channel is flat,LD-112,During patient monitoring,Signal amplitude reduced intermittently,Issue was intermittent,Suspected component issue,Inspect connector; Test cable continuity; Swap lead,Evidence consistent with broken or disconnected lead wire,Broken or disconnected lead wire,Reconnect or replace affected lead,Service part,46,High,Resolved,Alarm was noted reported the issue. Unit returned to service after verification.
INC-00860,EQ-SUC-059,Suction Machine,CareVac,CV-100,General Ward,2024-05-01,Pump runs continuously,VC-102,Immediately after startup,Vacuum measured approximately 42% below target,Issue was intermittent,Possible leak in tubing or collection system,Inspect connectors; Inspect tubing,Evidence consistent with leak in tubing or collection system,Leak in tubing or collection system,Replace leaking tubing/seal,Battery,44,Medium,Resolved,Unit was flagged for reported the issue. Unit returned to service after verification.
INC-00440,EQ-DEF-030,Defibrillator,PulseGuard,PG-700,ICU,2026-01-01,Startup self-test reports failure,ST-501,Immediately after startup,Charge performance outside expected service range,Alarm cleared temporarily after restart,Suspected component issue,Review service documentation; Record error code,Evidence consistent with internal diagnostic fault,Internal diagnostic fault,Remove from service and escalate to qualified service personnel,None,74,Medium,Resolved,Technician reported reported the issue. No further recurrence observed during the shift.
INC-00260,EQ-PAT-018,Patient Monitor,VitalSys,PM-300,General Ward,2024-05-13,Touchscreen becomes unresponsive,DS-401,During patient monitoring,Signal quality fluctuated between acceptable and poor,Issue was intermittent,Investigate system/circuit condition,Run system diagnostics; Review event log; Restart according to service procedure; Check power supply,Software/process instability,Software/process instability,Restart and escalate for service if recurrence persists,Sensor,55,Medium,Resolved,Operator reported reported the issue. Unit returned to service after verification.
INC-00108,EQ-INF-008,Infusion Pump,InfuCare,IP-500,ICU,2026-03-26,Runtime is shorter than expected,BT-310,After repeated operation cycles,Observed rate approximately 41% of configured rate,,Possible battery degradation,Verify charging cycle; Inspect power connector; Check battery health,Battery degradation,Battery degradation,Replace battery if capacity is below service threshold,Service part,178,High,Resolved,Operator reported reported the issue. Additional functional testing passed.
INC-00064,EQ-VEN-005,Ventilator,MedAir,V-800,NICU,2025-04-05,Low-volume alarm during ventilation,MV-104,Immediately after startup,Pressure/volume observation: 38 cmH2O peak pressure,Issue reproduced during verification,Possible circuit leak,Check circuit connections; Perform leak test,Evidence consistent with circuit leak,Circuit leak,Repair or replace leaking circuit component,Affected tubing/component,132,Medium,Resolved,Operator reported reported the issue. Unit returned to service after verification.
INC-00121,EQ-INF-009,Infusion Pump,MediFlow,IF-700,General Ward,2025-05-03,Infusion is running slower than the programmed rate,FL-104,Immediately after startup,Observed rate approximately 43% of configured rate,No visible external damage noted,Suspected component issue,Check clamps and connectors; Verify pump calibration; Inspect tubing path; Inspect for kinks or occlusion,Evidence consistent with partial occlusion in tubing,Partial occlusion in tubing,Replace obstructed tubing if required,Filter,27,Medium,Resolved,Technician reported reported the issue. Unit returned to service after verification.
INC-00445,EQ-DEF-031,Defibrillator,PulseGuard,PG-700,ICU,2025-05-06,Startup self-test reports failure,ST-501,During continuous clinical use,Charge performance outside expected service range,No visible external damage noted,Investigate system/circuit condition,Review service documentation; Repeat approved self-test; Record error code,Evidence consistent with internal diagnostic fault,Internal diagnostic fault,Remove from service and escalate to qualified service personnel,Battery,174,Medium,Monitoring,Operator reported reported the issue. Unit returned to service after verification.
INC-00758,EQ-DIA-052,Dialysis Machine,RenalCare,DX-700,ICU,2025-03-21,Air bubble visible in circuit,,During continuous clinical use,Pressure/conductivity reading outside configured range,Alarm cleared temporarily after restart,Investigate system/circuit condition,Inspect circuit; Stop according to safety procedure,Evidence consistent with air detected in blood circuit,Air detected in blood circuit,Resolve air detection condition before resuming,Filter,54,High,Resolved,Technician reported reported the issue. Unit returned to service after verification.
INC-00068,EQ-VEN-005,Ventilator,MedAir,V-800,NICU,2024-06-17,Measured volume intermittently low,MV-104,Immediately after startup,Pressure/volume observation: 25 cmH2O peak pressure,No visible external damage noted,Suspected component issue,Perform leak test; Check circuit connections,Circuit leak; no additional abnormality found during basic visual inspection,Circuit leak,Repair or replace leaking circuit component,Battery,82,Critical,Resolved,Technician reported reported the issue. Additional functional testing passed.
INC-00529,EQ-X-R-037,X-ray Machine,MedRay,MX-900,Emergency,2026-02-12,Interlock indicator remains active,XR-102,Routine operation,Exposure/image index outside expected range,Alarm cleared temporarily after restart,Suspected component issue,Check door/interlock status; Verify system ready state,Interlock condition not satisfied; no additional abnormality found during basic visual inspection,Interlock condition not satisfied,Resolve interlock condition before exposure,None,120,Medium,Resolved,Operator reported reported the issue. Additional functional testing passed.
INC-00138,EQ-INF-010,Infusion Pump,MediFlow,IF-700,General Ward,2025-01-02,Pump pressure gradually increases,FL-104,During continuous clinical use,Observed rate approximately 69% of configured rate,No visible external damage noted,Suspected component issue,Check clamps and connectors; Inspect tubing path; Verify pump calibration; Inspect for kinks or occlusion,Evidence consistent with partial occlusion in tubing,Partial occlusion in tubing,Replace obstructed tubing if required,Service part,125,High,Resolved,Operator reported reported the issue. Additional functional testing passed.
INC-00553,EQ-X-R-039,X-ray Machine,MedRay,MX-900,Radiology,2026-03-02,Interlock indicator remains active,XR-102,After repeated operation cycles,Exposure/image index outside expected range,,Suspected component issue,Verify system ready state; Review displayed fault code; Check door/interlock status,Interlock condition not satisfied,Interlock condition not satisfied,Resolve interlock condition before exposure,Service part,50,High,Monitoring,Technician reported reported the issue. Additional functional testing passed.
INC-00712,EQ-BLO-049,Blood Analyzer,HemaTech,HA-600,Laboratory,2025-04-06,Probe error appears during run,SA-118,During continuous clinical use,QC deviation approximately 1.8%,,Possible clogged aspiration probe,Check sample volume; Run approved cleaning cycle,Evidence consistent with clogged aspiration probe,Clogged aspiration probe,Clean probe and repeat aspiration test,None,112,Medium,Resolved after escalation,Operator reported reported the issue. Unit returned to service after verification.
INC-00333,EQ-ECG-023,ECG Machine,HeartTrace,H-300,Cardiology,2024-01-04,Printer does not advance paper,PF-208,After repeated operation cycles,Signal amplitude reduced intermittently,Issue was intermittent,Investigate system/circuit condition,Inspect feed path; Remove obstruction; Check paper alignment,Evidence consistent with paper-feed mechanism obstruction,Paper-feed mechanism obstruction,Reload paper or service feed mechanism,Service part,39,Low,Resolved,Operator reported reported the issue. Condition was monitored after corrective action.
INC-00653,EQ-BLO-045,Blood Analyzer,LabCore,BA-400,Pathology,2025-07-23,Probe error appears during run,SA-118,During patient monitoring,QC deviation approximately 2.7%,Issue reproduced during verification,Investigate system/circuit condition,Run approved cleaning cycle; Check sample volume; Inspect probe,Evidence consistent with clogged aspiration probe,Clogged aspiration probe,Clean probe and repeat aspiration test,Sensor,65,Medium,Resolved,Alarm was noted reported the issue. Unit returned to service after verification.
INC-00245,EQ-PAT-017,Patient Monitor,VitalSys,PM-300,Emergency,2025-06-17,Touchscreen becomes unresponsive,DS-401,Routine operation,Signal quality fluctuated between acceptable and poor,,Suspected component issue,Check power supply; Run system diagnostics; Restart according to service procedure; Review event log,Software/process instability,Software/process instability,Restart and escalate for service if recurrence persists,Filter,82,High,Resolved,Alarm was noted reported the issue. No further recurrence observed during the shift.
INC-00166,EQ-INF-012,Infusion Pump,MediFlow,IF-700,ICU,2026-03-14,Air-in-line alarm during infusion,,Immediately after startup,Observed rate approximately 66% of configured rate,Alarm cleared temporarily after restart,Suspected component issue,Stop infusion; Prime tubing according to procedure,Air detected in infusion line; no additional abnormality found during basic visual inspection,Air detected in infusion line,Remove air and prime/reseat tubing,Filter,58,High,Resolved,Unit was flagged for reported the issue. Condition was monitored after corrective action.
INC-00760,EQ-DIA-052,Dialysis Machine,RenalCare,DX-700,ICU,2024-05-31,Alarm occurs during preparation,CO-115,During continuous clinical use,Pressure/conductivity reading outside configured range,Issue was intermittent,Suspected component issue,Verify concentrate supply; Check connections,Evidence consistent with dialysate mixing/calibration issue,Dialysate mixing/calibration issue,Correct concentrate supply or service calibration,Battery,92,Medium,Resolved after escalation,Alarm was noted reported the issue. Condition was monitored after corrective action.
INC-00635,EQ-BLO-044,Blood Analyzer,LabCore,BA-400,Laboratory,2026-02-05,Probe error appears during run,SA-118,Routine operation,QC deviation approximately 2.9%,Alarm cleared temporarily after restart,Suspected component issue,Inspect probe; Check sample volume,Clogged aspiration probe,Clogged aspiration probe,Clean probe and repeat aspiration test,Sensor,52,Medium,Resolved,Alarm was noted reported the issue. Condition was monitored after corrective action.
INC-00024,EQ-VEN-002,Ventilator,MedAir,V-800,NICU,2024-07-14,Measured volume intermittently low,MV-104,Immediately after startup,Pressure/volume observation: 47 cmH2O peak pressure,,Suspected component issue,Perform leak test; Verify cuff/circuit integrity,Circuit leak; no additional abnormality found during basic visual inspection,Circuit leak,Repair or replace leaking circuit component,Sensor,155,High,Resolved,Unit was flagged for reported the issue. Additional functional testing passed.
INC-00111,EQ-INF-008,Infusion Pump,InfuCare,IP-500,ICU,2024-07-21,Infusion appears slower than expected,FL-104,Routine operation,Observed rate approximately 72% of configured rate,,Possible partial occlusion in tubing,Check clamps and connectors; Verify pump calibration; Inspect for kinks or occlusion; Inspect tubing path,Evidence consistent with partial occlusion in tubing,Partial occlusion in tubing,Replace obstructed tubing if required,Filter,34,Medium,Resolved,Unit was flagged for reported the issue. Condition was monitored after corrective action.
INC-00431,EQ-DEF-030,Defibrillator,PulseGuard,PG-700,ICU,2026-05-18,Startup self-test reports failure,ST-501,During continuous clinical use,Charge performance outside expected service range,No visible external damage noted,Investigate system/circuit condition,Repeat approved self-test; Review service documentation; Record error code,Internal diagnostic fault; no additional abnormality found during basic visual inspection,Internal diagnostic fault,Remove from service and escalate to qualified service personnel,Sensor,105,High,Resolved,Operator reported reported the issue. Condition was monitored after corrective action.
INC-00756,EQ-DIA-052,Dialysis Machine,RenalCare,DX-700,ICU,2025-12-06,Conductivity reading outside target,CO-115,During patient monitoring,Pressure/conductivity reading outside configured range,Issue reproduced during verification,Investigate system/circuit condition,Check connections; Run approved conductivity check; Verify concentrate supply,Evidence consistent with dialysate mixing/calibration issue,Dialysate mixing/calibration issue,Correct concentrate supply or service calibration,Service part,65,Medium,Resolved,Alarm was noted reported the issue. Condition was monitored after corrective action.
INC-00429,EQ-DEF-030,Defibrillator,PulseGuard,PG-700,ICU,2024-11-23,Pad connection indicator remains inactive,PD-119,Routine operation,Charge performance outside expected service range,Alarm cleared temporarily after restart,Possible poor pad connection,Verify pads are within expiry; Check pad connector; Replace pads if necessary,Evidence consistent with poor pad connection,Poor pad connection,Reconnect or replace pads,Service part,61,High,Resolved,Unit was flagged for reported the issue. Additional functional testing passed.
INC-00255,EQ-PAT-018,Patient Monitor,VitalSys,PM-300,General Ward,2025-11-25,Signal quality indicator fluctuates,SP-221,Immediately after startup,Signal quality fluctuated between acceptable and poor,No visible external damage noted,Possible damaged or poorly positioned spo2 sensor,Inspect sensor placement; Check cable and connector; Try known-good sensor,Evidence consistent with damaged or poorly positioned spo2 sensor,Damaged or poorly positioned SpO2 sensor,Reposition or replace SpO2 sensor,Battery,141,High,Resolved after escalation,Operator reported reported the issue. No further recurrence observed during the shift.
INC-00526,EQ-X-R-037,X-ray Machine,MedRay,MX-900,Emergency,2024-01-12,Interlock indicator remains active,,During continuous clinical use,Exposure/image index outside expected range,Alarm cleared temporarily after restart,Investigate system/circuit condition,Verify system ready state; Check door/interlock status; Review displayed fault code,Interlock condition not satisfied; no additional abnormality found during basic visual inspection,Interlock condition not satisfied,Resolve interlock condition before exposure,Sensor,133,Low,Resolved after escalation,Operator reported reported the issue. Additional functional testing passed.
INC-00410,EQ-ECG-028,ECG Machine,CardioLab,ECG-12,Cardiology,2025-10-12,One channel is flat,,During patient monitoring,Signal amplitude reduced intermittently,Alarm cleared temporarily after restart,Investigate system/circuit condition,Test cable continuity; Swap lead,Broken or disconnected lead wire; no additional abnormality found during basic visual inspection,Broken or disconnected lead wire,Reconnect or replace affected lead,Affected tubing/component,10,Low,Resolved,Technician reported reported the issue. Condition was monitored after corrective action.
INC-00762,EQ-DIA-052,Dialysis Machine,RenalCare,DX-700,ICU,2024-12-06,Pressure changes after line repositioning,AR-221,During patient monitoring,Pressure/conductivity reading outside configured range,,Investigate system/circuit condition,Verify clamps; Follow clinical escalation procedure,Blood-line restriction or access issue; no additional abnormality found during basic visual inspection,Blood-line restriction or access issue,Correct line restriction and escalate clinical issue as required,Affected tubing/component,120,High,Resolved,Technician reported reported the issue. Additional functional testing passed.
INC-00689,EQ-BLO-047,Blood Analyzer,LabCore,BA-400,Laboratory,2026-01-14,Level reading inconsistent,RG-207,Immediately after startup,QC deviation approximately 3.8%,,Investigate system/circuit condition,Reseat reagent container; Verify reagent identification,Reagent sensor or container placement issue; no additional abnormality found during basic visual inspection,Reagent sensor or container placement issue,Reseat container or service level sensor,None,95,Medium,Resolved,Unit was flagged for reported the issue. Condition was monitored after corrective action.
INC-00209,EQ-PAT-015,Patient Monitor,Cliniview,CV-900,Emergency,2026-05-31,NIBP error occurs intermittently,NB-207,During continuous clinical use,Signal quality fluctuated between acceptable and poor,Alarm cleared temporarily after restart,Investigate system/circuit condition,Inspect tubing; Check cuff placement,Incorrect cuff size or cuff placement; no additional abnormality found during basic visual inspection,Incorrect cuff size or cuff placement,Use correct cuff and reconnect tubing,Electrodes,71,Medium,Resolved,Alarm was noted reported the issue. Additional functional testing passed.
INC-00073,EQ-VEN-006,Ventilator,RespiraTech,RV-500,ICU,2025-08-06,Self-test stops at flow-sensor check,ST-009,Immediately after startup,Pressure/volume observation: 27 cmH2O peak pressure,,Investigate system/circuit condition,Inspect flow sensor; Run calibration procedure,Flow sensor calibration drift; no additional abnormality found during basic visual inspection,Flow sensor calibration drift,Calibrate or replace flow sensor,Filter,100,High,Resolved,Alarm was noted reported the issue. Condition was monitored after corrective action.
INC-00540,EQ-X-R-038,X-ray Machine,Radiant Imaging,XR-500,Radiology,2025-05-22,Exposure index below expected range,IM-214,During patient monitoring,Exposure/image index outside expected range,,Possible incorrect exposure settings or detector issue,Verify kVp/mAs settings; Check detector status; Review exposure index,Incorrect exposure settings or detector issue,Incorrect exposure settings or detector issue,Correct exposure parameters or service detector,Electrodes,91,Medium,Monitoring,Alarm was noted reported the issue. Additional functional testing passed.
INC-00312,EQ-ECG-022,ECG Machine,CardioLab,ECG-12,Emergency,2026-02-11,One channel is flat,LD-112,Immediately after startup,Signal amplitude reduced intermittently,No visible external damage noted,Possible broken or disconnected lead wire,Test cable continuity; Inspect connector,Broken or disconnected lead wire,Broken or disconnected lead wire,Reconnect or replace affected lead,Electrodes,94,High,Resolved,Operator reported reported the issue. Additional functional testing passed.
INC-00368,EQ-ECG-026,ECG Machine,CardioLab,ECG-12,Emergency,2024-12-13,Signal quality poor despite stable patient,EC-301,Routine operation,Signal amplitude reduced intermittently,,Investigate system/circuit condition,Inspect lead connections; Check skin preparation; Replace electrodes,Evidence consistent with poor electrode contact,Poor electrode contact,Improve electrode contact and repeat ECG,Affected tubing/component,163,Low,Resolved,Technician reported reported the issue. Additional functional testing passed.
INC-00678,EQ-BLO-047,Blood Analyzer,LabCore,BA-400,Laboratory,2025-12-21,Probe error appears during run,SA-118,During patient monitoring,QC deviation approximately 3.5%,No visible external damage noted,Investigate system/circuit condition,Inspect probe; Run approved cleaning cycle; Check sample volume,Clogged aspiration probe,Clogged aspiration probe,Clean probe and repeat aspiration test,Battery,68,Critical,Monitoring,Staff observed reported the issue. No further recurrence observed during the shift.
INC-00708,EQ-BLO-049,Blood Analyzer,HemaTech,HA-600,Laboratory,2024-01-15,Sample aspiration stops,SA-118,Routine operation,QC deviation approximately 6.2%,,Suspected component issue,Check sample volume; Inspect probe,Evidence consistent with clogged aspiration probe,Clogged aspiration probe,Clean probe and repeat aspiration test,Affected tubing/component,21,High,Resolved,Unit was flagged for reported the issue. Unit returned to service after verification.
INC-00560,EQ-X-R-039,X-ray Machine,MedRay,MX-900,Radiology,2024-09-10,Exposure index below expected range,IM-214,During continuous clinical use,Exposure/image index outside expected range,Alarm cleared temporarily after restart,Suspected component issue,Review exposure index; Verify kVp/mAs settings; Check detector status,Evidence consistent with incorrect exposure settings or detector issue,Incorrect exposure settings or detector issue,Correct exposure parameters or service detector,Sensor,73,Medium,Resolved,Unit was flagged for reported the issue. Unit returned to service after verification.
INC-00880,EQ-SUC-061,Suction Machine,SuctionPro,SP-200,ICU,2025-09-20,Motor sounds normal but suction is reduced,,After repeated operation cycles,Vacuum measured approximately 36% below target,Alarm cleared temporarily after restart,Investigate system/circuit condition,Inspect tubing; Check filter; Clear approved obstruction; Inspect collection jar,Blocked suction filter or tubing; no additional abnormality found during basic visual inspection,Blocked suction filter or tubing,Replace blocked filter or tubing,None,81,Medium,Resolved,Technician reported reported the issue. Additional functional testing passed.
INC-00465,EQ-DEF-033,Defibrillator,PulseGuard,PG-700,ICU,2026-05-23,Service indicator appears,ST-501,During patient monitoring,Charge performance outside expected service range,Issue was intermittent,Possible internal diagnostic fault,Review service documentation; Repeat approved self-test,Internal diagnostic fault; no additional abnormality found during basic visual inspection,Internal diagnostic fault,Remove from service and escalate to qualified service personnel,Battery,144,High,Resolved,Technician reported reported the issue. Unit returned to service after verification.
INC-00852,EQ-SUC-059,Suction Machine,CareVac,CV-100,General Ward,2024-12-05,Vacuum does not reach set level,VC-102,During continuous clinical use,Vacuum measured approximately 49% below target,Alarm cleared temporarily after restart,Investigate system/circuit condition,Check collection jar seal; Inspect connectors; Inspect tubing,Evidence consistent with leak in tubing or collection system,Leak in tubing or collection system,Replace leaking tubing/seal,Affected tubing/component,43,Critical,Resolved,Technician reported reported the issue. Additional functional testing passed.
INC-00441,EQ-DEF-031,Defibrillator,PulseGuard,PG-700,ICU,2025-01-06,Device reports pads disconnected,PD-119,During continuous clinical use,Charge performance outside expected service range,Alarm cleared temporarily after restart,Possible poor pad connection,Check pad connector; Verify pads are within expiry,Poor pad connection; no additional abnormality found during basic visual inspection,Poor pad connection,Reconnect or replace pads,Electrodes,130,Medium,Resolved,Alarm was noted reported the issue. Condition was monitored after corrective action.
INC-00812,EQ-DIA-055,Dialysis Machine,RenalCare,DX-700,Dialysis Unit,2024-08-05,Conductivity reading outside target,CO-115,Routine operation,Pressure/conductivity reading outside configured range,,Possible dialysate mixing/calibration issue,Run approved conductivity check; Verify concentrate supply; Check connections,Dialysate mixing/calibration issue,Dialysate mixing/calibration issue,Correct concentrate supply or service calibration,Sensor,151,Medium,Resolved,Technician reported reported the issue. No further recurrence observed during the shift.
INC-00798,EQ-DIA-054,Dialysis Machine,RenalCare,DX-700,Dialysis Unit,2026-05-04,Alarm occurs during preparation,CO-115,Immediately after startup,Pressure/conductivity reading outside configured range,Issue was intermittent,Investigate system/circuit condition,Check connections; Verify concentrate supply; Run approved conductivity check,Evidence consistent with dialysate mixing/calibration issue,Dialysate mixing/calibration issue,Correct concentrate supply or service calibration,Filter,53,Medium,Resolved,Technician reported reported the issue. No further recurrence observed during the shift.
INC-00045,EQ-VEN-003,Ventilator,MedAir,V-800,ICU,2024-01-08,Airway pressure repeatedly above expected range,AP-217,During patient monitoring,Pressure/volume observation: 28 cmH2O peak pressure,Alarm cleared temporarily after restart,Possible blocked expiratory filter,Verify pressure settings; Inspect expiratory filter,Blocked expiratory filter; no additional abnormality found during basic visual inspection,Blocked expiratory filter,Replace blocked expiratory filter,Battery,63,Medium,Resolved,Alarm was noted reported the issue. Unit returned to service after verification.
INC-00732,EQ-DIA-050,Dialysis Machine,DialyTech,DT-500,ICU,2024-04-20,Pressure changes after line repositioning,AR-221,Routine operation,Pressure/conductivity reading outside configured range,No visible external damage noted,Possible blood-line restriction or access issue,Verify clamps; Check access connection; Follow clinical escalation procedure,Blood-line restriction or access issue,Blood-line restriction or access issue,Correct line restriction and escalate clinical issue as required,Affected tubing/component,64,Medium,Resolved,Operator reported reported the issue. Condition was monitored after corrective action.
INC-00313,EQ-ECG-022,ECG Machine,CardioLab,ECG-12,Emergency,2024-04-11,Printer does not advance paper,PF-208,Routine operation,Signal amplitude reduced intermittently,No visible external damage noted,Possible paper-feed mechanism obstruction,Inspect feed path; Check paper alignment; Remove obstruction,Paper-feed mechanism obstruction; no additional abnormality found during basic visual inspection,Paper-feed mechanism obstruction,Reload paper or service feed mechanism,Battery,32,Medium,Resolved,Alarm was noted reported the issue. No further recurrence observed during the shift.
INC-00210,EQ-PAT-015,Patient Monitor,Cliniview,CV-900,Emergency,2025-09-19,NIBP error occurs intermittently,NB-207,Immediately after startup,Signal quality fluctuated between acceptable and poor,Alarm cleared temporarily after restart,Suspected component issue,Check cuff placement; Inspect tubing; Verify cuff size,Incorrect cuff size or cuff placement,Incorrect cuff size or cuff placement,Use correct cuff and reconnect tubing,Electrodes,180,Medium,Resolved,Technician reported reported the issue. Condition was monitored after corrective action.
INC-00358,EQ-ECG-025,ECG Machine,CardioLab,ECG-12,General Ward,2024-06-04,Printer does not advance paper,PF-208,During patient monitoring,Signal amplitude reduced intermittently,,Investigate system/circuit condition,Check paper alignment; Inspect feed path; Remove obstruction,Paper-feed mechanism obstruction; no additional abnormality found during basic visual inspection,Paper-feed mechanism obstruction,Reload paper or service feed mechanism,Service part,7,Medium,Resolved,Operator reported reported the issue. Unit returned to service after verification.
INC-00142,EQ-INF-010,Infusion Pump,MediFlow,IF-700,General Ward,2024-08-16,Pressure rises after infusion starts,OC-201,After repeated operation cycles,Observed rate approximately 59% of configured rate,Alarm cleared temporarily after restart,Investigate system/circuit condition,Inspect catheter connection; Check clamps,Downstream tubing obstruction,Downstream tubing obstruction,Clear obstruction or replace affected line,Sensor,161,Medium,Resolved,Operator reported reported the issue. Unit returned to service after verification.
INC-00831,EQ-SUC-057,Suction Machine,SuctionPro,SP-200,ICU,2025-11-09,Vacuum does not reach set level,VC-102,Immediately after startup,Vacuum measured approximately 36% below target,,Suspected component issue,Inspect tubing; Inspect connectors; Perform leak check; Check collection jar seal,Evidence consistent with leak in tubing or collection system,Leak in tubing or collection system,Replace leaking tubing/seal,Sensor,120,Critical,Resolved,Operator reported reported the issue. No further recurrence observed during the shift.
INC-00295,EQ-PAT-021,Patient Monitor,VitalSys,PM-300,Emergency,2024-06-28,NIBP error occurs intermittently,NB-207,Routine operation,Signal quality fluctuated between acceptable and poor,Alarm cleared temporarily after restart,Investigate system/circuit condition,Check cuff placement; Inspect tubing; Verify cuff size; Repeat measurement,Incorrect cuff size or cuff placement,Incorrect cuff size or cuff placement,Use correct cuff and reconnect tubing,Sensor,73,Critical,Resolved,Unit was flagged for reported the issue. Condition was monitored after corrective action.
INC-00261,EQ-PAT-018,Patient Monitor,VitalSys,PM-300,General Ward,2024-04-05,Touchscreen becomes unresponsive,DS-401,After repeated operation cycles,Signal quality fluctuated between acceptable and poor,Issue reproduced during verification,Suspected component issue,Restart according to service procedure; Review event log; Run system diagnostics,Software/process instability; no additional abnormality found during basic visual inspection,Software/process instability,Restart and escalate for service if recurrence persists,Service part,88,Medium,Resolved,Technician reported reported the issue. Unit returned to service after verification.
INC-00594,EQ-X-R-042,X-ray Machine,MedRay,MX-900,Radiology,2026-08-14,Interlock indicator remains active,XR-102,During patient monitoring,Exposure/image index outside expected range,Issue reproduced during verification,Possible interlock condition not satisfied,Verify system ready state; Review displayed fault code,Evidence consistent with interlock condition not satisfied,Interlock condition not satisfied,Resolve interlock condition before exposure,Sensor,17,High,Resolved after escalation,Alarm was noted reported the issue. Condition was monitored after corrective action.
INC-00884,EQ-SUC-061,Suction Machine,SuctionPro,SP-200,ICU,2024-09-28,Flow appears restricted,SU-214,After repeated operation cycles,Vacuum measured approximately 59% below target,,Suspected component issue,Clear approved obstruction; Inspect collection jar; Check filter,Blocked suction filter or tubing,Blocked suction filter or tubing,Replace blocked filter or tubing,Battery,28,High,Resolved,Operator reported reported the issue. Condition was monitored after corrective action.
INC-00327,EQ-ECG-023,ECG Machine,HeartTrace,H-300,Cardiology,2025-03-08,Lead-off indicator remains active,LD-112,After repeated operation cycles,Signal amplitude reduced intermittently,Issue was intermittent,Investigate system/circuit condition,Test cable continuity; Inspect connector,Broken or disconnected lead wire,Broken or disconnected lead wire,Reconnect or replace affected lead,Service part,10,Medium,Resolved,Technician reported reported the issue. Condition was monitored after corrective action.
INC-00920,EQ-SUC-063,Suction Machine,SuctionPro,SP-200,Emergency,2026-04-15,Pump runs continuously,VC-102,Immediately after startup,Vacuum measured approximately 23% below target,No visible external damage noted,Suspected component issue,Check collection jar seal; Inspect tubing; Inspect connectors,Leak in tubing or collection system; no additional abnormality found during basic visual inspection,Leak in tubing or collection system,Replace leaking tubing/seal,Battery,7,Medium,Resolved,Operator reported reported the issue. Condition was monitored after corrective action.
INC-00871,EQ-SUC-060,Suction Machine,CareVac,CV-100,Emergency,2024-04-14,Flow appears restricted,SU-214,Routine operation,Vacuum measured approximately 26% below target,Alarm cleared temporarily after restart,Suspected component issue,Inspect collection jar; Inspect tubing; Clear approved obstruction; Check filter,Blocked suction filter or tubing,Blocked suction filter or tubing,Replace blocked filter or tubing,Service part,87,Medium,Resolved,Staff observed reported the issue. Condition was monitored after corrective action.
INC-00866,EQ-SUC-060,Suction Machine,CareVac,CV-100,Emergency,2024-12-06,Motor sounds normal but suction is reduced,,During patient monitoring,Vacuum measured approximately 38% below target,Issue reproduced during verification,Possible blocked suction filter or tubing,Check filter; Inspect tubing; Inspect collection jar,Blocked suction filter or tubing; no additional abnormality found during basic visual inspection,Blocked suction filter or tubing,Replace blocked filter or tubing,None,9,Critical,Resolved,Staff observed reported the issue. Condition was monitored after corrective action.
INC-00802,EQ-DIA-055,Dialysis Machine,RenalCare,DX-700,Dialysis Unit,2026-01-12,Alarm occurs during preparation,CO-115,Routine operation,Pressure/conductivity reading outside configured range,Issue reproduced during verification,Possible dialysate mixing/calibration issue,Verify concentrate supply; Run approved conductivity check,Evidence consistent with dialysate mixing/calibration issue,Dialysate mixing/calibration issue,Correct concentrate supply or service calibration,Service part,95,High,Resolved,Operator reported reported the issue. Condition was monitored after corrective action.
INC-00281,EQ-PAT-020,Patient Monitor,Cliniview,CV-900,ICU,2025-12-13,Intermittent artifact on ECG trace,EC-118,During continuous clinical use,Signal quality fluctuated between acceptable and poor,Issue was intermittent,Possible loose or degraded ecg electrode connection,Check electrode adhesion; Replace degraded electrodes,Loose or degraded ECG electrode connection; no additional abnormality found during basic visual inspection,Loose or degraded ECG electrode connection,Replace electrodes or affected lead,Electrodes,66,Low,Resolved,Technician reported reported the issue. Condition was monitored after corrective action.
INC-00061,EQ-VEN-004,Ventilator,RespiraTech,RV-500,ICU,2026-06-05,Delivered volume exceeds configured target,TV-331,During patient monitoring,Pressure/volume observation: 36 cmH2O peak pressure,Issue reproduced during verification,Possible incorrect ventilator settings,Run device self-test; Check pressure support; Verify mode and tidal-volume setting,Incorrect ventilator settings; no additional abnormality found during basic visual inspection,Incorrect ventilator settings,Correct configuration and repeat verification,Service part,137,High,Resolved,Technician reported reported the issue. No further recurrence observed during the shift.
INC-00137,EQ-INF-010,Infusion Pump,MediFlow,IF-700,General Ward,2025-04-01,Small air bubble visible in tubing,AI-115,After repeated operation cycles,Observed rate approximately 37% of configured rate,Alarm cleared temporarily after restart,Possible air detected in infusion line,Prime tubing according to procedure; Inspect line and connections,Air detected in infusion line,Air detected in infusion line,Remove air and prime/reseat tubing,Affected tubing/component,112,High,Resolved,Operator reported reported the issue. Additional functional testing passed.
INC-00766,EQ-DIA-052,Dialysis Machine,RenalCare,DX-700,ICU,2024-07-02,Pressure changes after line repositioning,AR-221,During patient monitoring,Pressure/conductivity reading outside configured range,,Possible blood-line restriction or access issue,Verify clamps; Inspect blood line for kinks; Check access connection,Evidence consistent with blood-line restriction or access issue,Blood-line restriction or access issue,Correct line restriction and escalate clinical issue as required,Service part,28,High,Resolved,Unit was flagged for reported the issue. Additional functional testing passed.
INC-00671,EQ-BLO-046,Blood Analyzer,LabCore,BA-400,Pathology,2025-02-23,Control value exceeds laboratory target,QC-301,During continuous clinical use,QC deviation approximately 1.6%,No visible external damage noted,Investigate system/circuit condition,Check reagent lot and expiry; Run calibration,Evidence consistent with reagent deterioration or calibration drift,Reagent deterioration or calibration drift,Replace compromised reagent or recalibrate,None,149,Critical,Resolved,Unit was flagged for reported the issue. Unit returned to service after verification.
INC-00452,EQ-DEF-032,Defibrillator,RescueMed,D-500,ICU,2024-09-12,Startup self-test reports failure,ST-501,During continuous clinical use,Charge performance outside expected service range,Alarm cleared temporarily after restart,Investigate system/circuit condition,Review service documentation; Record error code,Evidence consistent with internal diagnostic fault,Internal diagnostic fault,Remove from service and escalate to qualified service personnel,Affected tubing/component,156,Medium,Resolved,Staff observed reported the issue. Additional functional testing passed.
INC-00067,EQ-VEN-005,Ventilator,MedAir,V-800,NICU,2025-06-22,Paw alarm triggered during ventilation,AP-217,Routine operation,Pressure/volume observation: 41 cmH2O peak pressure,Alarm cleared temporarily after restart,Suspected component issue,Inspect expiratory filter; Inspect patient connection; Verify pressure settings; Inspect breathing circuit for kinks/obstruction,Blocked expiratory filter,Blocked expiratory filter,Replace blocked expiratory filter,Filter,133,Medium,Monitoring,Technician reported reported the issue. Unit returned to service after verification.
INC-00335,EQ-ECG-024,ECG Machine,CardioLab,ECG-12,General Ward,2025-09-06,Paper feed motor sounds abnormal,PF-208,After repeated operation cycles,Signal amplitude reduced intermittently,Alarm cleared temporarily after restart,Suspected component issue,Check paper alignment; Remove obstruction; Inspect feed path,Paper-feed mechanism obstruction,Paper-feed mechanism obstruction,Reload paper or service feed mechanism,Affected tubing/component,73,Critical,Resolved,Unit was flagged for reported the issue. No further recurrence observed during the shift.
INC-00500,EQ-DEF-035,Defibrillator,RescueMed,D-500,Emergency,2024-08-08,Charge time exceeds expected range,CH-410,Immediately after startup,Charge performance outside expected service range,Issue was intermittent,Suspected component issue,Run charge test; Check battery status; Inspect charging indicators; Connect to approved power source,Battery or charging circuit issue,Battery or charging circuit issue,Remove from clinical use and service charging system if fault persists,Sensor,159,Medium,Resolved,Staff observed reported the issue. Unit returned to service after verification.
INC-00228,EQ-PAT-016,Patient Monitor,VitalSys,PM-300,ICU,2024-02-20,Display stops updating temporarily,DS-401,During patient monitoring,Signal quality fluctuated between acceptable and poor,No visible external damage noted,Suspected component issue,Check power supply; Restart according to service procedure; Review event log; Run system diagnostics,Software/process instability,Software/process instability,Restart and escalate for service if recurrence persists,Service part,19,Critical,Resolved after escalation,Alarm was noted reported the issue. Unit returned to service after verification.
INC-00232,EQ-PAT-016,Patient Monitor,VitalSys,PM-300,ICU,2024-06-08,Saturation value drops without corresponding clinical change,SP-221,Routine operation,Signal quality fluctuated between acceptable and poor,,Suspected component issue,Check cable and connector; Try known-good sensor; Inspect sensor placement; Check signal quality,Damaged or poorly positioned SpO2 sensor,Damaged or poorly positioned SpO2 sensor,Reposition or replace SpO2 sensor,Service part,128,Medium,Resolved,Operator reported reported the issue. Unit returned to service after verification.
INC-00425,EQ-DEF-029,Defibrillator,PulseGuard,PG-700,Cardiology,2025-02-13,Device stops charging before target energy,,During patient monitoring,Charge performance outside expected service range,Issue reproduced during verification,Investigate system/circuit condition,Connect to approved power source; Run charge test,Evidence consistent with battery or charging circuit issue,Battery or charging circuit issue,Remove from clinical use and service charging system if fault persists,Electrodes,134,High,Resolved,Unit was flagged for reported the issue. Unit returned to service after verification.
INC-00240,EQ-PAT-017,Patient Monitor,VitalSys,PM-300,Emergency,2024-12-21,Baseline wanders,EC-118,Immediately after startup,Signal quality fluctuated between acceptable and poor,Alarm cleared temporarily after restart,Possible loose or degraded ecg electrode connection,Replace degraded electrodes; Check electrode adhesion; Verify grounding; Inspect lead wires,Evidence consistent with loose or degraded ecg electrode connection,Loose or degraded ECG electrode connection,Replace electrodes or affected lead,Filter,173,Medium,Resolved,Unit was flagged for reported the issue. Additional functional testing passed.
INC-00488,EQ-DEF-034,Defibrillator,PulseGuard,PG-700,Cardiology,2025-10-26,Service indicator appears,,Immediately after startup,Charge performance outside expected service range,No visible external damage noted,Possible internal diagnostic fault,Repeat approved self-test; Review service documentation; Record error code,Evidence consistent with internal diagnostic fault,Internal diagnostic fault,Remove from service and escalate to qualified service personnel,Electrodes,157,Medium,Resolved,Unit was flagged for reported the issue. No further recurrence observed during the shift.
INC-00219,EQ-PAT-016,Patient Monitor,VitalSys,PM-300,ICU,2025-06-13,Signal quality indicator fluctuates,SP-221,During continuous clinical use,Signal quality fluctuated between acceptable and poor,Issue was intermittent,Suspected component issue,Check signal quality; Try known-good sensor,Damaged or poorly positioned SpO2 sensor; no additional abnormality found during basic visual inspection,Damaged or poorly positioned SpO2 sensor,Reposition or replace SpO2 sensor,Filter,74,Medium,Resolved,Unit was flagged for reported the issue. Additional functional testing passed.
INC-00267,EQ-PAT-019,Patient Monitor,Cliniview,CV-900,Emergency,2025-03-21,Display stops updating temporarily,DS-401,Immediately after startup,Signal quality fluctuated between acceptable and poor,Alarm cleared temporarily after restart,Possible software/process instability,Restart according to service procedure; Check power supply; Review event log,Software/process instability,Software/process instability,Restart and escalate for service if recurrence persists,None,170,High,Resolved,Unit was flagged for reported the issue. No further recurrence observed during the shift.
INC-00544,EQ-X-R-039,X-ray Machine,MedRay,MX-900,Radiology,2025-10-07,Exposure command ignored,XR-102,After repeated operation cycles,Exposure/image index outside expected range,Alarm cleared temporarily after restart,Investigate system/circuit condition,Check door/interlock status; Review displayed fault code; Verify system ready state,Interlock condition not satisfied,Interlock condition not satisfied,Resolve interlock condition before exposure,Battery,71,Medium,Monitoring,Technician reported reported the issue. Condition was monitored after corrective action.
INC-00307,EQ-ECG-022,ECG Machine,CardioLab,ECG-12,Emergency,2026-05-15,One channel is flat,LD-112,Immediately after startup,Signal amplitude reduced intermittently,Issue was intermittent,Possible broken or disconnected lead wire,Inspect connector; Test cable continuity; Swap lead,Broken or disconnected lead wire; no additional abnormality found during basic visual inspection,Broken or disconnected lead wire,Reconnect or replace affected lead,None,79,Medium,Resolved,Technician reported reported the issue. Additional functional testing passed.
INC-00140,EQ-INF-010,Infusion Pump,MediFlow,IF-700,General Ward,2026-05-06,Occlusion alarm occurs repeatedly,OC-201,During continuous clinical use,Observed rate approximately 69% of configured rate,No visible external damage noted,Investigate system/circuit condition,Check downstream line; Inspect catheter connection; Replace obstructed tubing,Downstream tubing obstruction,Downstream tubing obstruction,Clear obstruction or replace affected line,Service part,38,Low,Resolved,Staff observed reported the issue. Condition was monitored after corrective action.
INC-00599,EQ-X-R-042,X-ray Machine,MedRay,MX-900,Radiology,2025-09-05,Exposure index below expected range,IM-214,Immediately after startup,Exposure/image index outside expected range,,Suspected component issue,Review exposure index; Check detector status; Verify kVp/mAs settings,Evidence consistent with incorrect exposure settings or detector issue,Incorrect exposure settings or detector issue,Correct exposure parameters or service detector,Filter,147,Medium,Resolved,Alarm was noted reported the issue. Condition was monitored after corrective action.
INC-00918,EQ-SUC-063,Suction Machine,SuctionPro,SP-200,Emergency,2025-12-02,Motor sounds normal but suction is reduced,SU-214,Immediately after startup,Vacuum measured approximately 38% below target,Alarm cleared temporarily after restart,Suspected component issue,Check filter; Clear approved obstruction; Inspect tubing; Inspect collection jar,Blocked suction filter or tubing,Blocked suction filter or tubing,Replace blocked filter or tubing,Electrodes,20,Critical,Resolved,Alarm was noted reported the issue. No further recurrence observed during the shift.
INC-00077,EQ-VEN-006,Ventilator,RespiraTech,RV-500,ICU,2025-07-28,Airway pressure repeatedly above expected range,AP-217,After repeated operation cycles,Pressure/volume observation: 35 cmH2O peak pressure,Issue reproduced during verification,Investigate system/circuit condition,Inspect expiratory filter; Verify pressure settings; Inspect breathing circuit for kinks/obstruction,Blocked expiratory filter; no additional abnormality found during basic visual inspection,Blocked expiratory filter,Replace blocked expiratory filter,Affected tubing/component,68,Critical,Resolved,Alarm was noted reported the issue. Additional functional testing passed.
INC-00211,EQ-PAT-015,Patient Monitor,Cliniview,CV-900,Emergency,2025-03-18,Noise increases with movement,EC-118,During patient monitoring,Signal quality fluctuated between acceptable and poor,Issue was intermittent,Investigate system/circuit condition,Replace degraded electrodes; Inspect lead wires; Verify grounding; Check electrode adhesion,Loose or degraded ECG electrode connection; no additional abnormality found during basic visual inspection,Loose or degraded ECG electrode connection,Replace electrodes or affected lead,Electrodes,150,High,Resolved,Technician reported reported the issue. Additional functional testing passed.
INC-00169,EQ-INF-012,Infusion Pump,MediFlow,IF-700,ICU,2026-05-05,Runtime is shorter than expected,BT-310,During continuous clinical use,Observed rate approximately 79% of configured rate,No visible external damage noted,Possible battery degradation,Verify charging cycle; Inspect power connector,Evidence consistent with battery degradation,Battery degradation,Replace battery if capacity is below service threshold,Service part,150,High,Resolved,Staff observed reported the issue. No further recurrence observed during the shift.
INC-00175,EQ-INF-013,Infusion Pump,InfuCare,IP-500,General Ward,2025-11-05,Runtime is shorter than expected,BT-310,During patient monitoring,Observed rate approximately 43% of configured rate,,Suspected component issue,Inspect power connector; Check battery health,Evidence consistent with battery degradation,Battery degradation,Replace battery if capacity is below service threshold,Battery,37,High,Resolved,Operator reported reported the issue. Condition was monitored after corrective action.
INC-00214,EQ-PAT-015,Patient Monitor,Cliniview,CV-900,Emergency,2025-10-30,NIBP error occurs intermittently,NB-207,Immediately after startup,Signal quality fluctuated between acceptable and poor,,Investigate system/circuit condition,Repeat measurement; Verify cuff size; Inspect tubing,Incorrect cuff size or cuff placement; no additional abnormality found during basic visual inspection,Incorrect cuff size or cuff placement,Use correct cuff and reconnect tubing,Service part,10,High,Resolved,Staff observed reported the issue. Condition was monitored after corrective action.
INC-00389,EQ-ECG-027,ECG Machine,HeartTrace,H-300,Cardiology,2024-07-01,One channel is flat,LD-112,During patient monitoring,Signal amplitude reduced intermittently,No visible external damage noted,Suspected component issue,Inspect connector; Test cable continuity,Broken or disconnected lead wire,Broken or disconnected lead wire,Reconnect or replace affected lead,Affected tubing/component,99,Low,Resolved after escalation,Staff observed reported the issue. No further recurrence observed during the shift.
INC-00908,EQ-SUC-063,Suction Machine,SuctionPro,SP-200,Emergency,2026-04-02,Pump runs continuously,VC-102,After repeated operation cycles,Vacuum measured approximately 24% below target,Issue was intermittent,Possible leak in tubing or collection system,Inspect tubing; Perform leak check,Evidence consistent with leak in tubing or collection system,Leak in tubing or collection system,Replace leaking tubing/seal,Filter,96,Medium,Resolved,Operator reported reported the issue. Additional functional testing passed.
INC-00352,EQ-ECG-025,ECG Machine,CardioLab,ECG-12,General Ward,2025-06-24,Baseline slowly shifts,EC-301,During patient monitoring,Signal amplitude reduced intermittently,No visible external damage noted,Suspected component issue,Replace electrodes; Inspect lead connections; Check skin preparation,Poor electrode contact,Poor electrode contact,Improve electrode contact and repeat ECG,Affected tubing/component,78,Medium,Resolved,Unit was flagged for reported the issue. Condition was monitored after corrective action.
INC-00761,EQ-DIA-052,Dialysis Machine,RenalCare,DX-700,ICU,2025-05-09,Arterial pressure more negative than expected,AR-221,After repeated operation cycles,Pressure/conductivity reading outside configured range,Issue reproduced during verification,Investigate system/circuit condition,Check access connection; Follow clinical escalation procedure; Inspect blood line for kinks,Evidence consistent with blood-line restriction or access issue,Blood-line restriction or access issue,Correct line restriction and escalate clinical issue as required,Filter,156,High,Resolved,Operator reported reported the issue. No further recurrence observed during the shift.
INC-00306,EQ-PAT-021,Patient Monitor,VitalSys,PM-300,Emergency,2025-10-17,SpO2 value briefly falls and recovers,,During continuous clinical use,Signal quality fluctuated between acceptable and poor,No visible external damage noted,Possible damaged or poorly positioned spo2 sensor,Check signal quality; Inspect sensor placement; Check cable and connector,Damaged or poorly positioned SpO2 sensor; no additional abnormality found during basic visual inspection,Damaged or poorly positioned SpO2 sensor,Reposition or replace SpO2 sensor,Electrodes,128,Medium,Resolved,Alarm was noted reported the issue. No further recurrence observed during the shift.
INC-00576,EQ-X-R-040,X-ray Machine,Radiant Imaging,XR-500,Radiology,2025-05-16,System requests cooling period,TH-330,Immediately after startup,Exposure/image index outside expected range,Alarm cleared temporarily after restart,Investigate system/circuit condition,Check cooling system; Allow manufacturer-specified cooling period; Review exposure history,Evidence consistent with high accumulated tube load,High accumulated tube load,Allow cooling and escalate if warning persists unexpectedly,Electrodes,148,Medium,Resolved after escalation,Staff observed reported the issue. No further recurrence observed during the shift.
INC-00317,EQ-ECG-022,ECG Machine,CardioLab,ECG-12,Emergency,2024-12-30,Paper feed motor sounds abnormal,PF-208,During patient monitoring,Signal amplitude reduced intermittently,No visible external damage noted,Possible paper-feed mechanism obstruction,Inspect feed path; Remove obstruction; Check paper alignment,Paper-feed mechanism obstruction; no additional abnormality found during basic visual inspection,Paper-feed mechanism obstruction,Reload paper or service feed mechanism,Battery,39,High,Resolved,Technician reported reported the issue. Unit returned to service after verification.
INC-00216,EQ-PAT-015,Patient Monitor,Cliniview,CV-900,Emergency,2026-05-08,Noise increases with movement,EC-118,After repeated operation cycles,Signal quality fluctuated between acceptable and poor,Issue reproduced during verification,Investigate system/circuit condition,Inspect lead wires; Replace degraded electrodes; Check electrode adhesion,Loose or degraded ECG electrode connection; no additional abnormality found during basic visual inspection,Loose or degraded ECG electrode connection,Replace electrodes or affected lead,Electrodes,157,High,Resolved,Operator reported reported the issue. No further recurrence observed during the shift.
INC-00829,EQ-SUC-057,Suction Machine,SuctionPro,SP-200,ICU,2025-01-20,Motor sounds normal but suction is reduced,SU-214,During continuous clinical use,Vacuum measured approximately 30% below target,No visible external damage noted,Suspected component issue,Inspect collection jar; Inspect tubing; Check filter; Clear approved obstruction,Blocked suction filter or tubing,Blocked suction filter or tubing,Replace blocked filter or tubing,None,180,Medium,Resolved,Operator reported reported the issue. Additional functional testing passed.
INC-00395,EQ-ECG-027,ECG Machine,HeartTrace,H-300,Cardiology,2024-12-07,Printer does not advance paper,PF-208,Immediately after startup,Signal amplitude reduced intermittently,Issue was intermittent,Investigate system/circuit condition,Remove obstruction; Inspect feed path,Evidence consistent with paper-feed mechanism obstruction,Paper-feed mechanism obstruction,Reload paper or service feed mechanism,None,81,High,Resolved,Alarm was noted reported the issue. No further recurrence observed during the shift.
INC-00266,EQ-PAT-019,Patient Monitor,Cliniview,CV-900,Emergency,2024-03-04,Intermittent artifact on ECG trace,EC-118,Immediately after startup,Signal quality fluctuated between acceptable and poor,No visible external damage noted,Suspected component issue,Inspect lead wires; Verify grounding,Loose or degraded ECG electrode connection,Loose or degraded ECG electrode connection,Replace electrodes or affected lead,Battery,156,High,Resolved,Alarm was noted reported the issue. No further recurrence observed during the shift.
INC-00688,EQ-BLO-047,Blood Analyzer,LabCore,BA-400,Laboratory,2024-10-15,Level reading inconsistent,RG-207,During patient monitoring,QC deviation approximately 1.9%,No visible external damage noted,Investigate system/circuit condition,Reseat reagent container; Verify reagent identification; Inspect sensor,Reagent sensor or container placement issue; no additional abnormality found during basic visual inspection,Reagent sensor or container placement issue,Reseat container or service level sensor,Electrodes,97,Critical,Resolved,Operator reported reported the issue. Unit returned to service after verification.
INC-00821,EQ-DIA-056,Dialysis Machine,DialyTech,DT-500,Dialysis Unit,2024-08-13,Pressure changes after line repositioning,AR-221,During continuous clinical use,Pressure/conductivity reading outside configured range,No visible external damage noted,Investigate system/circuit condition,Check access connection; Verify clamps; Follow clinical escalation procedure,Blood-line restriction or access issue; no additional abnormality found during basic visual inspection,Blood-line restriction or access issue,Correct line restriction and escalate clinical issue as required,Service part,110,Medium,Resolved,Operator reported reported the issue. Additional functional testing passed.
INC-00603,EQ-X-R-042,X-ray Machine,MedRay,MX-900,Radiology,2025-05-21,Interlock indicator remains active,XR-102,Immediately after startup,Exposure/image index outside expected range,No visible external damage noted,Investigate system/circuit condition,Verify system ready state; Check door/interlock status; Review displayed fault code,Interlock condition not satisfied,Interlock condition not satisfied,Resolve interlock condition before exposure,Filter,153,Critical,Resolved,Unit was flagged for reported the issue. No further recurrence observed during the shift.
INC-00382,EQ-ECG-026,ECG Machine,CardioLab,ECG-12,Emergency,2024-03-15,Printer does not advance paper,,Routine operation,Signal amplitude reduced intermittently,Alarm cleared temporarily after restart,Suspected component issue,Check paper alignment; Remove obstruction,Evidence consistent with paper-feed mechanism obstruction,Paper-feed mechanism obstruction,Reload paper or service feed mechanism,Service part,118,Medium,Resolved,Operator reported reported the issue. No further recurrence observed during the shift.
INC-00626,EQ-BLO-044,Blood Analyzer,LabCore,BA-400,Laboratory,2025-10-28,Sample aspiration stops,SA-118,During patient monitoring,QC deviation approximately 2.7%,No visible external damage noted,Suspected component issue,Inspect probe; Run approved cleaning cycle; Check sample volume,Clogged aspiration probe; no additional abnormality found during basic visual inspection,Clogged aspiration probe,Clean probe and repeat aspiration test,None,62,Medium,Resolved,Staff observed reported the issue. Condition was monitored after corrective action.
INC-00690,EQ-BLO-047,Blood Analyzer,LabCore,BA-400,Laboratory,2026-06-08,Probe error appears during run,SA-118,Immediately after startup,QC deviation approximately 2.5%,Alarm cleared temporarily after restart,Investigate system/circuit condition,Run approved cleaning cycle; Check sample volume,Clogged aspiration probe; no additional abnormality found during basic visual inspection,Clogged aspiration probe,Clean probe and repeat aspiration test,None,116,Critical,Resolved,Staff observed reported the issue. Additional functional testing passed.
INC-00339,EQ-ECG-024,ECG Machine,CardioLab,ECG-12,General Ward,2025-12-28,Signal quality poor despite stable patient,EC-301,Immediately after startup,Signal amplitude reduced intermittently,Issue reproduced during verification,Suspected component issue,Replace electrodes; Inspect lead connections; Check skin preparation,Poor electrode contact; no additional abnormality found during basic visual inspection,Poor electrode contact,Improve electrode contact and repeat ECG,Filter,47,Low,Resolved,Unit was flagged for reported the issue. Additional functional testing passed.
INC-00450,EQ-DEF-031,Defibrillator,PulseGuard,PG-700,ICU,2025-03-07,Device stops charging before target energy,,Routine operation,Charge performance outside expected service range,Alarm cleared temporarily after restart,Suspected component issue,Inspect charging indicators; Run charge test; Check battery status; Connect to approved power source,Battery or charging circuit issue; no additional abnormality found during basic visual inspection,Battery or charging circuit issue,Remove from clinical use and service charging system if fault persists,Service part,107,Critical,Resolved,Unit was flagged for reported the issue. Additional functional testing passed.
INC-00079,EQ-VEN-006,Ventilator,RespiraTech,RV-500,ICU,2026-02-04,Calibration warning appears at startup,ST-009,During continuous clinical use,Pressure/volume observation: 45 cmH2O peak pressure,No visible external damage noted,Investigate system/circuit condition,Inspect flow sensor; Run calibration procedure,Flow sensor calibration drift; no additional abnormality found during basic visual inspection,Flow sensor calibration drift,Calibrate or replace flow sensor,Battery,140,Critical,Resolved,Staff observed reported the issue. Unit returned to service after verification.
INC-00199,EQ-INF-014,Infusion Pump,MediFlow,IF-700,Oncology,2024-12-24,Runtime is shorter than expected,BT-310,After repeated operation cycles,Observed rate approximately 62% of configured rate,,Suspected component issue,Check battery health; Inspect power connector; Verify charging cycle,Battery degradation,Battery degradation,Replace battery if capacity is below service threshold,Electrodes,138,Critical,Resolved,Technician reported reported the issue. No further recurrence observed during the shift.
INC-00763,EQ-DIA-052,Dialysis Machine,RenalCare,DX-700,ICU,2025-02-08,Air bubble visible in circuit,AD-204,During patient monitoring,Pressure/conductivity reading outside configured range,No visible external damage noted,Suspected component issue,Stop according to safety procedure; Inspect circuit,Air detected in blood circuit,Air detected in blood circuit,Resolve air detection condition before resuming,Electrodes,144,Critical,Monitoring,Technician reported reported the issue. Condition was monitored after corrective action.
INC-00328,EQ-ECG-023,ECG Machine,HeartTrace,H-300,Cardiology,2026-06-06,Paper feed motor sounds abnormal,PF-208,During continuous clinical use,Signal amplitude reduced intermittently,Issue was intermittent,Possible paper-feed mechanism obstruction,Remove obstruction; Inspect feed path,Evidence consistent with paper-feed mechanism obstruction,Paper-feed mechanism obstruction,Reload paper or service feed mechanism,Filter,28,High,Resolved,Technician reported reported the issue. Condition was monitored after corrective action.
INC-00360,EQ-ECG-025,ECG Machine,CardioLab,ECG-12,General Ward,2025-12-18,Printer does not advance paper,PF-208,Immediately after startup,Signal amplitude reduced intermittently,Alarm cleared temporarily after restart,Possible paper-feed mechanism obstruction,Check paper alignment; Remove obstruction; Inspect feed path,Evidence consistent with paper-feed mechanism obstruction,Paper-feed mechanism obstruction,Reload paper or service feed mechanism,Filter,37,High,Resolved,Operator reported reported the issue. Condition was monitored after corrective action.
INC-00797,EQ-DIA-054,Dialysis Machine,RenalCare,DX-700,Dialysis Unit,2025-10-02,Air detector alarm activates,AD-204,During patient monitoring,Pressure/conductivity reading outside configured range,,Suspected component issue,Follow machine-specific air-removal procedure; Stop according to safety procedure,Air detected in blood circuit; no additional abnormality found during basic visual inspection,Air detected in blood circuit,Resolve air detection condition before resuming,Affected tubing/component,21,High,Resolved,Technician reported reported the issue. Unit returned to service after verification.
INC-00581,EQ-X-R-041,X-ray Machine,Radiant Imaging,XR-500,Radiology,2024-11-14,Exposure command ignored,XR-102,After repeated operation cycles,Exposure/image index outside expected range,Alarm cleared temporarily after restart,Possible interlock condition not satisfied,Check door/interlock status; Review displayed fault code,Interlock condition not satisfied; no additional abnormality found during basic visual inspection,Interlock condition not satisfied,Resolve interlock condition before exposure,Battery,27,High,Resolved,Operator reported reported the issue. Unit returned to service after verification.
INC-00815,EQ-DIA-056,Dialysis Machine,DialyTech,DT-500,Dialysis Unit,2025-02-21,Air detector alarm activates,AD-204,Routine operation,Pressure/conductivity reading outside configured range,Alarm cleared temporarily after restart,Possible air detected in blood circuit,Inspect circuit; Stop according to safety procedure,Evidence consistent with air detected in blood circuit,Air detected in blood circuit,Resolve air detection condition before resuming,Electrodes,160,Medium,Resolved,Operator reported reported the issue. Condition was monitored after corrective action.
INC-00066,EQ-VEN-005,Ventilator,MedAir,V-800,NICU,2026-07-01,Airway pressure alarm repeats,AP-217,Routine operation,Pressure/volume observation: 34 cmH2O peak pressure,Issue was intermittent,Possible blocked expiratory filter,Verify pressure settings; Inspect patient connection,Blocked expiratory filter,Blocked expiratory filter,Replace blocked expiratory filter,Sensor,146,High,Resolved,Unit was flagged for reported the issue. Additional functional testing passed.
INC-00849,EQ-SUC-058,Suction Machine,CareVac,CV-100,General Ward,2026-03-17,Pump runs continuously,,Immediately after startup,Vacuum measured approximately 57% below target,Issue was intermittent,Possible leak in tubing or collection system,Check collection jar seal; Inspect connectors,Leak in tubing or collection system,Leak in tubing or collection system,Replace leaking tubing/seal,Filter,48,Critical,Monitoring,Unit was flagged for reported the issue. Condition was monitored after corrective action.
INC-00898,EQ-SUC-062,Suction Machine,SuctionPro,SP-200,Emergency,2024-09-17,Flow appears restricted,SU-214,Immediately after startup,Vacuum measured approximately 23% below target,No visible external damage noted,Suspected component issue,Check filter; Clear approved obstruction; Inspect tubing; Inspect collection jar,Evidence consistent with blocked suction filter or tubing,Blocked suction filter or tubing,Replace blocked filter or tubing,Battery,180,Medium,Resolved,Alarm was noted reported the issue. Additional functional testing passed.
INC-00614,EQ-BLO-043,Blood Analyzer,HemaTech,HA-600,Pathology,2024-06-30,QC failure repeats on same assay,QC-301,Routine operation,QC deviation approximately 3.2%,Issue was intermittent,Investigate system/circuit condition,Check reagent lot and expiry; Repeat control; Inspect QC history,Reagent deterioration or calibration drift,Reagent deterioration or calibration drift,Replace compromised reagent or recalibrate,Affected tubing/component,154,High,Resolved,Unit was flagged for reported the issue. No further recurrence observed during the shift.
INC-00833,EQ-SUC-057,Suction Machine,SuctionPro,SP-200,ICU,2025-07-08,Flow appears restricted,SU-214,During continuous clinical use,Vacuum measured approximately 47% below target,Issue reproduced during verification,Investigate system/circuit condition,Check filter; Clear approved obstruction; Inspect tubing; Inspect collection jar,Evidence consistent with blocked suction filter or tubing,Blocked suction filter or tubing,Replace blocked filter or tubing,Battery,139,Medium,Resolved,Staff observed reported the issue. Additional functional testing passed.
INC-00507,EQ-DEF-035,Defibrillator,RescueMed,D-500,Emergency,2024-03-02,Device stops charging before target energy,CH-410,During continuous clinical use,Charge performance outside expected service range,,Investigate system/circuit condition,Run charge test; Connect to approved power source; Inspect charging indicators; Check battery status,Battery or charging circuit issue; no additional abnormality found during basic visual inspection,Battery or charging circuit issue,Remove from clinical use and service charging system if fault persists,Service part,134,Medium,Resolved,Staff observed reported the issue. Additional functional testing passed.
INC-00850,EQ-SUC-058,Suction Machine,CareVac,CV-100,General Ward,2024-08-29,Pump runs continuously,,After repeated operation cycles,Vacuum measured approximately 40% below target,,Possible leak in tubing or collection system,Inspect connectors; Check collection jar seal; Perform leak check,Evidence consistent with leak in tubing or collection system,Leak in tubing or collection system,Replace leaking tubing/seal,None,130,Medium,Resolved,Unit was flagged for reported the issue. No further recurrence observed during the shift.
INC-00741,EQ-DIA-051,Dialysis Machine,RenalCare,DX-700,Dialysis Unit,2026-05-25,Pressure changes after line repositioning,AR-221,During continuous clinical use,Pressure/conductivity reading outside configured range,Issue was intermittent,Possible blood-line restriction or access issue,Check access connection; Inspect blood line for kinks; Verify clamps,Evidence consistent with blood-line restriction or access issue,Blood-line restriction or access issue,Correct line restriction and escalate clinical issue as required,Service part,160,High,Resolved after escalation,Operator reported reported the issue. Condition was monitored after corrective action.
INC-00050,EQ-VEN-004,Ventilator,RespiraTech,RV-500,ICU,2025-04-06,Minute volume below configured value,MV-104,Routine operation,Pressure/volume observation: 21 cmH2O peak pressure,Issue was intermittent,Investigate system/circuit condition,Verify cuff/circuit integrity; Perform leak test; Check circuit connections,Evidence consistent with circuit leak,Circuit leak,Repair or replace leaking circuit component,Sensor,100,Medium,Monitoring,Unit was flagged for reported the issue. No further recurrence observed during the shift.
INC-00670,EQ-BLO-046,Blood Analyzer,LabCore,BA-400,Pathology,2025-02-04,Control value exceeds laboratory target,QC-301,Immediately after startup,QC deviation approximately 7.7%,Alarm cleared temporarily after restart,Possible reagent deterioration or calibration drift,Check reagent lot and expiry; Repeat control; Run calibration,Reagent deterioration or calibration drift,Reagent deterioration or calibration drift,Replace compromised reagent or recalibrate,Electrodes,46,Medium,Resolved,Alarm was noted reported the issue. Unit returned to service after verification.
INC-00747,EQ-DIA-051,Dialysis Machine,RenalCare,DX-700,Dialysis Unit,2024-01-25,Air bubble visible in circuit,AD-204,Immediately after startup,Pressure/conductivity reading outside configured range,No visible external damage noted,Investigate system/circuit condition,Inspect circuit; Follow machine-specific air-removal procedure,Air detected in blood circuit; no additional abnormality found during basic visual inspection,Air detected in blood circuit,Resolve air detection condition before resuming,Filter,136,Medium,Resolved,Operator reported reported the issue. Unit returned to service after verification.
INC-00697,EQ-BLO-048,Blood Analyzer,HemaTech,HA-600,Pathology,2025-03-09,QC failure repeats on same assay,QC-301,During patient monitoring,QC deviation approximately 3.2%,No visible external damage noted,Suspected component issue,Run calibration; Repeat control; Inspect QC history,Reagent deterioration or calibration drift; no additional abnormality found during basic visual inspection,Reagent deterioration or calibration drift,Replace compromised reagent or recalibrate,Electrodes,45,Low,Resolved,Alarm was noted reported the issue. Unit returned to service after verification.
INC-00287,EQ-PAT-020,Patient Monitor,Cliniview,CV-900,ICU,2026-06-02,Saturation value drops without corresponding clinical change,SP-221,Routine operation,Signal quality fluctuated between acceptable and poor,Issue was intermittent,Investigate system/circuit condition,Check signal quality; Inspect sensor placement; Try known-good sensor,Evidence consistent with damaged or poorly positioned spo2 sensor,Damaged or poorly positioned SpO2 sensor,Reposition or replace SpO2 sensor,Battery,16,Medium,Resolved,Alarm was noted reported the issue. Condition was monitored after corrective action.
INC-00917,EQ-SUC-063,Suction Machine,SuctionPro,SP-200,Emergency,2024-10-12,Pump runs continuously,VC-102,During continuous clinical use,Vacuum measured approximately 25% below target,Alarm cleared temporarily after restart,Possible leak in tubing or collection system,Inspect tubing; Perform leak check; Inspect connectors,Evidence consistent with leak in tubing or collection system,Leak in tubing or collection system,Replace leaking tubing/seal,None,71,High,Resolved,Staff observed reported the issue. Condition was monitored after corrective action.
INC-00310,EQ-ECG-022,ECG Machine,CardioLab,ECG-12,Emergency,2025-12-08,Lead-off indicator remains active,LD-112,Immediately after startup,Signal amplitude reduced intermittently,No visible external damage noted,Investigate system/circuit condition,Swap lead; Test cable continuity,Evidence consistent with broken or disconnected lead wire,Broken or disconnected lead wire,Reconnect or replace affected lead,Service part,41,High,Resolved,Alarm was noted reported the issue. Additional functional testing passed.
INC-00820,EQ-DIA-056,Dialysis Machine,DialyTech,DT-500,Dialysis Unit,2025-06-24,Pressure changes after line repositioning,AR-221,Immediately after startup,Pressure/conductivity reading outside configured range,No visible external damage noted,Suspected component issue,Check access connection; Verify clamps; Inspect blood line for kinks,Blood-line restriction or access issue; no additional abnormality found during basic visual inspection,Blood-line restriction or access issue,Correct line restriction and escalate clinical issue as required,Service part,154,High,Monitoring,Unit was flagged for reported the issue. Additional functional testing passed.
INC-00034,EQ-VEN-003,Ventilator,MedAir,V-800,ICU,2026-07-20,Airway pressure alarm repeats,AP-217,During patient monitoring,Pressure/volume observation: 34 cmH2O peak pressure,No visible external damage noted,Possible blocked expiratory filter,Inspect breathing circuit for kinks/obstruction; Verify pressure settings,Blocked expiratory filter,Blocked expiratory filter,Replace blocked expiratory filter,Filter,99,Critical,Resolved,Operator reported reported the issue. No further recurrence observed during the shift.
INC-00032,EQ-VEN-003,Ventilator,MedAir,V-800,ICU,2024-05-15,Minute volume below configured value,MV-104,During patient monitoring,Pressure/volume observation: 38 cmH2O peak pressure,Issue reproduced during verification,Investigate system/circuit condition,Check circuit connections; Inspect tubing for cracks; Verify cuff/circuit integrity,Circuit leak,Circuit leak,Repair or replace leaking circuit component,Affected tubing/component,62,Medium,Resolved after escalation,Unit was flagged for reported the issue. Condition was monitored after corrective action.
INC-00876,EQ-SUC-060,Suction Machine,CareVac,CV-100,Emergency,2026-08-14,Vacuum does not reach set level,VC-102,During patient monitoring,Vacuum measured approximately 57% below target,,Investigate system/circuit condition,Perform leak check; Inspect connectors,Leak in tubing or collection system; no additional abnormality found during basic visual inspection,Leak in tubing or collection system,Replace leaking tubing/seal,Service part,105,High,Resolved,Unit was flagged for reported the issue. Unit returned to service after verification.
INC-00423,EQ-DEF-029,Defibrillator,PulseGuard,PG-700,Cardiology,2025-09-10,Pad connection indicator remains inactive,,During patient monitoring,Charge performance outside expected service range,Alarm cleared temporarily after restart,Investigate system/circuit condition,Verify pads are within expiry; Replace pads if necessary,Poor pad connection; no additional abnormality found during basic visual inspection,Poor pad connection,Reconnect or replace pads,Service part,30,High,Resolved,Unit was flagged for reported the issue. Additional functional testing passed.
INC-00528,EQ-X-R-037,X-ray Machine,MedRay,MX-900,Emergency,2025-08-25,Interlock indicator remains active,XR-102,During continuous clinical use,Exposure/image index outside expected range,Issue was intermittent,Possible interlock condition not satisfied,Verify system ready state; Review displayed fault code,Interlock condition not satisfied,Interlock condition not satisfied,Resolve interlock condition before exposure,Sensor,64,Low,Monitoring,Staff observed reported the issue. Unit returned to service after verification.
INC-00879,EQ-SUC-060,Suction Machine,CareVac,CV-100,Emergency,2025-04-08,Pump runs continuously,VC-102,During patient monitoring,Vacuum measured approximately 48% below target,Issue was intermittent,Possible leak in tubing or collection system,Check collection jar seal; Inspect connectors; Perform leak check,Leak in tubing or collection system,Leak in tubing or collection system,Replace leaking tubing/seal,Sensor,143,Medium,Resolved,Technician reported reported the issue. Additional functional testing passed.
INC-00110,EQ-INF-008,Infusion Pump,InfuCare,IP-500,ICU,2024-01-24,Infusion is running slower than the programmed rate,FL-104,During continuous clinical use,Observed rate approximately 76% of configured rate,Issue reproduced during verification,Investigate system/circuit condition,Verify pump calibration; Inspect tubing path; Check clamps and connectors,Evidence consistent with partial occlusion in tubing,Partial occlusion in tubing,Replace obstructed tubing if required,Battery,52,Medium,Resolved,Unit was flagged for reported the issue. No further recurrence observed during the shift.
INC-00078,EQ-VEN-006,Ventilator,RespiraTech,RV-500,ICU,2025-12-22,Tidal volume consistently above set value,,Immediately after startup,Pressure/volume observation: 28 cmH2O peak pressure,Issue reproduced during verification,Possible incorrect ventilator settings,Check pressure support; Run device self-test; Verify mode and tidal-volume setting,Incorrect ventilator settings; no additional abnormality found during basic visual inspection,Incorrect ventilator settings,Correct configuration and repeat verification,Sensor,15,Medium,Resolved,Technician reported reported the issue. Condition was monitored after corrective action.
INC-00596,EQ-X-R-042,X-ray Machine,MedRay,MX-900,Radiology,2025-07-01,Exposure command ignored,XR-102,During patient monitoring,Exposure/image index outside expected range,,Possible interlock condition not satisfied,Check door/interlock status; Review displayed fault code; Verify system ready state,Interlock condition not satisfied; no additional abnormality found during basic visual inspection,Interlock condition not satisfied,Resolve interlock condition before exposure,Sensor,14,Medium,Resolved,Technician reported reported the issue. No further recurrence observed during the shift.
INC-00685,EQ-BLO-047,Blood Analyzer,LabCore,BA-400,Laboratory,2024-02-27,Analyzer reports empty reagent despite available volume,,Routine operation,QC deviation approximately 7.5%,Alarm cleared temporarily after restart,Investigate system/circuit condition,Reseat reagent container; Verify reagent identification,Reagent sensor or container placement issue,Reagent sensor or container placement issue,Reseat container or service level sensor,Battery,25,Low,Resolved,Operator reported reported the issue. Additional functional testing passed.
INC-00083,EQ-VEN-007,Ventilator,RespiraTech,RV-500,Emergency,2025-05-03,Minute volume below configured value,MV-104,Immediately after startup,Pressure/volume observation: 35 cmH2O peak pressure,Issue reproduced during verification,Investigate system/circuit condition,Check circuit connections; Inspect tubing for cracks; Perform leak test; Verify cuff/circuit integrity,Circuit leak; no additional abnormality found during basic visual inspection,Circuit leak,Repair or replace leaking circuit component,None,175,Medium,Resolved,Alarm was noted reported the issue. Additional functional testing passed.
INC-00301,EQ-PAT-021,Patient Monitor,VitalSys,PM-300,Emergency,2024-10-29,Signal quality indicator fluctuates,SP-221,During patient monitoring,Signal quality fluctuated between acceptable and poor,Issue reproduced during verification,Investigate system/circuit condition,Check signal quality; Inspect sensor placement,Evidence consistent with damaged or poorly positioned spo2 sensor,Damaged or poorly positioned SpO2 sensor,Reposition or replace SpO2 sensor,Affected tubing/component,178,Medium,Resolved,Alarm was noted reported the issue. Unit returned to service after verification.
INC-00334,EQ-ECG-023,ECG Machine,HeartTrace,H-300,Cardiology,2024-03-27,One channel is flat,,After repeated operation cycles,Signal amplitude reduced intermittently,,Investigate system/circuit condition,Swap lead; Inspect connector,Evidence consistent with broken or disconnected lead wire,Broken or disconnected lead wire,Reconnect or replace affected lead,Affected tubing/component,72,Medium,Resolved,Staff observed reported the issue. Unit returned to service after verification.
INC-00589,EQ-X-R-041,X-ray Machine,Radiant Imaging,XR-500,Radiology,2024-01-06,System requests cooling period,TH-330,During patient monitoring,Exposure/image index outside expected range,Alarm cleared temporarily after restart,Suspected component issue,Review exposure history; Allow manufacturer-specified cooling period,Evidence consistent with high accumulated tube load,High accumulated tube load,Allow cooling and escalate if warning persists unexpectedly,Affected tubing/component,86,High,Resolved,Staff observed reported the issue. No further recurrence observed during the shift.
INC-00248,EQ-PAT-018,Patient Monitor,VitalSys,PM-300,General Ward,2024-07-02,Baseline wanders,EC-118,During continuous clinical use,Signal quality fluctuated between acceptable and poor,Issue was intermittent,Possible loose or degraded ecg electrode connection,Replace degraded electrodes; Check electrode adhesion; Inspect lead wires; Verify grounding,Loose or degraded ECG electrode connection; no additional abnormality found during basic visual inspection,Loose or degraded ECG electrode connection,Replace electrodes or affected lead,Service part,132,High,Resolved,Technician reported reported the issue. No further recurrence observed during the shift.
INC-00463,EQ-DEF-032,Defibrillator,RescueMed,D-500,ICU,2026-01-16,Service indicator appears,ST-501,After repeated operation cycles,Charge performance outside expected service range,Issue was intermittent,Possible internal diagnostic fault,Record error code; Repeat approved self-test,Internal diagnostic fault,Internal diagnostic fault,Remove from service and escalate to qualified service personnel,Affected tubing/component,121,High,Monitoring,Unit was flagged for reported the issue. Unit returned to service after verification.
INC-00405,EQ-ECG-028,ECG Machine,CardioLab,ECG-12,Cardiology,2025-05-11,Paper feed motor sounds abnormal,PF-208,Immediately after startup,Signal amplitude reduced intermittently,Issue was intermittent,Possible paper-feed mechanism obstruction,Remove obstruction; Check paper alignment,Evidence consistent with paper-feed mechanism obstruction,Paper-feed mechanism obstruction,Reload paper or service feed mechanism,Affected tubing/component,80,Critical,Resolved,Unit was flagged for reported the issue. Additional functional testing passed.
INC-00413,EQ-ECG-028,ECG Machine,CardioLab,ECG-12,Cardiology,2025-10-11,Baseline slowly shifts,EC-301,During continuous clinical use,Signal amplitude reduced intermittently,Issue was intermittent,Investigate system/circuit condition,Replace electrodes; Inspect lead connections,Poor electrode contact,Poor electrode contact,Improve electrode contact and repeat ECG,Sensor,47,High,Resolved,Staff observed reported the issue. No further recurrence observed during the shift.
INC-00006,EQ-VEN-001,Ventilator,MedAir,V-800,Emergency,2024-07-30,Self-test stops at flow-sensor check,ST-009,After repeated operation cycles,Pressure/volume observation: 41 cmH2O peak pressure,Alarm cleared temporarily after restart,Suspected component issue,Clean/reseat sensor; Run calibration procedure,Evidence consistent with flow sensor calibration drift,Flow sensor calibration drift,Calibrate or replace flow sensor,Service part,104,Medium,Resolved after escalation,Unit was flagged for reported the issue. Additional functional testing passed.
INC-00055,EQ-VEN-004,Ventilator,RespiraTech,RV-500,ICU,2024-02-23,Measured volume intermittently low,MV-104,Immediately after startup,Pressure/volume observation: 45 cmH2O peak pressure,No visible external damage noted,Possible circuit leak,Verify cuff/circuit integrity; Perform leak test; Check circuit connections,Evidence consistent with circuit leak,Circuit leak,Repair or replace leaking circuit component,Service part,116,High,Resolved,Staff observed reported the issue. No further recurrence observed during the shift.
INC-00361,EQ-ECG-025,ECG Machine,CardioLab,ECG-12,General Ward,2025-06-07,Baseline slowly shifts,EC-301,After repeated operation cycles,Signal amplitude reduced intermittently,,Suspected component issue,Replace electrodes; Inspect lead connections,Poor electrode contact,Poor electrode contact,Improve electrode contact and repeat ECG,Electrodes,33,Low,Resolved,Alarm was noted reported the issue. Condition was monitored after corrective action.
INC-00752,EQ-DIA-052,Dialysis Machine,RenalCare,DX-700,ICU,2024-06-15,Arterial pressure more negative than expected,AR-221,During patient monitoring,Pressure/conductivity reading outside configured range,Alarm cleared temporarily after restart,Possible blood-line restriction or access issue,Follow clinical escalation procedure; Inspect blood line for kinks; Check access connection,Blood-line restriction or access issue; no additional abnormality found during basic visual inspection,Blood-line restriction or access issue,Correct line restriction and escalate clinical issue as required,Sensor,35,Critical,Resolved,Unit was flagged for reported the issue. No further recurrence observed during the shift.
INC-00619,EQ-BLO-043,Blood Analyzer,HemaTech,HA-600,Pathology,2024-08-22,Level reading inconsistent,RG-207,Immediately after startup,QC deviation approximately 7.6%,Issue reproduced during verification,Suspected component issue,Inspect sensor; Verify reagent identification; Reseat reagent container,Reagent sensor or container placement issue; no additional abnormality found during basic visual inspection,Reagent sensor or container placement issue,Reseat container or service level sensor,None,108,Medium,Resolved,Unit was flagged for reported the issue. Condition was monitored after corrective action.
INC-00383,EQ-ECG-026,ECG Machine,CardioLab,ECG-12,Emergency,2025-11-24,Baseline slowly shifts,EC-301,During continuous clinical use,Signal amplitude reduced intermittently,,Investigate system/circuit condition,Replace electrodes; Inspect lead connections,Poor electrode contact; no additional abnormality found during basic visual inspection,Poor electrode contact,Improve electrode contact and repeat ECG,Filter,114,Low,Resolved after escalation,Operator reported reported the issue. Unit returned to service after verification.
INC-00098,EQ-INF-008,Infusion Pump,InfuCare,IP-500,ICU,2025-12-01,Pressure rises after infusion starts,OC-201,During patient monitoring,Observed rate approximately 76% of configured rate,No visible external damage noted,Investigate system/circuit condition,Inspect catheter connection; Check downstream line,Downstream tubing obstruction,Downstream tubing obstruction,Clear obstruction or replace affected line,Filter,116,Medium,Resolved,Alarm was noted reported the issue. Unit returned to service after verification.
INC-00909,EQ-SUC-063,Suction Machine,SuctionPro,SP-200,Emergency,2024-11-05,Motor sounds normal but suction is reduced,,During patient monitoring,Vacuum measured approximately 56% below target,Issue reproduced during verification,Suspected component issue,Inspect collection jar; Inspect tubing; Check filter; Clear approved obstruction,Blocked suction filter or tubing; no additional abnormality found during basic visual inspection,Blocked suction filter or tubing,Replace blocked filter or tubing,Filter,79,Critical,Resolved,Staff observed reported the issue. No further recurrence observed during the shift.
INC-00468,EQ-DEF-033,Defibrillator,PulseGuard,PG-700,ICU,2025-10-01,Service indicator appears,,Routine operation,Charge performance outside expected service range,No visible external damage noted,Possible internal diagnostic fault,Repeat approved self-test; Record error code,Internal diagnostic fault; no additional abnormality found during basic visual inspection,Internal diagnostic fault,Remove from service and escalate to qualified service personnel,Filter,119,High,Resolved,Unit was flagged for reported the issue. Unit returned to service after verification.
INC-00733,EQ-DIA-051,Dialysis Machine,RenalCare,DX-700,Dialysis Unit,2024-06-04,Conductivity reading outside target,CO-115,During continuous clinical use,Pressure/conductivity reading outside configured range,,Investigate system/circuit condition,Verify concentrate supply; Run approved conductivity check,Dialysate mixing/calibration issue,Dialysate mixing/calibration issue,Correct concentrate supply or service calibration,Electrodes,162,High,Monitoring,Alarm was noted reported the issue. No further recurrence observed during the shift.
INC-00883,EQ-SUC-061,Suction Machine,SuctionPro,SP-200,ICU,2025-08-31,Pump runs continuously,VC-102,Routine operation,Vacuum measured approximately 20% below target,Issue reproduced during verification,Possible leak in tubing or collection system,Inspect connectors; Check collection jar seal; Inspect tubing,Leak in tubing or collection system; no additional abnormality found during basic visual inspection,Leak in tubing or collection system,Replace leaking tubing/seal,Service part,62,Medium,Resolved after escalation,Operator reported reported the issue. Additional functional testing passed.
INC-00458,EQ-DEF-032,Defibrillator,RescueMed,D-500,ICU,2026-03-24,Charge time exceeds expected range,CH-410,Routine operation,Charge performance outside expected service range,Issue was intermittent,Suspected component issue,Inspect charging indicators; Run charge test; Connect to approved power source; Check battery status,Evidence consistent with battery or charging circuit issue,Battery or charging circuit issue,Remove from clinical use and service charging system if fault persists,Electrodes,74,High,Resolved,Technician reported reported the issue. Additional functional testing passed.
INC-00800,EQ-DIA-055,Dialysis Machine,RenalCare,DX-700,Dialysis Unit,2026-03-07,Pressure changes after line repositioning,,During patient monitoring,Pressure/conductivity reading outside configured range,Issue was intermittent,Suspected component issue,Verify clamps; Inspect blood line for kinks; Follow clinical escalation procedure,Blood-line restriction or access issue; no additional abnormality found during basic visual inspection,Blood-line restriction or access issue,Correct line restriction and escalate clinical issue as required,Filter,63,Medium,Resolved,Alarm was noted reported the issue. Condition was monitored after corrective action.
INC-00026,EQ-VEN-002,Ventilator,MedAir,V-800,NICU,2024-02-07,Measured volume intermittently low,MV-104,After repeated operation cycles,Pressure/volume observation: 23 cmH2O peak pressure,Alarm cleared temporarily after restart,Possible circuit leak,Inspect tubing for cracks; Verify cuff/circuit integrity; Check circuit connections; Perform leak test,Circuit leak,Circuit leak,Repair or replace leaking circuit component,Filter,72,High,Resolved,Unit was flagged for reported the issue. Unit returned to service after verification.
INC-00085,EQ-VEN-007,Ventilator,RespiraTech,RV-500,Emergency,2026-02-11,Low-volume alarm during ventilation,MV-104,After repeated operation cycles,Pressure/volume observation: 20 cmH2O peak pressure,,Possible circuit leak,Inspect tubing for cracks; Check circuit connections; Verify cuff/circuit integrity; Perform leak test,Circuit leak,Circuit leak,Repair or replace leaking circuit component,None,179,Critical,Resolved,Operator reported reported the issue. No further recurrence observed during the shift.
INC-00011,EQ-VEN-001,Ventilator,MedAir,V-800,Emergency,2024-04-18,Calibration warning appears at startup,ST-009,After repeated operation cycles,Pressure/volume observation: 42 cmH2O peak pressure,Issue reproduced during verification,Investigate system/circuit condition,Clean/reseat sensor; Run calibration procedure; Inspect flow sensor,Evidence consistent with flow sensor calibration drift,Flow sensor calibration drift,Calibrate or replace flow sensor,Sensor,67,Medium,Resolved after escalation,Technician reported reported the issue. Condition was monitored after corrective action.
INC-00347,EQ-ECG-024,ECG Machine,CardioLab,ECG-12,General Ward,2026-07-28,Printer does not advance paper,PF-208,After repeated operation cycles,Signal amplitude reduced intermittently,Issue reproduced during verification,Suspected component issue,Remove obstruction; Check paper alignment; Inspect feed path,Paper-feed mechanism obstruction; no additional abnormality found during basic visual inspection,Paper-feed mechanism obstruction,Reload paper or service feed mechanism,None,174,Low,Resolved,Staff observed reported the issue. No further recurrence observed during the shift.
INC-00549,EQ-X-R-039,X-ray Machine,MedRay,MX-900,Radiology,2025-04-04,Temperature warning after repeated exposures,,After repeated operation cycles,Exposure/image index outside expected range,Issue was intermittent,Investigate system/circuit condition,Allow manufacturer-specified cooling period; Check cooling system; Review exposure history,Evidence consistent with high accumulated tube load,High accumulated tube load,Allow cooling and escalate if warning persists unexpectedly,None,25,Medium,Resolved,Operator reported reported the issue. Additional functional testing passed.
INC-00637,EQ-BLO-044,Blood Analyzer,LabCore,BA-400,Laboratory,2026-05-05,Control value exceeds laboratory target,QC-301,During continuous clinical use,QC deviation approximately 4.1%,,Suspected component issue,Run calibration; Repeat control; Inspect QC history,Evidence consistent with reagent deterioration or calibration drift,Reagent deterioration or calibration drift,Replace compromised reagent or recalibrate,Electrodes,117,Medium,Resolved,Alarm was noted reported the issue. Condition was monitored after corrective action.
INC-00595,EQ-X-R-042,X-ray Machine,MedRay,MX-900,Radiology,2025-11-22,Exposure index below expected range,IM-214,Routine operation,Exposure/image index outside expected range,Alarm cleared temporarily after restart,Suspected component issue,Review exposure index; Verify kVp/mAs settings; Check detector status,Incorrect exposure settings or detector issue; no additional abnormality found during basic visual inspection,Incorrect exposure settings or detector issue,Correct exposure parameters or service detector,Sensor,14,Medium,Resolved,Unit was flagged for reported the issue. Additional functional testing passed.
INC-00409,EQ-ECG-028,ECG Machine,CardioLab,ECG-12,Cardiology,2025-04-14,One channel is flat,LD-112,During continuous clinical use,Signal amplitude reduced intermittently,Alarm cleared temporarily after restart,Suspected component issue,Swap lead; Test cable continuity; Inspect connector,Evidence consistent with broken or disconnected lead wire,Broken or disconnected lead wire,Reconnect or replace affected lead,None,158,High,Resolved,Unit was flagged for reported the issue. Additional functional testing passed.
INC-00119,EQ-INF-009,Infusion Pump,MediFlow,IF-700,General Ward,2025-03-15,Battery percentage falls rapidly,BT-310,During patient monitoring,Observed rate approximately 66% of configured rate,Issue reproduced during verification,Investigate system/circuit condition,Check battery health; Inspect power connector,Battery degradation; no additional abnormality found during basic visual inspection,Battery degradation,Replace battery if capacity is below service threshold,Battery,122,High,Resolved,Staff observed reported the issue. No further recurrence observed during the shift.
INC-00303,EQ-PAT-021,Patient Monitor,VitalSys,PM-300,Emergency,2025-09-09,Display stops updating temporarily,DS-401,Immediately after startup,Signal quality fluctuated between acceptable and poor,Alarm cleared temporarily after restart,Suspected component issue,Review event log; Restart according to service procedure,Software/process instability; no additional abnormality found during basic visual inspection,Software/process instability,Restart and escalate for service if recurrence persists,Sensor,83,Medium,Monitoring,Operator reported reported the issue. Unit returned to service after verification.
INC-00329,EQ-ECG-023,ECG Machine,HeartTrace,H-300,Cardiology,2026-04-05,Lead-off indicator remains active,,During patient monitoring,Signal amplitude reduced intermittently,Alarm cleared temporarily after restart,Suspected component issue,Inspect connector; Test cable continuity,Broken or disconnected lead wire,Broken or disconnected lead wire,Reconnect or replace affected lead,Battery,33,Medium,Resolved,Unit was flagged for reported the issue. No further recurrence observed during the shift.
INC-00030,EQ-VEN-003,Ventilator,MedAir,V-800,ICU,2024-08-30,Self-test stops at flow-sensor check,,During patient monitoring,Pressure/volume observation: 39 cmH2O peak pressure,Issue reproduced during verification,Possible flow sensor calibration drift,Run calibration procedure; Clean/reseat sensor,Evidence consistent with flow sensor calibration drift,Flow sensor calibration drift,Calibrate or replace flow sensor,Service part,78,Medium,Resolved,Staff observed reported the issue. Condition was monitored after corrective action.
INC-00056,EQ-VEN-004,Ventilator,RespiraTech,RV-500,ICU,2025-02-28,Delivered volume exceeds configured target,TV-331,Routine operation,Pressure/volume observation: 18 cmH2O peak pressure,Issue reproduced during verification,Possible incorrect ventilator settings,Verify mode and tidal-volume setting; Run device self-test; Check pressure support,Incorrect ventilator settings; no additional abnormality found during basic visual inspection,Incorrect ventilator settings,Correct configuration and repeat verification,Sensor,125,Critical,Resolved,Staff observed reported the issue. No further recurrence observed during the shift.
INC-00921,EQ-SUC-063,Suction Machine,SuctionPro,SP-200,Emergency,2024-02-13,Motor sounds normal but suction is reduced,SU-214,During continuous clinical use,Vacuum measured approximately 21% below target,No visible external damage noted,Possible blocked suction filter or tubing,Clear approved obstruction; Inspect collection jar,Evidence consistent with blocked suction filter or tubing,Blocked suction filter or tubing,Replace blocked filter or tubing,Filter,29,Critical,Resolved,Technician reported reported the issue. Additional functional testing passed.
INC-00634,EQ-BLO-044,Blood Analyzer,LabCore,BA-400,Laboratory,2024-04-25,Sample aspiration stops,SA-118,Routine operation,QC deviation approximately 7.9%,Issue reproduced during verification,Suspected component issue,Run approved cleaning cycle; Inspect probe; Check sample volume,Clogged aspiration probe; no additional abnormality found during basic visual inspection,Clogged aspiration probe,Clean probe and repeat aspiration test,Battery,143,Medium,Resolved,Operator reported reported the issue. Unit returned to service after verification.
INC-00666,EQ-BLO-046,Blood Analyzer,LabCore,BA-400,Pathology,2024-02-15,Probe error appears during run,,After repeated operation cycles,QC deviation approximately 5.4%,Issue reproduced during verification,Possible clogged aspiration probe,Run approved cleaning cycle; Inspect probe; Check sample volume,Evidence consistent with clogged aspiration probe,Clogged aspiration probe,Clean probe and repeat aspiration test,Service part,110,Medium,Resolved,Staff observed reported the issue. No further recurrence observed during the shift.
INC-00418,EQ-DEF-029,Defibrillator,PulseGuard,PG-700,Cardiology,2024-09-24,Startup self-test reports failure,,During continuous clinical use,Charge performance outside expected service range,No visible external damage noted,Possible internal diagnostic fault,Review service documentation; Repeat approved self-test,Internal diagnostic fault,Internal diagnostic fault,Remove from service and escalate to qualified service personnel,Filter,155,High,Monitoring,Technician reported reported the issue. Additional functional testing passed.
INC-00197,EQ-INF-014,Infusion Pump,MediFlow,IF-700,Oncology,2026-03-24,Battery percentage falls rapidly,BT-310,During patient monitoring,Observed rate approximately 74% of configured rate,,Investigate system/circuit condition,Check battery health; Verify charging cycle,Battery degradation,Battery degradation,Replace battery if capacity is below service threshold,Filter,38,High,Resolved,Staff observed reported the issue. No further recurrence observed during the shift.
INC-00417,EQ-DEF-029,Defibrillator,PulseGuard,PG-700,Cardiology,2024-07-17,Device reports pads disconnected,PD-119,Immediately after startup,Charge performance outside expected service range,No visible external damage noted,Investigate system/circuit condition,Verify pads are within expiry; Check pad connector; Replace pads if necessary,Evidence consistent with poor pad connection,Poor pad connection,Reconnect or replace pads,Filter,13,High,Monitoring,Alarm was noted reported the issue. Unit returned to service after verification.
INC-00082,EQ-VEN-006,Ventilator,RespiraTech,RV-500,ICU,2024-07-16,Calibration warning appears at startup,ST-009,Immediately after startup,Pressure/volume observation: 22 cmH2O peak pressure,Issue reproduced during verification,Investigate system/circuit condition,Inspect flow sensor; Clean/reseat sensor,Evidence consistent with flow sensor calibration drift,Flow sensor calibration drift,Calibrate or replace flow sensor,Service part,114,Medium,Resolved,Technician reported reported the issue. No further recurrence observed during the shift.
INC-00863,EQ-SUC-059,Suction Machine,CareVac,CV-100,General Ward,2025-03-09,Flow appears restricted,,Immediately after startup,Vacuum measured approximately 48% below target,Issue reproduced during verification,Suspected component issue,Check filter; Clear approved obstruction,Evidence consistent with blocked suction filter or tubing,Blocked suction filter or tubing,Replace blocked filter or tubing,Filter,32,High,Resolved,Alarm was noted reported the issue. No further recurrence observed during the shift.
INC-00391,EQ-ECG-027,ECG Machine,HeartTrace,H-300,Cardiology,2025-10-06,Baseline slowly shifts,EC-301,Routine operation,Signal amplitude reduced intermittently,Alarm cleared temporarily after restart,Investigate system/circuit condition,Check skin preparation; Replace electrodes,Evidence consistent with poor electrode contact,Poor electrode contact,Improve electrode contact and repeat ECG,Service part,170,High,Resolved,Alarm was noted reported the issue. No further recurrence observed during the shift.
INC-00571,EQ-X-R-040,X-ray Machine,Radiant Imaging,XR-500,Radiology,2025-04-28,System requests cooling period,TH-330,Routine operation,Exposure/image index outside expected range,Issue reproduced during verification,Suspected component issue,Review exposure history; Allow manufacturer-specified cooling period,High accumulated tube load,High accumulated tube load,Allow cooling and escalate if warning persists unexpectedly,None,6,High,Resolved,Staff observed reported the issue. Additional functional testing passed.
INC-00514,EQ-X-R-036,X-ray Machine,Radiant Imaging,XR-500,Emergency,2025-07-12,Exposure index below expected range,IM-214,Immediately after startup,Exposure/image index outside expected range,,Investigate system/circuit condition,Verify kVp/mAs settings; Check detector status; Review exposure index,Incorrect exposure settings or detector issue; no additional abnormality found during basic visual inspection,Incorrect exposure settings or detector issue,Correct exposure parameters or service detector,Affected tubing/component,110,Low,Resolved after escalation,Staff observed reported the issue. Condition was monitored after corrective action.
INC-00808,EQ-DIA-055,Dialysis Machine,RenalCare,DX-700,Dialysis Unit,2024-09-18,Arterial pressure more negative than expected,AR-221,Routine operation,Pressure/conductivity reading outside configured range,Issue reproduced during verification,Investigate system/circuit condition,Verify clamps; Inspect blood line for kinks,Blood-line restriction or access issue,Blood-line restriction or access issue,Correct line restriction and escalate clinical issue as required,Filter,106,High,Resolved,Technician reported reported the issue. Unit returned to service after verification.
INC-00205,EQ-PAT-015,Patient Monitor,Cliniview,CV-900,Emergency,2025-12-11,NIBP error occurs intermittently,NB-207,During patient monitoring,Signal quality fluctuated between acceptable and poor,,Possible incorrect cuff size or cuff placement,Verify cuff size; Check cuff placement; Repeat measurement,Incorrect cuff size or cuff placement; no additional abnormality found during basic visual inspection,Incorrect cuff size or cuff placement,Use correct cuff and reconnect tubing,Filter,167,Critical,Resolved,Staff observed reported the issue. Additional functional testing passed.
INC-00212,EQ-PAT-015,Patient Monitor,Cliniview,CV-900,Emergency,2025-05-02,Saturation value drops without corresponding clinical change,SP-221,Immediately after startup,Signal quality fluctuated between acceptable and poor,Issue reproduced during verification,Possible damaged or poorly positioned spo2 sensor,Inspect sensor placement; Check cable and connector; Check signal quality,Damaged or poorly positioned SpO2 sensor; no additional abnormality found during basic visual inspection,Damaged or poorly positioned SpO2 sensor,Reposition or replace SpO2 sensor,Electrodes,152,Medium,Resolved,Operator reported reported the issue. Additional functional testing passed.
INC-00737,EQ-DIA-051,Dialysis Machine,RenalCare,DX-700,Dialysis Unit,2024-01-25,Alarm occurs during preparation,CO-115,Immediately after startup,Pressure/conductivity reading outside configured range,Issue reproduced during verification,Suspected component issue,Check connections; Run approved conductivity check,Evidence consistent with dialysate mixing/calibration issue,Dialysate mixing/calibration issue,Correct concentrate supply or service calibration,Battery,119,High,Monitoring,Technician reported reported the issue. No further recurrence observed during the shift.
INC-00661,EQ-BLO-046,Blood Analyzer,LabCore,BA-400,Pathology,2024-12-23,Sample aspiration stops,SA-118,After repeated operation cycles,QC deviation approximately 4.9%,Issue reproduced during verification,Suspected component issue,Run approved cleaning cycle; Inspect probe; Check sample volume,Clogged aspiration probe; no additional abnormality found during basic visual inspection,Clogged aspiration probe,Clean probe and repeat aspiration test,Sensor,68,Medium,Resolved,Staff observed reported the issue. No further recurrence observed during the shift.
INC-00299,EQ-PAT-021,Patient Monitor,VitalSys,PM-300,Emergency,2024-06-19,SpO2 value briefly falls and recovers,SP-221,During continuous clinical use,Signal quality fluctuated between acceptable and poor,Issue was intermittent,Possible damaged or poorly positioned spo2 sensor,Inspect sensor placement; Check cable and connector,Damaged or poorly positioned SpO2 sensor,Damaged or poorly positioned SpO2 sensor,Reposition or replace SpO2 sensor,Electrodes,37,High,Resolved,Alarm was noted reported the issue. Additional functional testing passed.
INC-00276,EQ-PAT-020,Patient Monitor,Cliniview,CV-900,ICU,2024-01-25,Baseline wanders,EC-118,Routine operation,Signal quality fluctuated between acceptable and poor,No visible external damage noted,Investigate system/circuit condition,Verify grounding; Replace degraded electrodes,Evidence consistent with loose or degraded ecg electrode connection,Loose or degraded ECG electrode connection,Replace electrodes or affected lead,Service part,170,High,Resolved,Staff observed reported the issue. Unit returned to service after verification.
INC-00550,EQ-X-R-039,X-ray Machine,MedRay,MX-900,Radiology,2025-10-09,System requests cooling period,TH-330,After repeated operation cycles,Exposure/image index outside expected range,Alarm cleared temporarily after restart,Investigate system/circuit condition,Review exposure history; Check cooling system,High accumulated tube load,High accumulated tube load,Allow cooling and escalate if warning persists unexpectedly,Service part,115,Medium,Resolved,Staff observed reported the issue. Unit returned to service after verification.
INC-00372,EQ-ECG-026,ECG Machine,CardioLab,ECG-12,Emergency,2024-01-30,Signal quality poor despite stable patient,EC-301,Routine operation,Signal amplitude reduced intermittently,Issue was intermittent,Investigate system/circuit condition,Replace electrodes; Inspect lead connections,Poor electrode contact; no additional abnormality found during basic visual inspection,Poor electrode contact,Improve electrode contact and repeat ECG,Filter,26,High,Resolved after escalation,Operator reported reported the issue. Additional functional testing passed.
INC-00788,EQ-DIA-054,Dialysis Machine,RenalCare,DX-700,Dialysis Unit,2026-05-03,Arterial pressure more negative than expected,AR-221,During patient monitoring,Pressure/conductivity reading outside configured range,No visible external damage noted,Possible blood-line restriction or access issue,Check access connection; Inspect blood line for kinks,Blood-line restriction or access issue; no additional abnormality found during basic visual inspection,Blood-line restriction or access issue,Correct line restriction and escalate clinical issue as required,Affected tubing/component,111,Medium,Resolved,Staff observed reported the issue. Additional functional testing passed.
INC-00751,EQ-DIA-052,Dialysis Machine,RenalCare,DX-700,ICU,2026-01-11,Alarm occurs during preparation,CO-115,During continuous clinical use,Pressure/conductivity reading outside configured range,Issue was intermittent,Possible dialysate mixing/calibration issue,Verify concentrate supply; Run approved conductivity check; Check connections,Dialysate mixing/calibration issue; no additional abnormality found during basic visual inspection,Dialysate mixing/calibration issue,Correct concentrate supply or service calibration,Filter,107,Medium,Resolved,Alarm was noted reported the issue. Condition was monitored after corrective action.
INC-00282,EQ-PAT-020,Patient Monitor,Cliniview,CV-900,ICU,2024-01-17,Display stops updating temporarily,DS-401,After repeated operation cycles,Signal quality fluctuated between acceptable and poor,Alarm cleared temporarily after restart,Investigate system/circuit condition,Restart according to service procedure; Review event log; Check power supply; Run system diagnostics,Software/process instability; no additional abnormality found during basic visual inspection,Software/process instability,Restart and escalate for service if recurrence persists,None,41,Medium,Resolved,Technician reported reported the issue. No further recurrence observed during the shift.
INC-00753,EQ-DIA-052,Dialysis Machine,RenalCare,DX-700,ICU,2025-02-19,Conductivity reading outside target,CO-115,After repeated operation cycles,Pressure/conductivity reading outside configured range,Issue reproduced during verification,Investigate system/circuit condition,Verify concentrate supply; Run approved conductivity check; Check connections,Evidence consistent with dialysate mixing/calibration issue,Dialysate mixing/calibration issue,Correct concentrate supply or service calibration,None,7,High,Resolved,Unit was flagged for reported the issue. No further recurrence observed during the shift.
INC-00412,EQ-ECG-028,ECG Machine,CardioLab,ECG-12,Cardiology,2025-10-25,Paper feed motor sounds abnormal,PF-208,During continuous clinical use,Signal amplitude reduced intermittently,Issue was intermittent,Investigate system/circuit condition,Remove obstruction; Inspect feed path; Check paper alignment,Paper-feed mechanism obstruction; no additional abnormality found during basic visual inspection,Paper-feed mechanism obstruction,Reload paper or service feed mechanism,Filter,166,Medium,Resolved,Unit was flagged for reported the issue. Unit returned to service after verification.
INC-00060,EQ-VEN-004,Ventilator,RespiraTech,RV-500,ICU,2026-04-10,Self-test stops at flow-sensor check,ST-009,During continuous clinical use,Pressure/volume observation: 23 cmH2O peak pressure,No visible external damage noted,Suspected component issue,Run calibration procedure; Clean/reseat sensor; Inspect flow sensor,Flow sensor calibration drift,Flow sensor calibration drift,Calibrate or replace flow sensor,Sensor,14,Medium,Resolved,Staff observed reported the issue. Condition was monitored after corrective action.
INC-00658,EQ-BLO-045,Blood Analyzer,LabCore,BA-400,Pathology,2026-04-04,Level reading inconsistent,RG-207,During continuous clinical use,QC deviation approximately 6.0%,Alarm cleared temporarily after restart,Suspected component issue,Reseat reagent container; Verify reagent identification; Inspect sensor,Reagent sensor or container placement issue; no additional abnormality found during basic visual inspection,Reagent sensor or container placement issue,Reseat container or service level sensor,Filter,56,Medium,Resolved,Technician reported reported the issue. Condition was monitored after corrective action.
INC-00300,EQ-PAT-021,Patient Monitor,VitalSys,PM-300,Emergency,2025-12-25,Noise increases with movement,EC-118,During continuous clinical use,Signal quality fluctuated between acceptable and poor,,Suspected component issue,Check electrode adhesion; Inspect lead wires,Loose or degraded ECG electrode connection,Loose or degraded ECG electrode connection,Replace electrodes or affected lead,Filter,42,Medium,Monitoring,Alarm was noted reported the issue. Additional functional testing passed.
INC-00837,EQ-SUC-057,Suction Machine,SuctionPro,SP-200,ICU,2024-08-16,Motor sounds normal but suction is reduced,,During patient monitoring,Vacuum measured approximately 45% below target,,Suspected component issue,Inspect collection jar; Inspect tubing; Check filter,Blocked suction filter or tubing; no additional abnormality found during basic visual inspection,Blocked suction filter or tubing,Replace blocked filter or tubing,Service part,129,Medium,Resolved,Alarm was noted reported the issue. Condition was monitored after corrective action.
INC-00262,EQ-PAT-018,Patient Monitor,VitalSys,PM-300,General Ward,2024-12-25,Touchscreen becomes unresponsive,DS-401,Routine operation,Signal quality fluctuated between acceptable and poor,Alarm cleared temporarily after restart,Investigate system/circuit condition,Review event log; Run system diagnostics,Software/process instability; no additional abnormality found during basic visual inspection,Software/process instability,Restart and escalate for service if recurrence persists,Battery,23,High,Resolved,Operator reported reported the issue. No further recurrence observed during the shift.
INC-00696,EQ-BLO-048,Blood Analyzer,HemaTech,HA-600,Pathology,2026-04-24,Probe error appears during run,SA-118,After repeated operation cycles,QC deviation approximately 2.4%,Issue was intermittent,Investigate system/circuit condition,Check sample volume; Inspect probe,Clogged aspiration probe; no additional abnormality found during basic visual inspection,Clogged aspiration probe,Clean probe and repeat aspiration test,Sensor,20,Medium,Resolved,Staff observed reported the issue. Condition was monitored after corrective action.
INC-00522,EQ-X-R-037,X-ray Machine,MedRay,MX-900,Emergency,2024-10-03,Exposure command ignored,XR-102,Routine operation,Exposure/image index outside expected range,No visible external damage noted,Investigate system/circuit condition,Review displayed fault code; Check door/interlock status,Evidence consistent with interlock condition not satisfied,Interlock condition not satisfied,Resolve interlock condition before exposure,Electrodes,41,Medium,Resolved,Unit was flagged for reported the issue. Additional functional testing passed.
INC-00008,EQ-VEN-001,Ventilator,MedAir,V-800,Emergency,2025-04-10,Airway pressure repeatedly above expected range,AP-217,Immediately after startup,Pressure/volume observation: 35 cmH2O peak pressure,No visible external damage noted,Suspected component issue,Inspect patient connection; Inspect breathing circuit for kinks/obstruction,Blocked expiratory filter; no additional abnormality found during basic visual inspection,Blocked expiratory filter,Replace blocked expiratory filter,Affected tubing/component,171,High,Resolved,Technician reported reported the issue. Unit returned to service after verification.
INC-00251,EQ-PAT-018,Patient Monitor,VitalSys,PM-300,General Ward,2026-07-08,NIBP error occurs intermittently,NB-207,Routine operation,Signal quality fluctuated between acceptable and poor,Issue reproduced during verification,Suspected component issue,Repeat measurement; Inspect tubing; Verify cuff size; Check cuff placement,Evidence consistent with incorrect cuff size or cuff placement,Incorrect cuff size or cuff placement,Use correct cuff and reconnect tubing,Electrodes,19,Low,Resolved,Operator reported reported the issue. Unit returned to service after verification.
INC-00156,EQ-INF-011,Infusion Pump,InfuCare,IP-500,Oncology,2025-10-24,Infusion is running slower than the programmed rate,,Immediately after startup,Observed rate approximately 73% of configured rate,Alarm cleared temporarily after restart,Suspected component issue,Verify pump calibration; Check clamps and connectors; Inspect tubing path,Partial occlusion in tubing; no additional abnormality found during basic visual inspection,Partial occlusion in tubing,Replace obstructed tubing if required,Filter,82,High,Resolved,Operator reported reported the issue. No further recurrence observed during the shift.
INC-00366,EQ-ECG-025,ECG Machine,CardioLab,ECG-12,General Ward,2024-10-28,Lead-off indicator remains active,,Immediately after startup,Signal amplitude reduced intermittently,Issue reproduced during verification,Possible broken or disconnected lead wire,Test cable continuity; Inspect connector,Evidence consistent with broken or disconnected lead wire,Broken or disconnected lead wire,Reconnect or replace affected lead,None,36,Medium,Resolved,Technician reported reported the issue. Unit returned to service after verification.
INC-00449,EQ-DEF-031,Defibrillator,PulseGuard,PG-700,ICU,2025-01-08,Pad connection indicator remains inactive,PD-119,During patient monitoring,Charge performance outside expected service range,Issue was intermittent,Possible poor pad connection,Replace pads if necessary; Verify pads are within expiry; Check pad connector,Poor pad connection,Poor pad connection,Reconnect or replace pads,Sensor,55,Critical,Resolved,Alarm was noted reported the issue. Unit returned to service after verification.
INC-00102,EQ-INF-008,Infusion Pump,InfuCare,IP-500,ICU,2024-04-19,Small air bubble visible in tubing,AI-115,Routine operation,Observed rate approximately 35% of configured rate,Issue was intermittent,Suspected component issue,Check air sensor; Stop infusion; Prime tubing according to procedure,Air detected in infusion line; no additional abnormality found during basic visual inspection,Air detected in infusion line,Remove air and prime/reseat tubing,None,95,High,Resolved,Operator reported reported the issue. Condition was monitored after corrective action.
INC-00200,EQ-INF-014,Infusion Pump,MediFlow,IF-700,Oncology,2025-02-22,Pressure rises after infusion starts,OC-201,After repeated operation cycles,Observed rate approximately 41% of configured rate,Issue reproduced during verification,Investigate system/circuit condition,Replace obstructed tubing; Check downstream line; Inspect catheter connection,Downstream tubing obstruction; no additional abnormality found during basic visual inspection,Downstream tubing obstruction,Clear obstruction or replace affected line,Electrodes,147,Medium,Resolved,Alarm was noted reported the issue. No further recurrence observed during the shift.
INC-00618,EQ-BLO-043,Blood Analyzer,HemaTech,HA-600,Pathology,2024-11-23,Level reading inconsistent,RG-207,Immediately after startup,QC deviation approximately 2.2%,Issue was intermittent,Possible reagent sensor or container placement issue,Reseat reagent container; Verify reagent identification; Inspect sensor,Evidence consistent with reagent sensor or container placement issue,Reagent sensor or container placement issue,Reseat container or service level sensor,Sensor,137,Medium,Monitoring,Operator reported reported the issue. No further recurrence observed during the shift.
INC-00363,EQ-ECG-025,ECG Machine,CardioLab,ECG-12,General Ward,2025-06-16,Paper feed motor sounds abnormal,PF-208,Routine operation,Signal amplitude reduced intermittently,Issue was intermittent,Investigate system/circuit condition,Inspect feed path; Check paper alignment; Remove obstruction,Paper-feed mechanism obstruction,Paper-feed mechanism obstruction,Reload paper or service feed mechanism,None,113,High,Resolved after escalation,Unit was flagged for reported the issue. Additional functional testing passed.
INC-00381,EQ-ECG-026,ECG Machine,CardioLab,ECG-12,Emergency,2024-07-20,Baseline slowly shifts,EC-301,Routine operation,Signal amplitude reduced intermittently,,Investigate system/circuit condition,Replace electrodes; Check skin preparation; Inspect lead connections,Evidence consistent with poor electrode contact,Poor electrode contact,Improve electrode contact and repeat ECG,Filter,66,Low,Monitoring,Technician reported reported the issue. Condition was monitored after corrective action.
INC-00605,EQ-BLO-043,Blood Analyzer,HemaTech,HA-600,Pathology,2026-05-20,Analyzer reports empty reagent despite available volume,RG-207,During continuous clinical use,QC deviation approximately 3.9%,Issue reproduced during verification,Possible reagent sensor or container placement issue,Reseat reagent container; Verify reagent identification; Inspect sensor,Reagent sensor or container placement issue,Reagent sensor or container placement issue,Reseat container or service level sensor,Electrodes,123,Medium,Resolved,Operator reported reported the issue. No further recurrence observed during the shift.
INC-00343,EQ-ECG-024,ECG Machine,CardioLab,ECG-12,General Ward,2025-11-02,One channel is flat,LD-112,Immediately after startup,Signal amplitude reduced intermittently,Issue reproduced during verification,Possible broken or disconnected lead wire,Test cable continuity; Inspect connector,Broken or disconnected lead wire,Broken or disconnected lead wire,Reconnect or replace affected lead,None,107,Medium,Resolved,Staff observed reported the issue. No further recurrence observed during the shift.
INC-00457,EQ-DEF-032,Defibrillator,RescueMed,D-500,ICU,2025-03-04,Charge time exceeds expected range,CH-410,Routine operation,Charge performance outside expected service range,Alarm cleared temporarily after restart,Possible battery or charging circuit issue,Inspect charging indicators; Run charge test; Check battery status,Battery or charging circuit issue; no additional abnormality found during basic visual inspection,Battery or charging circuit issue,Remove from clinical use and service charging system if fault persists,Affected tubing/component,158,High,Resolved,Staff observed reported the issue. Condition was monitored after corrective action.
INC-00535,EQ-X-R-038,X-ray Machine,Radiant Imaging,XR-500,Radiology,2026-03-11,Exposure index below expected range,IM-214,Routine operation,Exposure/image index outside expected range,,Suspected component issue,Check detector status; Review exposure index,Incorrect exposure settings or detector issue,Incorrect exposure settings or detector issue,Correct exposure parameters or service detector,Battery,37,High,Resolved,Unit was flagged for reported the issue. Additional functional testing passed.
INC-00332,EQ-ECG-023,ECG Machine,HeartTrace,H-300,Cardiology,2025-04-27,Signal quality poor despite stable patient,EC-301,After repeated operation cycles,Signal amplitude reduced intermittently,No visible external damage noted,Suspected component issue,Inspect lead connections; Replace electrodes; Check skin preparation,Poor electrode contact,Poor electrode contact,Improve electrode contact and repeat ECG,Battery,12,High,Resolved,Staff observed reported the issue. No further recurrence observed during the shift.
INC-00003,EQ-VEN-001,Ventilator,MedAir,V-800,Emergency,2026-06-26,Calibration warning appears at startup,ST-009,Routine operation,Pressure/volume observation: 27 cmH2O peak pressure,No visible external damage noted,Suspected component issue,Inspect flow sensor; Clean/reseat sensor,Flow sensor calibration drift; no additional abnormality found during basic visual inspection,Flow sensor calibration drift,Calibrate or replace flow sensor,None,147,Medium,Resolved,Technician reported reported the issue. No further recurrence observed during the shift.
INC-00542,EQ-X-R-038,X-ray Machine,Radiant Imaging,XR-500,Radiology,2026-03-29,Interlock indicator remains active,XR-102,After repeated operation cycles,Exposure/image index outside expected range,Issue reproduced during verification,Suspected component issue,Review displayed fault code; Verify system ready state; Check door/interlock status,Interlock condition not satisfied; no additional abnormality found during basic visual inspection,Interlock condition not satisfied,Resolve interlock condition before exposure,None,83,Medium,Resolved,Alarm was noted reported the issue. Condition was monitored after corrective action.
INC-00805,EQ-DIA-055,Dialysis Machine,RenalCare,DX-700,Dialysis Unit,2024-08-01,Arterial pressure more negative than expected,AR-221,During continuous clinical use,Pressure/conductivity reading outside configured range,,Investigate system/circuit condition,Check access connection; Verify clamps,Blood-line restriction or access issue; no additional abnormality found during basic visual inspection,Blood-line restriction or access issue,Correct line restriction and escalate clinical issue as required,Filter,90,High,Resolved,Unit was flagged for reported the issue. Condition was monitored after corrective action.
INC-00293,EQ-PAT-021,Patient Monitor,VitalSys,PM-300,Emergency,2024-05-15,Touchscreen becomes unresponsive,DS-401,During patient monitoring,Signal quality fluctuated between acceptable and poor,,Investigate system/circuit condition,Check power supply; Restart according to service procedure; Review event log; Run system diagnostics,Software/process instability,Software/process instability,Restart and escalate for service if recurrence persists,Service part,108,Medium,Resolved,Alarm was noted reported the issue. No further recurrence observed during the shift.
INC-00466,EQ-DEF-033,Defibrillator,PulseGuard,PG-700,ICU,2024-04-15,Service indicator appears,ST-501,During patient monitoring,Charge performance outside expected service range,Alarm cleared temporarily after restart,Possible internal diagnostic fault,Review service documentation; Repeat approved self-test; Record error code,Internal diagnostic fault,Internal diagnostic fault,Remove from service and escalate to qualified service personnel,Battery,103,Critical,Resolved,Technician reported reported the issue. No further recurrence observed during the shift.
INC-00159,EQ-INF-011,Infusion Pump,InfuCare,IP-500,Oncology,2026-05-10,Air-in-line alarm during infusion,AI-115,During continuous clinical use,Observed rate approximately 53% of configured rate,Issue reproduced during verification,Investigate system/circuit condition,Inspect line and connections; Check air sensor,Evidence consistent with air detected in infusion line,Air detected in infusion line,Remove air and prime/reseat tubing,Affected tubing/component,83,Medium,Resolved,Alarm was noted reported the issue. Condition was monitored after corrective action.
INC-00531,EQ-X-R-037,X-ray Machine,MedRay,MX-900,Emergency,2024-12-14,Image appears consistently too light,IM-214,During patient monitoring,Exposure/image index outside expected range,,Suspected component issue,Review exposure index; Verify kVp/mAs settings; Check detector status,Incorrect exposure settings or detector issue; no additional abnormality found during basic visual inspection,Incorrect exposure settings or detector issue,Correct exposure parameters or service detector,Filter,114,Medium,Resolved,Technician reported reported the issue. Unit returned to service after verification.
INC-00859,EQ-SUC-059,Suction Machine,CareVac,CV-100,General Ward,2024-05-11,Flow appears restricted,,Immediately after startup,Vacuum measured approximately 32% below target,Alarm cleared temporarily after restart,Possible blocked suction filter or tubing,Inspect tubing; Clear approved obstruction; Check filter; Inspect collection jar,Evidence consistent with blocked suction filter or tubing,Blocked suction filter or tubing,Replace blocked filter or tubing,Service part,154,High,Resolved,Technician reported reported the issue. Unit returned to service after verification.
INC-00791,EQ-DIA-054,Dialysis Machine,RenalCare,DX-700,Dialysis Unit,2025-07-05,Air detector alarm activates,AD-204,Routine operation,Pressure/conductivity reading outside configured range,Issue was intermittent,Investigate system/circuit condition,Inspect circuit; Stop according to safety procedure,Evidence consistent with air detected in blood circuit,Air detected in blood circuit,Resolve air detection condition before resuming,Sensor,71,High,Resolved,Staff observed reported the issue. Additional functional testing passed.
INC-00345,EQ-ECG-024,ECG Machine,CardioLab,ECG-12,General Ward,2026-06-25,Lead-off indicator remains active,LD-112,Immediately after startup,Signal amplitude reduced intermittently,,Possible broken or disconnected lead wire,Test cable continuity; Inspect connector; Swap lead,Broken or disconnected lead wire; no additional abnormality found during basic visual inspection,Broken or disconnected lead wire,Reconnect or replace affected lead,None,136,Low,Resolved,Unit was flagged for reported the issue. Additional functional testing passed.
INC-00582,EQ-X-R-041,X-ray Machine,Radiant Imaging,XR-500,Radiology,2024-08-10,Exposure command ignored,XR-102,During continuous clinical use,Exposure/image index outside expected range,Issue was intermittent,Suspected component issue,Verify system ready state; Review displayed fault code,Interlock condition not satisfied; no additional abnormality found during basic visual inspection,Interlock condition not satisfied,Resolve interlock condition before exposure,Affected tubing/component,76,High,Resolved,Alarm was noted reported the issue. No further recurrence observed during the shift.
INC-00536,EQ-X-R-038,X-ray Machine,Radiant Imaging,XR-500,Radiology,2024-04-30,Interlock indicator remains active,XR-102,Routine operation,Exposure/image index outside expected range,Issue was intermittent,Suspected component issue,Check door/interlock status; Review displayed fault code,Interlock condition not satisfied,Interlock condition not satisfied,Resolve interlock condition before exposure,Service part,19,Medium,Resolved,Staff observed reported the issue. No further recurrence observed during the shift.
INC-00427,EQ-DEF-029,Defibrillator,PulseGuard,PG-700,Cardiology,2025-11-12,Startup self-test reports failure,ST-501,During continuous clinical use,Charge performance outside expected service range,,Investigate system/circuit condition,Review service documentation; Repeat approved self-test,Internal diagnostic fault,Internal diagnostic fault,Remove from service and escalate to qualified service personnel,Filter,102,High,Resolved,Operator reported reported the issue. No further recurrence observed during the shift.
INC-00371,EQ-ECG-026,ECG Machine,CardioLab,ECG-12,Emergency,2024-11-23,One channel is flat,LD-112,Routine operation,Signal amplitude reduced intermittently,Issue was intermittent,Possible broken or disconnected lead wire,Inspect connector; Test cable continuity,Broken or disconnected lead wire; no additional abnormality found during basic visual inspection,Broken or disconnected lead wire,Reconnect or replace affected lead,None,73,Critical,Resolved,Unit was flagged for reported the issue. No further recurrence observed during the shift.
INC-00705,EQ-BLO-048,Blood Analyzer,HemaTech,HA-600,Pathology,2024-02-25,Probe error appears during run,SA-118,During continuous clinical use,QC deviation approximately 7.3%,Issue was intermittent,Suspected component issue,Run approved cleaning cycle; Check sample volume,Clogged aspiration probe,Clogged aspiration probe,Clean probe and repeat aspiration test,Battery,88,High,Resolved,Unit was flagged for reported the issue. Additional functional testing passed.
INC-00810,EQ-DIA-055,Dialysis Machine,RenalCare,DX-700,Dialysis Unit,2026-02-25,Arterial pressure more negative than expected,AR-221,During continuous clinical use,Pressure/conductivity reading outside configured range,Alarm cleared temporarily after restart,Investigate system/circuit condition,Follow clinical escalation procedure; Verify clamps,Blood-line restriction or access issue,Blood-line restriction or access issue,Correct line restriction and escalate clinical issue as required,Service part,129,High,Resolved,Operator reported reported the issue. Additional functional testing passed.
INC-00668,EQ-BLO-046,Blood Analyzer,LabCore,BA-400,Pathology,2024-10-18,Level reading inconsistent,RG-207,During patient monitoring,QC deviation approximately 6.4%,Issue was intermittent,Possible reagent sensor or container placement issue,Inspect sensor; Verify reagent identification,Reagent sensor or container placement issue,Reagent sensor or container placement issue,Reseat container or service level sensor,None,33,Critical,Resolved,Unit was flagged for reported the issue. Additional functional testing passed.
INC-00676,EQ-BLO-047,Blood Analyzer,LabCore,BA-400,Laboratory,2025-03-29,Sample aspiration stops,,After repeated operation cycles,QC deviation approximately 2.8%,Issue was intermittent,Investigate system/circuit condition,Check sample volume; Inspect probe; Run approved cleaning cycle,Evidence consistent with clogged aspiration probe,Clogged aspiration probe,Clean probe and repeat aspiration test,Filter,86,Medium,Resolved,Staff observed reported the issue. No further recurrence observed during the shift.
INC-00213,EQ-PAT-015,Patient Monitor,Cliniview,CV-900,Emergency,2024-11-28,NIBP error occurs intermittently,NB-207,During continuous clinical use,Signal quality fluctuated between acceptable and poor,Issue was intermittent,Investigate system/circuit condition,Repeat measurement; Inspect tubing; Check cuff placement,Incorrect cuff size or cuff placement,Incorrect cuff size or cuff placement,Use correct cuff and reconnect tubing,Service part,23,Medium,Resolved,Alarm was noted reported the issue. Additional functional testing passed.
INC-00080,EQ-VEN-006,Ventilator,RespiraTech,RV-500,ICU,2024-04-12,Paw alarm triggered during ventilation,AP-217,During patient monitoring,Pressure/volume observation: 23 cmH2O peak pressure,Alarm cleared temporarily after restart,Investigate system/circuit condition,Inspect expiratory filter; Inspect breathing circuit for kinks/obstruction,Blocked expiratory filter; no additional abnormality found during basic visual inspection,Blocked expiratory filter,Replace blocked expiratory filter,Sensor,170,High,Resolved,Technician reported reported the issue. Additional functional testing passed.
INC-00149,EQ-INF-011,Infusion Pump,InfuCare,IP-500,Oncology,2024-03-21,Runtime is shorter than expected,BT-310,After repeated operation cycles,Observed rate approximately 92% of configured rate,,Possible battery degradation,Verify charging cycle; Check battery health,Evidence consistent with battery degradation,Battery degradation,Replace battery if capacity is below service threshold,Affected tubing/component,59,High,Resolved after escalation,Staff observed reported the issue. Unit returned to service after verification.
INC-00827,EQ-SUC-057,Suction Machine,SuctionPro,SP-200,ICU,2025-06-15,Pump runs continuously,VC-102,After repeated operation cycles,Vacuum measured approximately 41% below target,Alarm cleared temporarily after restart,Possible leak in tubing or collection system,Check collection jar seal; Inspect connectors; Inspect tubing,Evidence consistent with leak in tubing or collection system,Leak in tubing or collection system,Replace leaking tubing/seal,None,136,High,Resolved,Alarm was noted reported the issue. No further recurrence observed during the shift.
INC-00795,EQ-DIA-054,Dialysis Machine,RenalCare,DX-700,Dialysis Unit,2025-05-28,Pressure changes after line repositioning,AR-221,After repeated operation cycles,Pressure/conductivity reading outside configured range,No visible external damage noted,Possible blood-line restriction or access issue,Verify clamps; Inspect blood line for kinks; Check access connection; Follow clinical escalation procedure,Evidence consistent with blood-line restriction or access issue,Blood-line restriction or access issue,Correct line restriction and escalate clinical issue as required,Battery,92,Medium,Resolved,Operator reported reported the issue. Condition was monitored after corrective action.
INC-00399,EQ-ECG-028,ECG Machine,CardioLab,ECG-12,Cardiology,2024-04-05,Paper feed motor sounds abnormal,PF-208,Routine operation,Signal amplitude reduced intermittently,Issue was intermittent,Possible paper-feed mechanism obstruction,Inspect feed path; Remove obstruction,Paper-feed mechanism obstruction,Paper-feed mechanism obstruction,Reload paper or service feed mechanism,Affected tubing/component,64,High,Resolved,Operator reported reported the issue. Unit returned to service after verification.
INC-00448,EQ-DEF-031,Defibrillator,PulseGuard,PG-700,ICU,2026-06-30,Device stops charging before target energy,CH-410,After repeated operation cycles,Charge performance outside expected service range,Issue was intermittent,Suspected component issue,Inspect charging indicators; Check battery status,Battery or charging circuit issue; no additional abnormality found during basic visual inspection,Battery or charging circuit issue,Remove from clinical use and service charging system if fault persists,Affected tubing/component,173,Medium,Resolved,Unit was flagged for reported the issue. No further recurrence observed during the shift.
INC-00421,EQ-DEF-029,Defibrillator,PulseGuard,PG-700,Cardiology,2024-07-09,Device reports pads disconnected,PD-119,During patient monitoring,Charge performance outside expected service range,,Possible poor pad connection,Check pad connector; Verify pads are within expiry,Poor pad connection; no additional abnormality found during basic visual inspection,Poor pad connection,Reconnect or replace pads,None,101,Critical,Resolved,Technician reported reported the issue. Condition was monitored after corrective action.
INC-00134,EQ-INF-010,Infusion Pump,MediFlow,IF-700,General Ward,2026-04-26,Delivered flow appears below set rate,FL-104,Immediately after startup,Observed rate approximately 48% of configured rate,Alarm cleared temporarily after restart,Investigate system/circuit condition,Inspect for kinks or occlusion; Check clamps and connectors,Partial occlusion in tubing,Partial occlusion in tubing,Replace obstructed tubing if required,Service part,49,Low,Resolved,Unit was flagged for reported the issue. No further recurrence observed during the shift.
INC-00491,EQ-DEF-034,Defibrillator,PulseGuard,PG-700,Cardiology,2024-01-05,Device reports pads disconnected,PD-119,After repeated operation cycles,Charge performance outside expected service range,Issue reproduced during verification,Suspected component issue,Replace pads if necessary; Verify pads are within expiry,Poor pad connection; no additional abnormality found during basic visual inspection,Poor pad connection,Reconnect or replace pads,Affected tubing/component,147,High,Monitoring,Staff observed reported the issue. No further recurrence observed during the shift.
INC-00559,EQ-X-R-039,X-ray Machine,MedRay,MX-900,Radiology,2025-10-15,Temperature warning after repeated exposures,TH-330,During patient monitoring,Exposure/image index outside expected range,Alarm cleared temporarily after restart,Investigate system/circuit condition,Check cooling system; Allow manufacturer-specified cooling period; Review exposure history,High accumulated tube load; no additional abnormality found during basic visual inspection,High accumulated tube load,Allow cooling and escalate if warning persists unexpectedly,Sensor,29,High,Resolved,Alarm was noted reported the issue. No further recurrence observed during the shift.
INC-00364,EQ-ECG-025,ECG Machine,CardioLab,ECG-12,General Ward,2025-01-13,One channel is flat,LD-112,During patient monitoring,Signal amplitude reduced intermittently,Alarm cleared temporarily after restart,Investigate system/circuit condition,Test cable continuity; Inspect connector; Swap lead,Broken or disconnected lead wire; no additional abnormality found during basic visual inspection,Broken or disconnected lead wire,Reconnect or replace affected lead,Affected tubing/component,134,High,Resolved,Unit was flagged for reported the issue. Additional functional testing passed.
INC-00482,EQ-DEF-034,Defibrillator,PulseGuard,PG-700,Cardiology,2024-06-07,Startup self-test reports failure,ST-501,During patient monitoring,Charge performance outside expected service range,No visible external damage noted,Suspected component issue,Repeat approved self-test; Review service documentation; Record error code,Internal diagnostic fault; no additional abnormality found during basic visual inspection,Internal diagnostic fault,Remove from service and escalate to qualified service personnel,None,51,High,Resolved,Unit was flagged for reported the issue. No further recurrence observed during the shift.
INC-00651,EQ-BLO-045,Blood Analyzer,LabCore,BA-400,Pathology,2025-02-11,Analyzer reports empty reagent despite available volume,RG-207,Immediately after startup,QC deviation approximately 2.1%,,Suspected component issue,Reseat reagent container; Inspect sensor; Verify reagent identification,Evidence consistent with reagent sensor or container placement issue,Reagent sensor or container placement issue,Reseat container or service level sensor,Service part,80,Medium,Resolved,Technician reported reported the issue. Condition was monitored after corrective action.
INC-00484,EQ-DEF-034,Defibrillator,PulseGuard,PG-700,Cardiology,2024-03-04,Service indicator appears,ST-501,During patient monitoring,Charge performance outside expected service range,Issue reproduced during verification,Suspected component issue,Record error code; Review service documentation,Internal diagnostic fault,Internal diagnostic fault,Remove from service and escalate to qualified service personnel,None,75,Medium,Resolved,Alarm was noted reported the issue. No further recurrence observed during the shift.
INC-00356,EQ-ECG-025,ECG Machine,CardioLab,ECG-12,General Ward,2026-05-11,Lead-off indicator remains active,LD-112,Routine operation,Signal amplitude reduced intermittently,Issue was intermittent,Investigate system/circuit condition,Swap lead; Inspect connector,Broken or disconnected lead wire,Broken or disconnected lead wire,Reconnect or replace affected lead,Affected tubing/component,79,High,Resolved,Operator reported reported the issue. No further recurrence observed during the shift.
INC-00851,EQ-SUC-059,Suction Machine,CareVac,CV-100,General Ward,2024-10-23,Pump runs continuously,VC-102,During patient monitoring,Vacuum measured approximately 41% below target,,Investigate system/circuit condition,Inspect tubing; Perform leak check; Check collection jar seal; Inspect connectors,Leak in tubing or collection system; no additional abnormality found during basic visual inspection,Leak in tubing or collection system,Replace leaking tubing/seal,None,52,High,Resolved,Unit was flagged for reported the issue. Unit returned to service after verification.
INC-00602,EQ-X-R-042,X-ray Machine,MedRay,MX-900,Radiology,2024-04-09,Temperature warning after repeated exposures,TH-330,During patient monitoring,Exposure/image index outside expected range,,Suspected component issue,Review exposure history; Allow manufacturer-specified cooling period; Check cooling system,Evidence consistent with high accumulated tube load,High accumulated tube load,Allow cooling and escalate if warning persists unexpectedly,Sensor,97,Medium,Resolved,Alarm was noted reported the issue. No further recurrence observed during the shift.
INC-00901,EQ-SUC-062,Suction Machine,SuctionPro,SP-200,Emergency,2024-08-31,Vacuum does not reach set level,,During continuous clinical use,Vacuum measured approximately 55% below target,,Possible leak in tubing or collection system,Inspect tubing; Inspect connectors,Leak in tubing or collection system; no additional abnormality found during basic visual inspection,Leak in tubing or collection system,Replace leaking tubing/seal,Electrodes,147,Low,Monitoring,Staff observed reported the issue. Additional functional testing passed.
INC-00173,EQ-INF-012,Infusion Pump,MediFlow,IF-700,ICU,2024-12-15,Pressure rises after infusion starts,OC-201,After repeated operation cycles,Observed rate approximately 87% of configured rate,Alarm cleared temporarily after restart,Investigate system/circuit condition,Check clamps; Replace obstructed tubing; Inspect catheter connection; Check downstream line,Downstream tubing obstruction; no additional abnormality found during basic visual inspection,Downstream tubing obstruction,Clear obstruction or replace affected line,None,173,Medium,Resolved,Alarm was noted reported the issue. Condition was monitored after corrective action.
INC-00478,EQ-DEF-033,Defibrillator,PulseGuard,PG-700,ICU,2024-01-25,Startup self-test reports failure,ST-501,Routine operation,Charge performance outside expected service range,No visible external damage noted,Investigate system/circuit condition,Record error code; Review service documentation,Internal diagnostic fault; no additional abnormality found during basic visual inspection,Internal diagnostic fault,Remove from service and escalate to qualified service personnel,Service part,46,Medium,Monitoring,Operator reported reported the issue. Condition was monitored after corrective action.
INC-00834,EQ-SUC-057,Suction Machine,SuctionPro,SP-200,ICU,2025-12-13,Motor sounds normal but suction is reduced,SU-214,During patient monitoring,Vacuum measured approximately 43% below target,,Possible blocked suction filter or tubing,Inspect tubing; Clear approved obstruction,Blocked suction filter or tubing; no additional abnormality found during basic visual inspection,Blocked suction filter or tubing,Replace blocked filter or tubing,Sensor,143,Medium,Resolved,Alarm was noted reported the issue. Condition was monitored after corrective action.
INC-00824,EQ-DIA-056,Dialysis Machine,DialyTech,DT-500,Dialysis Unit,2024-01-01,Arterial pressure more negative than expected,,Immediately after startup,Pressure/conductivity reading outside configured range,Issue was intermittent,Suspected component issue,Verify clamps; Check access connection; Inspect blood line for kinks,Blood-line restriction or access issue,Blood-line restriction or access issue,Correct line restriction and escalate clinical issue as required,Affected tubing/component,60,High,Resolved,Operator reported reported the issue. Condition was monitored after corrective action.
INC-00830,EQ-SUC-057,Suction Machine,SuctionPro,SP-200,ICU,2024-03-15,Vacuum does not reach set level,VC-102,After repeated operation cycles,Vacuum measured approximately 49% below target,Issue reproduced during verification,Possible leak in tubing or collection system,Inspect connectors; Perform leak check; Inspect tubing,Evidence consistent with leak in tubing or collection system,Leak in tubing or collection system,Replace leaking tubing/seal,Affected tubing/component,37,Critical,Resolved after escalation,Technician reported reported the issue. Condition was monitored after corrective action.
INC-00091,EQ-VEN-007,Ventilator,RespiraTech,RV-500,Emergency,2026-03-15,Tidal volume consistently above set value,TV-331,After repeated operation cycles,Pressure/volume observation: 48 cmH2O peak pressure,Alarm cleared temporarily after restart,Possible incorrect ventilator settings,Check pressure support; Verify mode and tidal-volume setting,Incorrect ventilator settings,Incorrect ventilator settings,Correct configuration and repeat verification,Service part,123,Medium,Monitoring,Operator reported reported the issue. No further recurrence observed during the shift.
INC-00864,EQ-SUC-060,Suction Machine,CareVac,CV-100,Emergency,2024-02-15,Vacuum does not reach set level,VC-102,During patient monitoring,Vacuum measured approximately 52% below target,,Possible leak in tubing or collection system,Perform leak check; Check collection jar seal,Leak in tubing or collection system,Leak in tubing or collection system,Replace leaking tubing/seal,Sensor,28,Low,Resolved,Unit was flagged for reported the issue. Unit returned to service after verification.
INC-00182,EQ-INF-013,Infusion Pump,InfuCare,IP-500,General Ward,2025-07-28,Pressure rises after infusion starts,OC-201,After repeated operation cycles,Observed rate approximately 42% of configured rate,Issue was intermittent,Possible downstream tubing obstruction,Check clamps; Inspect catheter connection; Check downstream line; Replace obstructed tubing,Downstream tubing obstruction,Downstream tubing obstruction,Clear obstruction or replace affected line,Sensor,143,Critical,Resolved,Technician reported reported the issue. Condition was monitored after corrective action.
INC-00498,EQ-DEF-035,Defibrillator,RescueMed,D-500,Emergency,2025-02-06,Device stops charging before target energy,CH-410,During patient monitoring,Charge performance outside expected service range,Alarm cleared temporarily after restart,Suspected component issue,Run charge test; Connect to approved power source; Check battery status,Battery or charging circuit issue; no additional abnormality found during basic visual inspection,Battery or charging circuit issue,Remove from clinical use and service charging system if fault persists,Electrodes,103,Medium,Resolved,Operator reported reported the issue. Condition was monitored after corrective action.
INC-00823,EQ-DIA-056,Dialysis Machine,DialyTech,DT-500,Dialysis Unit,2024-07-26,Arterial pressure more negative than expected,,During continuous clinical use,Pressure/conductivity reading outside configured range,Issue reproduced during verification,Suspected component issue,Follow clinical escalation procedure; Verify clamps,Blood-line restriction or access issue; no additional abnormality found during basic visual inspection,Blood-line restriction or access issue,Correct line restriction and escalate clinical issue as required,None,123,Medium,Resolved,Staff observed reported the issue. Unit returned to service after verification.
INC-00070,EQ-VEN-005,Ventilator,MedAir,V-800,NICU,2024-09-07,Tidal volume consistently above set value,TV-331,During continuous clinical use,Pressure/volume observation: 40 cmH2O peak pressure,Issue reproduced during verification,Investigate system/circuit condition,Check pressure support; Run device self-test,Incorrect ventilator settings,Incorrect ventilator settings,Correct configuration and repeat verification,Battery,93,Medium,Monitoring,Staff observed reported the issue. Condition was monitored after corrective action.
INC-00292,EQ-PAT-021,Patient Monitor,VitalSys,PM-300,Emergency,2026-07-02,Touchscreen becomes unresponsive,DS-401,During patient monitoring,Signal quality fluctuated between acceptable and poor,,Possible software/process instability,Run system diagnostics; Restart according to service procedure; Check power supply,Software/process instability; no additional abnormality found during basic visual inspection,Software/process instability,Restart and escalate for service if recurrence persists,Filter,131,Critical,Resolved,Operator reported reported the issue. Unit returned to service after verification.
INC-00132,EQ-INF-010,Infusion Pump,MediFlow,IF-700,General Ward,2026-02-04,Small air bubble visible in tubing,AI-115,After repeated operation cycles,Observed rate approximately 72% of configured rate,No visible external damage noted,Suspected component issue,Inspect line and connections; Stop infusion; Check air sensor; Prime tubing according to procedure,Evidence consistent with air detected in infusion line,Air detected in infusion line,Remove air and prime/reseat tubing,Service part,85,High,Monitoring,Unit was flagged for reported the issue. Condition was monitored after corrective action.
INC-00351,EQ-ECG-025,ECG Machine,CardioLab,ECG-12,General Ward,2026-05-30,One channel is flat,LD-112,Immediately after startup,Signal amplitude reduced intermittently,No visible external damage noted,Possible broken or disconnected lead wire,Inspect connector; Test cable continuity; Swap lead,Evidence consistent with broken or disconnected lead wire,Broken or disconnected lead wire,Reconnect or replace affected lead,None,129,High,Resolved,Operator reported reported the issue. No further recurrence observed during the shift.
INC-00501,EQ-DEF-035,Defibrillator,RescueMed,D-500,Emergency,2026-01-03,Service indicator appears,ST-501,Immediately after startup,Charge performance outside expected service range,Issue was intermittent,Possible internal diagnostic fault,Repeat approved self-test; Review service documentation,Evidence consistent with internal diagnostic fault,Internal diagnostic fault,Remove from service and escalate to qualified service personnel,None,75,High,Resolved,Technician reported reported the issue. No further recurrence observed during the shift.
INC-00136,EQ-INF-010,Infusion Pump,MediFlow,IF-700,General Ward,2025-03-30,Flow remains below configured rate,FL-104,During continuous clinical use,Observed rate approximately 40% of configured rate,,Suspected component issue,Verify pump calibration; Check clamps and connectors; Inspect tubing path; Inspect for kinks or occlusion,Partial occlusion in tubing,Partial occlusion in tubing,Replace obstructed tubing if required,Battery,114,Low,Resolved,Staff observed reported the issue. Additional functional testing passed.
INC-00165,EQ-INF-012,Infusion Pump,MediFlow,IF-700,ICU,2024-05-06,Runtime is shorter than expected,BT-310,During patient monitoring,Observed rate approximately 65% of configured rate,No visible external damage noted,Investigate system/circuit condition,Inspect power connector; Check battery health; Verify charging cycle,Evidence consistent with battery degradation,Battery degradation,Replace battery if capacity is below service threshold,Service part,31,High,Resolved,Operator reported reported the issue. Unit returned to service after verification.
INC-00029,EQ-VEN-002,Ventilator,MedAir,V-800,NICU,2025-04-17,Minute volume below configured value,MV-104,During continuous clinical use,Pressure/volume observation: 31 cmH2O peak pressure,No visible external damage noted,Suspected component issue,Perform leak test; Verify cuff/circuit integrity; Inspect tubing for cracks,Circuit leak; no additional abnormality found during basic visual inspection,Circuit leak,Repair or replace leaking circuit component,Battery,69,Critical,Resolved,Alarm was noted reported the issue. Additional functional testing passed.
INC-00517,EQ-X-R-036,X-ray Machine,Radiant Imaging,XR-500,Emergency,2024-11-06,Temperature warning after repeated exposures,TH-330,After repeated operation cycles,Exposure/image index outside expected range,No visible external damage noted,Possible high accumulated tube load,Allow manufacturer-specified cooling period; Review exposure history; Check cooling system,High accumulated tube load,High accumulated tube load,Allow cooling and escalate if warning persists unexpectedly,Sensor,174,Medium,Resolved after escalation,Technician reported reported the issue. Condition was monitored after corrective action.
INC-00194,EQ-INF-014,Infusion Pump,MediFlow,IF-700,Oncology,2025-06-12,Battery percentage falls rapidly,BT-310,Routine operation,Observed rate approximately 57% of configured rate,,Possible battery degradation,Check battery health; Inspect power connector; Verify charging cycle,Battery degradation; no additional abnormality found during basic visual inspection,Battery degradation,Replace battery if capacity is below service threshold,Electrodes,169,High,Resolved,Staff observed reported the issue. Additional functional testing passed.
INC-00324,EQ-ECG-023,ECG Machine,HeartTrace,H-300,Cardiology,2025-08-29,Printer does not advance paper,PF-208,Routine operation,Signal amplitude reduced intermittently,Issue reproduced during verification,Investigate system/circuit condition,Inspect feed path; Remove obstruction; Check paper alignment,Paper-feed mechanism obstruction; no additional abnormality found during basic visual inspection,Paper-feed mechanism obstruction,Reload paper or service feed mechanism,Filter,107,Medium,Resolved,Operator reported reported the issue. No further recurrence observed during the shift.
INC-00588,EQ-X-R-041,X-ray Machine,Radiant Imaging,XR-500,Radiology,2026-03-31,Image appears consistently too light,IM-214,During continuous clinical use,Exposure/image index outside expected range,Issue reproduced during verification,Suspected component issue,Verify kVp/mAs settings; Review exposure index,Incorrect exposure settings or detector issue,Incorrect exposure settings or detector issue,Correct exposure parameters or service detector,Service part,57,High,Resolved,Staff observed reported the issue. Additional functional testing passed.
INC-00170,EQ-INF-012,Infusion Pump,MediFlow,IF-700,ICU,2026-06-02,Air-in-line alarm during infusion,AI-115,Immediately after startup,Observed rate approximately 65% of configured rate,No visible external damage noted,Investigate system/circuit condition,Inspect line and connections; Prime tubing according to procedure; Check air sensor; Stop infusion,Air detected in infusion line; no additional abnormality found during basic visual inspection,Air detected in infusion line,Remove air and prime/reseat tubing,Filter,174,Medium,Resolved,Unit was flagged for reported the issue. Condition was monitored after corrective action.
INC-00887,EQ-SUC-061,Suction Machine,SuctionPro,SP-200,ICU,2025-06-27,Pump runs continuously,VC-102,After repeated operation cycles,Vacuum measured approximately 44% below target,,Suspected component issue,Perform leak check; Check collection jar seal; Inspect tubing,Leak in tubing or collection system; no additional abnormality found during basic visual inspection,Leak in tubing or collection system,Replace leaking tubing/seal,Sensor,116,High,Resolved,Technician reported reported the issue. Condition was monitored after corrective action.
INC-00141,EQ-INF-010,Infusion Pump,MediFlow,IF-700,General Ward,2026-03-03,Infusion is running slower than the programmed rate,,During patient monitoring,Observed rate approximately 89% of configured rate,,Possible partial occlusion in tubing,Inspect for kinks or occlusion; Check clamps and connectors; Inspect tubing path,Partial occlusion in tubing,Partial occlusion in tubing,Replace obstructed tubing if required,Affected tubing/component,116,Medium,Resolved,Unit was flagged for reported the issue. Condition was monitored after corrective action.
INC-00174,EQ-INF-013,Infusion Pump,InfuCare,IP-500,General Ward,2024-02-16,Air-in-line alarm during infusion,AI-115,Routine operation,Observed rate approximately 66% of configured rate,Alarm cleared temporarily after restart,Possible air detected in infusion line,Inspect line and connections; Prime tubing according to procedure; Check air sensor,Air detected in infusion line,Air detected in infusion line,Remove air and prime/reseat tubing,None,111,Medium,Resolved,Operator reported reported the issue. Unit returned to service after verification.
INC-00007,EQ-VEN-001,Ventilator,MedAir,V-800,Emergency,2024-10-06,Self-test stops at flow-sensor check,ST-009,During continuous clinical use,Pressure/volume observation: 42 cmH2O peak pressure,Alarm cleared temporarily after restart,Possible flow sensor calibration drift,Clean/reseat sensor; Inspect flow sensor,Evidence consistent with flow sensor calibration drift,Flow sensor calibration drift,Calibrate or replace flow sensor,None,169,High,Resolved,Unit was flagged for reported the issue. Additional functional testing passed.
INC-00592,EQ-X-R-042,X-ray Machine,MedRay,MX-900,Radiology,2025-11-29,Interlock indicator remains active,XR-102,During patient monitoring,Exposure/image index outside expected range,No visible external damage noted,Possible interlock condition not satisfied,Check door/interlock status; Verify system ready state; Review displayed fault code,Interlock condition not satisfied; no additional abnormality found during basic visual inspection,Interlock condition not satisfied,Resolve interlock condition before exposure,None,129,High,Resolved,Unit was flagged for reported the issue. No further recurrence observed during the shift.
INC-00487,EQ-DEF-034,Defibrillator,PulseGuard,PG-700,Cardiology,2024-02-07,Startup self-test reports failure,ST-501,During patient monitoring,Charge performance outside expected service range,Issue was intermittent,Suspected component issue,Record error code; Review service documentation,Evidence consistent with internal diagnostic fault,Internal diagnostic fault,Remove from service and escalate to qualified service personnel,Sensor,98,High,Resolved,Alarm was noted reported the issue. Unit returned to service after verification.
INC-00074,EQ-VEN-006,Ventilator,RespiraTech,RV-500,ICU,2025-09-08,Minute volume below configured value,MV-104,During patient monitoring,Pressure/volume observation: 47 cmH2O peak pressure,,Suspected component issue,Inspect tubing for cracks; Verify cuff/circuit integrity,Circuit leak,Circuit leak,Repair or replace leaking circuit component,Electrodes,86,Medium,Resolved,Operator reported reported the issue. Condition was monitored after corrective action.
INC-00629,EQ-BLO-044,Blood Analyzer,LabCore,BA-400,Laboratory,2025-01-24,Sample aspiration stops,SA-118,Routine operation,QC deviation approximately 4.4%,No visible external damage noted,Possible clogged aspiration probe,Inspect probe; Check sample volume,Clogged aspiration probe,Clogged aspiration probe,Clean probe and repeat aspiration test,None,130,High,Resolved,Alarm was noted reported the issue. Condition was monitored after corrective action.
INC-00804,EQ-DIA-055,Dialysis Machine,RenalCare,DX-700,Dialysis Unit,2024-05-17,Conductivity reading outside target,CO-115,Routine operation,Pressure/conductivity reading outside configured range,No visible external damage noted,Investigate system/circuit condition,Check connections; Run approved conductivity check; Verify concentrate supply,Dialysate mixing/calibration issue,Dialysate mixing/calibration issue,Correct concentrate supply or service calibration,Filter,133,High,Resolved after escalation,Operator reported reported the issue. Unit returned to service after verification.
INC-00583,EQ-X-R-041,X-ray Machine,Radiant Imaging,XR-500,Radiology,2024-10-06,Exposure command ignored,XR-102,Immediately after startup,Exposure/image index outside expected range,,Suspected component issue,Review displayed fault code; Verify system ready state; Check door/interlock status,Evidence consistent with interlock condition not satisfied,Interlock condition not satisfied,Resolve interlock condition before exposure,None,154,Medium,Resolved,Operator reported reported the issue. Additional functional testing passed.
INC-00146,EQ-INF-011,Infusion Pump,InfuCare,IP-500,Oncology,2024-10-31,Small air bubble visible in tubing,AI-115,Immediately after startup,Observed rate approximately 41% of configured rate,No visible external damage noted,Suspected component issue,Prime tubing according to procedure; Check air sensor,Evidence consistent with air detected in infusion line,Air detected in infusion line,Remove air and prime/reseat tubing,Battery,158,High,Resolved,Technician reported reported the issue. Unit returned to service after verification.
INC-00235,EQ-PAT-017,Patient Monitor,VitalSys,PM-300,Emergency,2025-05-07,Baseline wanders,,After repeated operation cycles,Signal quality fluctuated between acceptable and poor,Issue was intermittent,Possible loose or degraded ecg electrode connection,Replace degraded electrodes; Inspect lead wires,Loose or degraded ECG electrode connection,Loose or degraded ECG electrode connection,Replace electrodes or affected lead,Sensor,180,High,Monitoring,Technician reported reported the issue. Unit returned to service after verification.
INC-00221,EQ-PAT-016,Patient Monitor,VitalSys,PM-300,ICU,2024-12-04,Touchscreen becomes unresponsive,DS-401,After repeated operation cycles,Signal quality fluctuated between acceptable and poor,Alarm cleared temporarily after restart,Possible software/process instability,Review event log; Restart according to service procedure,Software/process instability,Software/process instability,Restart and escalate for service if recurrence persists,Service part,8,Medium,Resolved,Staff observed reported the issue. No further recurrence observed during the shift.
INC-00865,EQ-SUC-060,Suction Machine,CareVac,CV-100,Emergency,2026-04-11,Vacuum does not reach set level,VC-102,Immediately after startup,Vacuum measured approximately 57% below target,No visible external damage noted,Suspected component issue,Check collection jar seal; Inspect connectors,Leak in tubing or collection system,Leak in tubing or collection system,Replace leaking tubing/seal,None,109,High,Resolved,Staff observed reported the issue. Unit returned to service after verification.
INC-00713,EQ-BLO-049,Blood Analyzer,HemaTech,HA-600,Laboratory,2025-08-12,Analyzer reports empty reagent despite available volume,RG-207,Immediately after startup,QC deviation approximately 7.6%,Alarm cleared temporarily after restart,Possible reagent sensor or container placement issue,Verify reagent identification; Inspect sensor; Reseat reagent container,Evidence consistent with reagent sensor or container placement issue,Reagent sensor or container placement issue,Reseat container or service level sensor,Electrodes,173,Medium,Resolved after escalation,Staff observed reported the issue. Condition was monitored after corrective action.
INC-00133,EQ-INF-010,Infusion Pump,MediFlow,IF-700,General Ward,2024-10-05,Small air bubble visible in tubing,AI-115,During patient monitoring,Observed rate approximately 39% of configured rate,Alarm cleared temporarily after restart,Suspected component issue,Stop infusion; Prime tubing according to procedure; Inspect line and connections,Evidence consistent with air detected in infusion line,Air detected in infusion line,Remove air and prime/reseat tubing,Service part,58,Medium,Resolved,Unit was flagged for reported the issue. Condition was monitored after corrective action.
INC-00483,EQ-DEF-034,Defibrillator,PulseGuard,PG-700,Cardiology,2024-12-02,Device stops charging before target energy,CH-410,Routine operation,Charge performance outside expected service range,Issue reproduced during verification,Suspected component issue,Connect to approved power source; Inspect charging indicators,Battery or charging circuit issue; no additional abnormality found during basic visual inspection,Battery or charging circuit issue,Remove from clinical use and service charging system if fault persists,Affected tubing/component,168,Medium,Resolved,Operator reported reported the issue. Unit returned to service after verification.
INC-00900,EQ-SUC-062,Suction Machine,SuctionPro,SP-200,Emergency,2026-05-09,Pump runs continuously,VC-102,After repeated operation cycles,Vacuum measured approximately 44% below target,,Investigate system/circuit condition,Inspect connectors; Inspect tubing; Check collection jar seal,Leak in tubing or collection system,Leak in tubing or collection system,Replace leaking tubing/seal,Affected tubing/component,57,Low,Resolved after escalation,Staff observed reported the issue. No further recurrence observed during the shift.
INC-00186,EQ-INF-013,Infusion Pump,InfuCare,IP-500,General Ward,2025-04-30,Battery percentage falls rapidly,BT-310,Immediately after startup,Observed rate approximately 69% of configured rate,Issue reproduced during verification,Possible battery degradation,Check battery health; Inspect power connector,Evidence consistent with battery degradation,Battery degradation,Replace battery if capacity is below service threshold,None,151,Medium,Resolved,Operator reported reported the issue. Unit returned to service after verification.
INC-00042,EQ-VEN-003,Ventilator,MedAir,V-800,ICU,2025-05-08,Low-volume alarm during ventilation,MV-104,During continuous clinical use,Pressure/volume observation: 29 cmH2O peak pressure,Alarm cleared temporarily after restart,Investigate system/circuit condition,Check circuit connections; Perform leak test; Inspect tubing for cracks; Verify cuff/circuit integrity,Circuit leak; no additional abnormality found during basic visual inspection,Circuit leak,Repair or replace leaking circuit component,Affected tubing/component,74,Medium,Resolved,Alarm was noted reported the issue. Condition was monitored after corrective action.
INC-00844,EQ-SUC-058,Suction Machine,CareVac,CV-100,General Ward,2024-11-27,Vacuum does not reach set level,VC-102,During continuous clinical use,Vacuum measured approximately 33% below target,No visible external damage noted,Suspected component issue,Inspect connectors; Perform leak check; Check collection jar seal,Evidence consistent with leak in tubing or collection system,Leak in tubing or collection system,Replace leaking tubing/seal,Filter,155,High,Resolved,Unit was flagged for reported the issue. Additional functional testing passed.
INC-00109,EQ-INF-008,Infusion Pump,InfuCare,IP-500,ICU,2025-05-09,Air-in-line alarm during infusion,AI-115,Immediately after startup,Observed rate approximately 53% of configured rate,Issue reproduced during verification,Suspected component issue,Inspect line and connections; Prime tubing according to procedure; Check air sensor,Air detected in infusion line,Air detected in infusion line,Remove air and prime/reseat tubing,Sensor,126,High,Resolved,Unit was flagged for reported the issue. Condition was monitored after corrective action.
INC-00520,EQ-X-R-036,X-ray Machine,Radiant Imaging,XR-500,Emergency,2025-07-12,Exposure index below expected range,IM-214,Immediately after startup,Exposure/image index outside expected range,,Investigate system/circuit condition,Check detector status; Review exposure index; Verify kVp/mAs settings,Incorrect exposure settings or detector issue,Incorrect exposure settings or detector issue,Correct exposure parameters or service detector,Filter,112,Medium,Monitoring,Unit was flagged for reported the issue. Unit returned to service after verification.
INC-00057,EQ-VEN-004,Ventilator,RespiraTech,RV-500,ICU,2026-07-16,Self-test stops at flow-sensor check,ST-009,During patient monitoring,Pressure/volume observation: 20 cmH2O peak pressure,No visible external damage noted,Suspected component issue,Clean/reseat sensor; Inspect flow sensor,Evidence consistent with flow sensor calibration drift,Flow sensor calibration drift,Calibrate or replace flow sensor,None,66,Critical,Resolved,Operator reported reported the issue. No further recurrence observed during the shift.
INC-00902,EQ-SUC-062,Suction Machine,SuctionPro,SP-200,Emergency,2026-04-15,Vacuum does not reach set level,VC-102,During patient monitoring,Vacuum measured approximately 31% below target,Alarm cleared temporarily after restart,Suspected component issue,Inspect tubing; Perform leak check; Inspect connectors,Leak in tubing or collection system,Leak in tubing or collection system,Replace leaking tubing/seal,Electrodes,166,Low,Resolved,Operator reported reported the issue. No further recurrence observed during the shift.
INC-00591,EQ-X-R-042,X-ray Machine,MedRay,MX-900,Radiology,2024-05-21,Exposure command ignored,XR-102,During continuous clinical use,Exposure/image index outside expected range,Alarm cleared temporarily after restart,Possible interlock condition not satisfied,Verify system ready state; Review displayed fault code; Check door/interlock status,Interlock condition not satisfied; no additional abnormality found during basic visual inspection,Interlock condition not satisfied,Resolve interlock condition before exposure,None,71,Low,Monitoring,Unit was flagged for reported the issue. Additional functional testing passed.
INC-00569,EQ-X-R-040,X-ray Machine,Radiant Imaging,XR-500,Radiology,2025-06-10,Exposure index below expected range,IM-214,After repeated operation cycles,Exposure/image index outside expected range,No visible external damage noted,Possible incorrect exposure settings or detector issue,Check detector status; Verify kVp/mAs settings,Incorrect exposure settings or detector issue; no additional abnormality found during basic visual inspection,Incorrect exposure settings or detector issue,Correct exposure parameters or service detector,None,113,Medium,Resolved,Operator reported reported the issue. No further recurrence observed during the shift.
INC-00025,EQ-VEN-002,Ventilator,MedAir,V-800,NICU,2024-12-19,Calibration warning appears at startup,ST-009,During continuous clinical use,Pressure/volume observation: 36 cmH2O peak pressure,,Suspected component issue,Clean/reseat sensor; Inspect flow sensor,Flow sensor calibration drift; no additional abnormality found during basic visual inspection,Flow sensor calibration drift,Calibrate or replace flow sensor,Sensor,126,Critical,Resolved,Unit was flagged for reported the issue. No further recurrence observed during the shift.
INC-00369,EQ-ECG-026,ECG Machine,CardioLab,ECG-12,Emergency,2024-05-03,One channel is flat,LD-112,After repeated operation cycles,Signal amplitude reduced intermittently,Alarm cleared temporarily after restart,Possible broken or disconnected lead wire,Inspect connector; Swap lead; Test cable continuity,Broken or disconnected lead wire,Broken or disconnected lead wire,Reconnect or replace affected lead,Service part,10,High,Resolved,Staff observed reported the issue. No further recurrence observed during the shift.
INC-00454,EQ-DEF-032,Defibrillator,RescueMed,D-500,ICU,2024-11-07,Startup self-test reports failure,ST-501,Routine operation,Charge performance outside expected service range,Issue was intermittent,Possible internal diagnostic fault,Record error code; Repeat approved self-test,Evidence consistent with internal diagnostic fault,Internal diagnostic fault,Remove from service and escalate to qualified service personnel,Affected tubing/component,78,Medium,Resolved,Operator reported reported the issue. Unit returned to service after verification.
INC-00597,EQ-X-R-042,X-ray Machine,MedRay,MX-900,Radiology,2024-12-11,Temperature warning after repeated exposures,TH-330,Routine operation,Exposure/image index outside expected range,Alarm cleared temporarily after restart,Possible high accumulated tube load,Check cooling system; Allow manufacturer-specified cooling period,Evidence consistent with high accumulated tube load,High accumulated tube load,Allow cooling and escalate if warning persists unexpectedly,Sensor,162,Medium,Resolved,Staff observed reported the issue. Unit returned to service after verification.
INC-00052,EQ-VEN-004,Ventilator,RespiraTech,RV-500,ICU,2025-10-20,Peak pressure elevated during inspiration,AP-217,Immediately after startup,Pressure/volume observation: 36 cmH2O peak pressure,No visible external damage noted,Suspected component issue,Inspect breathing circuit for kinks/obstruction; Inspect patient connection; Verify pressure settings,Blocked expiratory filter,Blocked expiratory filter,Replace blocked expiratory filter,Service part,129,High,Resolved,Staff observed reported the issue. Additional functional testing passed.
INC-00430,EQ-DEF-030,Defibrillator,PulseGuard,PG-700,ICU,2024-05-29,Service indicator appears,,After repeated operation cycles,Charge performance outside expected service range,Alarm cleared temporarily after restart,Investigate system/circuit condition,Repeat approved self-test; Review service documentation,Evidence consistent with internal diagnostic fault,Internal diagnostic fault,Remove from service and escalate to qualified service personnel,Battery,101,Medium,Resolved,Alarm was noted reported the issue. Additional functional testing passed.
INC-00846,EQ-SUC-058,Suction Machine,CareVac,CV-100,General Ward,2026-05-06,Vacuum does not reach set level,VC-102,Routine operation,Vacuum measured approximately 29% below target,No visible external damage noted,Suspected component issue,Inspect tubing; Perform leak check; Inspect connectors; Check collection jar seal,Evidence consistent with leak in tubing or collection system,Leak in tubing or collection system,Replace leaking tubing/seal,Sensor,130,Low,Resolved,Operator reported reported the issue. No further recurrence observed during the shift.
INC-00584,EQ-X-R-041,X-ray Machine,Radiant Imaging,XR-500,Radiology,2024-12-21,System requests cooling period,TH-330,Routine operation,Exposure/image index outside expected range,,Possible high accumulated tube load,Review exposure history; Allow manufacturer-specified cooling period; Check cooling system,Evidence consistent with high accumulated tube load,High accumulated tube load,Allow cooling and escalate if warning persists unexpectedly,None,34,High,Resolved,Staff observed reported the issue. No further recurrence observed during the shift.
INC-00265,EQ-PAT-019,Patient Monitor,Cliniview,CV-900,Emergency,2025-06-28,Intermittent artifact on ECG trace,EC-118,Immediately after startup,Signal quality fluctuated between acceptable and poor,,Investigate system/circuit condition,Verify grounding; Replace degraded electrodes; Inspect lead wires,Loose or degraded ECG electrode connection,Loose or degraded ECG electrode connection,Replace electrodes or affected lead,None,154,Medium,Resolved,Operator reported reported the issue. No further recurrence observed during the shift.
INC-00771,EQ-DIA-053,Dialysis Machine,RenalCare,DX-700,ICU,2024-11-11,Pressure changes after line repositioning,AR-221,During continuous clinical use,Pressure/conductivity reading outside configured range,,Investigate system/circuit condition,Inspect blood line for kinks; Check access connection; Follow clinical escalation procedure; Verify clamps,Blood-line restriction or access issue; no additional abnormality found during basic visual inspection,Blood-line restriction or access issue,Correct line restriction and escalate clinical issue as required,Sensor,90,Medium,Resolved,Technician reported reported the issue. Additional functional testing passed.
INC-00718,EQ-DIA-050,Dialysis Machine,DialyTech,DT-500,ICU,2024-08-09,Alarm occurs during preparation,CO-115,After repeated operation cycles,Pressure/conductivity reading outside configured range,Alarm cleared temporarily after restart,Possible dialysate mixing/calibration issue,Check connections; Run approved conductivity check,Evidence consistent with dialysate mixing/calibration issue,Dialysate mixing/calibration issue,Correct concentrate supply or service calibration,Battery,149,High,Resolved,Operator reported reported the issue. Unit returned to service after verification.
INC-00433,EQ-DEF-030,Defibrillator,PulseGuard,PG-700,ICU,2025-11-25,Device reports pads disconnected,,Routine operation,Charge performance outside expected service range,Issue reproduced during verification,Suspected component issue,Check pad connector; Replace pads if necessary,Evidence consistent with poor pad connection,Poor pad connection,Reconnect or replace pads,Electrodes,171,High,Resolved,Unit was flagged for reported the issue. Additional functional testing passed.
INC-00746,EQ-DIA-051,Dialysis Machine,RenalCare,DX-700,Dialysis Unit,2024-12-29,Pressure changes after line repositioning,AR-221,After repeated operation cycles,Pressure/conductivity reading outside configured range,Issue was intermittent,Possible blood-line restriction or access issue,Check access connection; Verify clamps,Blood-line restriction or access issue,Blood-line restriction or access issue,Correct line restriction and escalate clinical issue as required,Battery,148,Medium,Resolved,Technician reported reported the issue. Additional functional testing passed.
INC-00019,EQ-VEN-002,Ventilator,MedAir,V-800,NICU,2025-09-01,Pressure rises above expected range,AP-217,After repeated operation cycles,Pressure/volume observation: 33 cmH2O peak pressure,Alarm cleared temporarily after restart,Suspected component issue,Inspect patient connection; Inspect breathing circuit for kinks/obstruction,Evidence consistent with blocked expiratory filter,Blocked expiratory filter,Replace blocked expiratory filter,Battery,87,Medium,Resolved,Technician reported reported the issue. Unit returned to service after verification.
INC-00659,EQ-BLO-046,Blood Analyzer,LabCore,BA-400,Pathology,2024-01-21,QC failure repeats on same assay,,After repeated operation cycles,QC deviation approximately 1.9%,No visible external damage noted,Possible reagent deterioration or calibration drift,Repeat control; Run calibration; Check reagent lot and expiry,Reagent deterioration or calibration drift,Reagent deterioration or calibration drift,Replace compromised reagent or recalibrate,Service part,150,Medium,Resolved,Technician reported reported the issue. Additional functional testing passed.
INC-00523,EQ-X-R-037,X-ray Machine,MedRay,MX-900,Emergency,2024-11-04,Exposure command ignored,XR-102,Routine operation,Exposure/image index outside expected range,No visible external damage noted,Possible interlock condition not satisfied,Review displayed fault code; Check door/interlock status,Interlock condition not satisfied; no additional abnormality found during basic visual inspection,Interlock condition not satisfied,Resolve interlock condition before exposure,Affected tubing/component,57,High,Resolved,Technician reported reported the issue. No further recurrence observed during the shift.
INC-00612,EQ-BLO-043,Blood Analyzer,HemaTech,HA-600,Pathology,2026-07-07,QC failure repeats on same assay,QC-301,During continuous clinical use,QC deviation approximately 5.8%,Issue reproduced during verification,Investigate system/circuit condition,Check reagent lot and expiry; Inspect QC history; Repeat control; Run calibration,Reagent deterioration or calibration drift; no additional abnormality found during basic visual inspection,Reagent deterioration or calibration drift,Replace compromised reagent or recalibrate,Filter,122,Medium,Resolved,Technician reported reported the issue. Additional functional testing passed.
INC-00084,EQ-VEN-007,Ventilator,RespiraTech,RV-500,Emergency,2025-12-07,Calibration warning appears at startup,ST-009,During continuous clinical use,Pressure/volume observation: 22 cmH2O peak pressure,Alarm cleared temporarily after restart,Possible flow sensor calibration drift,Run calibration procedure; Clean/reseat sensor; Inspect flow sensor,Flow sensor calibration drift; no additional abnormality found during basic visual inspection,Flow sensor calibration drift,Calibrate or replace flow sensor,Battery,145,High,Monitoring,Operator reported reported the issue. Additional functional testing passed.
INC-00062,EQ-VEN-005,Ventilator,MedAir,V-800,NICU,2025-07-12,Self-test stops at flow-sensor check,ST-009,During patient monitoring,Pressure/volume observation: 33 cmH2O peak pressure,Issue was intermittent,Investigate system/circuit condition,Clean/reseat sensor; Run calibration procedure; Inspect flow sensor,Evidence consistent with flow sensor calibration drift,Flow sensor calibration drift,Calibrate or replace flow sensor,Battery,95,Medium,Resolved,Unit was flagged for reported the issue. Condition was monitored after corrective action.
INC-00273,EQ-PAT-019,Patient Monitor,Cliniview,CV-900,Emergency,2025-08-14,Baseline wanders,EC-118,Immediately after startup,Signal quality fluctuated between acceptable and poor,Alarm cleared temporarily after restart,Investigate system/circuit condition,Inspect lead wires; Verify grounding; Replace degraded electrodes; Check electrode adhesion,Loose or degraded ECG electrode connection,Loose or degraded ECG electrode connection,Replace electrodes or affected lead,Sensor,42,Medium,Resolved,Unit was flagged for reported the issue. Unit returned to service after verification.
INC-00286,EQ-PAT-020,Patient Monitor,Cliniview,CV-900,ICU,2024-07-30,Touchscreen becomes unresponsive,DS-401,Routine operation,Signal quality fluctuated between acceptable and poor,,Possible software/process instability,Run system diagnostics; Review event log; Check power supply; Restart according to service procedure,Software/process instability; no additional abnormality found during basic visual inspection,Software/process instability,Restart and escalate for service if recurrence persists,Sensor,112,Medium,Resolved,Staff observed reported the issue. Additional functional testing passed.
INC-00534,EQ-X-R-038,X-ray Machine,Radiant Imaging,XR-500,Radiology,2026-04-04,Image appears consistently too light,,After repeated operation cycles,Exposure/image index outside expected range,Alarm cleared temporarily after restart,Possible incorrect exposure settings or detector issue,Review exposure index; Verify kVp/mAs settings; Check detector status,Evidence consistent with incorrect exposure settings or detector issue,Incorrect exposure settings or detector issue,Correct exposure parameters or service detector,None,132,High,Resolved,Alarm was noted reported the issue. No further recurrence observed during the shift.
INC-00721,EQ-DIA-050,Dialysis Machine,DialyTech,DT-500,ICU,2025-01-10,Alarm occurs during preparation,CO-115,Routine operation,Pressure/conductivity reading outside configured range,Issue reproduced during verification,Suspected component issue,Verify concentrate supply; Run approved conductivity check; Check connections,Evidence consistent with dialysate mixing/calibration issue,Dialysate mixing/calibration issue,Correct concentrate supply or service calibration,Sensor,175,High,Resolved,Unit was flagged for reported the issue. Additional functional testing passed.
INC-00650,EQ-BLO-045,Blood Analyzer,LabCore,BA-400,Pathology,2026-02-13,Analyzer reports empty reagent despite available volume,RG-207,Immediately after startup,QC deviation approximately 3.2%,Issue was intermittent,Possible reagent sensor or container placement issue,Reseat reagent container; Verify reagent identification; Inspect sensor,Reagent sensor or container placement issue; no additional abnormality found during basic visual inspection,Reagent sensor or container placement issue,Reseat container or service level sensor,Electrodes,84,Medium,Monitoring,Operator reported reported the issue. Condition was monitored after corrective action.
INC-00013,EQ-VEN-001,Ventilator,MedAir,V-800,Emergency,2025-05-15,Pressure rises above expected range,AP-217,During continuous clinical use,Pressure/volume observation: 30 cmH2O peak pressure,Alarm cleared temporarily after restart,Investigate system/circuit condition,Inspect expiratory filter; Verify pressure settings,Blocked expiratory filter; no additional abnormality found during basic visual inspection,Blocked expiratory filter,Replace blocked expiratory filter,Electrodes,99,High,Resolved,Operator reported reported the issue. Condition was monitored after corrective action.
INC-00183,EQ-INF-013,Infusion Pump,InfuCare,IP-500,General Ward,2024-02-14,Runtime is shorter than expected,BT-310,After repeated operation cycles,Observed rate approximately 92% of configured rate,,Possible battery degradation,Check battery health; Inspect power connector,Evidence consistent with battery degradation,Battery degradation,Replace battery if capacity is below service threshold,Service part,180,Low,Resolved,Technician reported reported the issue. Additional functional testing passed.
INC-00406,EQ-ECG-028,ECG Machine,CardioLab,ECG-12,Cardiology,2025-11-24,Baseline slowly shifts,EC-301,After repeated operation cycles,Signal amplitude reduced intermittently,Issue was intermittent,Suspected component issue,Inspect lead connections; Check skin preparation,Poor electrode contact,Poor electrode contact,Improve electrode contact and repeat ECG,Filter,83,High,Resolved,Operator reported reported the issue. Unit returned to service after verification.
INC-00874,EQ-SUC-060,Suction Machine,CareVac,CV-100,Emergency,2024-03-26,Vacuum does not reach set level,,After repeated operation cycles,Vacuum measured approximately 54% below target,No visible external damage noted,Possible leak in tubing or collection system,Perform leak check; Check collection jar seal; Inspect connectors; Inspect tubing,Evidence consistent with leak in tubing or collection system,Leak in tubing or collection system,Replace leaking tubing/seal,Affected tubing/component,35,High,Resolved,Alarm was noted reported the issue. Additional functional testing passed.
INC-00224,EQ-PAT-016,Patient Monitor,VitalSys,PM-300,ICU,2024-09-11,Repeatedly variable blood pressure readings,,Routine operation,Signal quality fluctuated between acceptable and poor,No visible external damage noted,Suspected component issue,Check cuff placement; Inspect tubing; Verify cuff size; Repeat measurement,Incorrect cuff size or cuff placement; no additional abnormality found during basic visual inspection,Incorrect cuff size or cuff placement,Use correct cuff and reconnect tubing,Filter,64,Critical,Resolved,Operator reported reported the issue. Condition was monitored after corrective action.
INC-00527,EQ-X-R-037,X-ray Machine,MedRay,MX-900,Emergency,2025-06-09,Exposure index below expected range,IM-214,During continuous clinical use,Exposure/image index outside expected range,Issue reproduced during verification,Investigate system/circuit condition,Check detector status; Verify kVp/mAs settings; Review exposure index,Evidence consistent with incorrect exposure settings or detector issue,Incorrect exposure settings or detector issue,Correct exposure parameters or service detector,Filter,125,High,Resolved,Staff observed reported the issue. Condition was monitored after corrective action.
INC-00644,EQ-BLO-045,Blood Analyzer,LabCore,BA-400,Pathology,2026-06-20,Control value exceeds laboratory target,QC-301,During patient monitoring,QC deviation approximately 3.3%,Alarm cleared temporarily after restart,Investigate system/circuit condition,Repeat control; Run calibration,Reagent deterioration or calibration drift; no additional abnormality found during basic visual inspection,Reagent deterioration or calibration drift,Replace compromised reagent or recalibrate,Affected tubing/component,138,High,Resolved,Operator reported reported the issue. Condition was monitored after corrective action.
INC-00897,EQ-SUC-062,Suction Machine,SuctionPro,SP-200,Emergency,2026-05-18,Pump runs continuously,VC-102,After repeated operation cycles,Vacuum measured approximately 22% below target,No visible external damage noted,Investigate system/circuit condition,Perform leak check; Check collection jar seal; Inspect connectors,Evidence consistent with leak in tubing or collection system,Leak in tubing or collection system,Replace leaking tubing/seal,Electrodes,22,High,Resolved after escalation,Alarm was noted reported the issue. Additional functional testing passed.
INC-00426,EQ-DEF-029,Defibrillator,PulseGuard,PG-700,Cardiology,2024-06-21,Pad connection indicator remains inactive,PD-119,Routine operation,Charge performance outside expected service range,No visible external damage noted,Suspected component issue,Check pad connector; Verify pads are within expiry,Poor pad connection,Poor pad connection,Reconnect or replace pads,Filter,76,Medium,Resolved,Alarm was noted reported the issue. No further recurrence observed during the shift.
INC-00537,EQ-X-R-038,X-ray Machine,Radiant Imaging,XR-500,Radiology,2024-02-14,Interlock indicator remains active,XR-102,Routine operation,Exposure/image index outside expected range,No visible external damage noted,Possible interlock condition not satisfied,Review displayed fault code; Check door/interlock status; Verify system ready state,Interlock condition not satisfied; no additional abnormality found during basic visual inspection,Interlock condition not satisfied,Resolve interlock condition before exposure,Battery,96,Medium,Resolved after escalation,Staff observed reported the issue. No further recurrence observed during the shift.
INC-00885,EQ-SUC-061,Suction Machine,SuctionPro,SP-200,ICU,2024-04-23,Motor sounds normal but suction is reduced,SU-214,During patient monitoring,Vacuum measured approximately 58% below target,Issue reproduced during verification,Possible blocked suction filter or tubing,Clear approved obstruction; Inspect collection jar; Inspect tubing; Check filter,Evidence consistent with blocked suction filter or tubing,Blocked suction filter or tubing,Replace blocked filter or tubing,None,23,Medium,Resolved,Unit was flagged for reported the issue. Unit returned to service after verification.
INC-00177,EQ-INF-013,Infusion Pump,InfuCare,IP-500,General Ward,2025-05-30,Occlusion alarm occurs repeatedly,OC-201,During patient monitoring,Observed rate approximately 80% of configured rate,,Suspected component issue,Check downstream line; Check clamps; Replace obstructed tubing,Evidence consistent with downstream tubing obstruction,Downstream tubing obstruction,Clear obstruction or replace affected line,None,102,Medium,Resolved,Technician reported reported the issue. Additional functional testing passed.
INC-00914,EQ-SUC-063,Suction Machine,SuctionPro,SP-200,Emergency,2025-05-08,Motor sounds normal but suction is reduced,,Routine operation,Vacuum measured approximately 55% below target,No visible external damage noted,Investigate system/circuit condition,Inspect tubing; Inspect collection jar; Clear approved obstruction,Evidence consistent with blocked suction filter or tubing,Blocked suction filter or tubing,Replace blocked filter or tubing,Service part,123,High,Resolved after escalation,Technician reported reported the issue. Unit returned to service after verification.
INC-00469,EQ-DEF-033,Defibrillator,PulseGuard,PG-700,ICU,2026-01-14,Device stops charging before target energy,CH-410,During patient monitoring,Charge performance outside expected service range,Alarm cleared temporarily after restart,Suspected component issue,Inspect charging indicators; Run charge test; Connect to approved power source; Check battery status,Battery or charging circuit issue,Battery or charging circuit issue,Remove from clinical use and service charging system if fault persists,Service part,172,High,Monitoring,Unit was flagged for reported the issue. No further recurrence observed during the shift.
INC-00495,EQ-DEF-035,Defibrillator,RescueMed,D-500,Emergency,2025-02-04,Device reports pads disconnected,PD-119,During continuous clinical use,Charge performance outside expected service range,Alarm cleared temporarily after restart,Suspected component issue,Replace pads if necessary; Verify pads are within expiry; Check pad connector,Poor pad connection,Poor pad connection,Reconnect or replace pads,Affected tubing/component,81,Medium,Resolved,Staff observed reported the issue. Unit returned to service after verification.
INC-00164,EQ-INF-012,Infusion Pump,MediFlow,IF-700,ICU,2024-08-04,Infusion is running slower than the programmed rate,FL-104,During patient monitoring,Observed rate approximately 72% of configured rate,Issue reproduced during verification,Investigate system/circuit condition,Inspect tubing path; Inspect for kinks or occlusion; Verify pump calibration; Check clamps and connectors,Partial occlusion in tubing; no additional abnormality found during basic visual inspection,Partial occlusion in tubing,Replace obstructed tubing if required,Battery,10,High,Resolved,Technician reported reported the issue. No further recurrence observed during the shift.
INC-00249,EQ-PAT-018,Patient Monitor,VitalSys,PM-300,General Ward,2025-08-25,Baseline wanders,EC-118,After repeated operation cycles,Signal quality fluctuated between acceptable and poor,Issue reproduced during verification,Investigate system/circuit condition,Inspect lead wires; Check electrode adhesion; Replace degraded electrodes; Verify grounding,Evidence consistent with loose or degraded ecg electrode connection,Loose or degraded ECG electrode connection,Replace electrodes or affected lead,None,172,High,Resolved,Staff observed reported the issue. Unit returned to service after verification.
INC-00585,EQ-X-R-041,X-ray Machine,Radiant Imaging,XR-500,Radiology,2025-08-23,Interlock indicator remains active,XR-102,Immediately after startup,Exposure/image index outside expected range,No visible external damage noted,Possible interlock condition not satisfied,Verify system ready state; Review displayed fault code; Check door/interlock status,Interlock condition not satisfied,Interlock condition not satisfied,Resolve interlock condition before exposure,Battery,30,Medium,Resolved,Alarm was noted reported the issue. Condition was monitored after corrective action.
INC-00814,EQ-DIA-056,Dialysis Machine,DialyTech,DT-500,Dialysis Unit,2025-08-01,Pressure changes after line repositioning,AR-221,During continuous clinical use,Pressure/conductivity reading outside configured range,Issue was intermittent,Possible blood-line restriction or access issue,Check access connection; Inspect blood line for kinks,Blood-line restriction or access issue; no additional abnormality found during basic visual inspection,Blood-line restriction or access issue,Correct line restriction and escalate clinical issue as required,Sensor,41,High,Resolved,Unit was flagged for reported the issue. No further recurrence observed during the shift.
INC-00376,EQ-ECG-026,ECG Machine,CardioLab,ECG-12,Emergency,2026-03-17,Printer does not advance paper,,During patient monitoring,Signal amplitude reduced intermittently,,Suspected component issue,Check paper alignment; Remove obstruction; Inspect feed path,Evidence consistent with paper-feed mechanism obstruction,Paper-feed mechanism obstruction,Reload paper or service feed mechanism,Filter,99,Medium,Monitoring,Unit was flagged for reported the issue. Unit returned to service after verification.
INC-00075,EQ-VEN-006,Ventilator,RespiraTech,RV-500,ICU,2025-12-26,Tidal volume consistently above set value,,After repeated operation cycles,Pressure/volume observation: 34 cmH2O peak pressure,Issue reproduced during verification,Investigate system/circuit condition,Run device self-test; Check pressure support,Incorrect ventilator settings; no additional abnormality found during basic visual inspection,Incorrect ventilator settings,Correct configuration and repeat verification,Sensor,172,High,Resolved,Operator reported reported the issue. Additional functional testing passed.
INC-00114,EQ-INF-009,Infusion Pump,MediFlow,IF-700,General Ward,2024-07-18,Battery percentage falls rapidly,BT-310,During patient monitoring,Observed rate approximately 70% of configured rate,Alarm cleared temporarily after restart,Possible battery degradation,Inspect power connector; Check battery health,Battery degradation; no additional abnormality found during basic visual inspection,Battery degradation,Replace battery if capacity is below service threshold,Service part,61,High,Resolved,Alarm was noted reported the issue. Additional functional testing passed.
INC-00524,EQ-X-R-037,X-ray Machine,MedRay,MX-900,Emergency,2026-08-06,Image appears consistently too light,IM-214,After repeated operation cycles,Exposure/image index outside expected range,Alarm cleared temporarily after restart,Investigate system/circuit condition,Check detector status; Verify kVp/mAs settings,Incorrect exposure settings or detector issue,Incorrect exposure settings or detector issue,Correct exposure parameters or service detector,Battery,10,High,Resolved,Staff observed reported the issue. Additional functional testing passed.
INC-00515,EQ-X-R-036,X-ray Machine,Radiant Imaging,XR-500,Emergency,2024-09-07,Image appears consistently too light,IM-214,Routine operation,Exposure/image index outside expected range,Issue reproduced during verification,Investigate system/circuit condition,Review exposure index; Verify kVp/mAs settings; Check detector status,Incorrect exposure settings or detector issue,Incorrect exposure settings or detector issue,Correct exposure parameters or service detector,Battery,94,Critical,Resolved after escalation,Unit was flagged for reported the issue. No further recurrence observed during the shift.
INC-00105,EQ-INF-008,Infusion Pump,InfuCare,IP-500,ICU,2025-03-16,Runtime is shorter than expected,,Immediately after startup,Observed rate approximately 54% of configured rate,Issue reproduced during verification,Investigate system/circuit condition,Inspect power connector; Check battery health; Verify charging cycle,Battery degradation; no additional abnormality found during basic visual inspection,Battery degradation,Replace battery if capacity is below service threshold,Filter,76,Medium,Resolved after escalation,Unit was flagged for reported the issue. Condition was monitored after corrective action.
INC-00115,EQ-INF-009,Infusion Pump,MediFlow,IF-700,General Ward,2026-03-10,Air-in-line alarm during infusion,AI-115,Immediately after startup,Observed rate approximately 71% of configured rate,,Suspected component issue,Stop infusion; Prime tubing according to procedure; Inspect line and connections; Check air sensor,Evidence consistent with air detected in infusion line,Air detected in infusion line,Remove air and prime/reseat tubing,Filter,31,High,Resolved,Staff observed reported the issue. Condition was monitored after corrective action.
INC-00843,EQ-SUC-058,Suction Machine,CareVac,CV-100,General Ward,2024-03-25,Motor sounds normal but suction is reduced,SU-214,Immediately after startup,Vacuum measured approximately 20% below target,Issue was intermittent,Investigate system/circuit condition,Check filter; Inspect tubing; Inspect collection jar; Clear approved obstruction,Blocked suction filter or tubing,Blocked suction filter or tubing,Replace blocked filter or tubing,Battery,34,Low,Resolved,Alarm was noted reported the issue. Unit returned to service after verification.
INC-00093,EQ-VEN-007,Ventilator,RespiraTech,RV-500,Emergency,2026-06-09,Self-test stops at flow-sensor check,,Routine operation,Pressure/volume observation: 36 cmH2O peak pressure,Alarm cleared temporarily after restart,Possible flow sensor calibration drift,Clean/reseat sensor; Inspect flow sensor,Flow sensor calibration drift,Flow sensor calibration drift,Calibrate or replace flow sensor,Electrodes,87,Critical,Resolved,Unit was flagged for reported the issue. No further recurrence observed during the shift.
INC-00519,EQ-X-R-036,X-ray Machine,Radiant Imaging,XR-500,Emergency,2026-07-14,Exposure index below expected range,IM-214,Immediately after startup,Exposure/image index outside expected range,,Possible incorrect exposure settings or detector issue,Check detector status; Verify kVp/mAs settings,Evidence consistent with incorrect exposure settings or detector issue,Incorrect exposure settings or detector issue,Correct exposure parameters or service detector,Filter,146,Medium,Resolved,Alarm was noted reported the issue. Unit returned to service after verification.
INC-00090,EQ-VEN-007,Ventilator,RespiraTech,RV-500,Emergency,2026-04-15,Delivered volume exceeds configured target,TV-331,After repeated operation cycles,Pressure/volume observation: 35 cmH2O peak pressure,Issue was intermittent,Suspected component issue,Check pressure support; Verify mode and tidal-volume setting; Run device self-test,Incorrect ventilator settings,Incorrect ventilator settings,Correct configuration and repeat verification,Battery,178,Medium,Resolved,Unit was flagged for reported the issue. Unit returned to service after verification.
INC-00337,EQ-ECG-024,ECG Machine,CardioLab,ECG-12,General Ward,2024-05-16,Signal quality poor despite stable patient,EC-301,After repeated operation cycles,Signal amplitude reduced intermittently,Issue reproduced during verification,Possible poor electrode contact,Inspect lead connections; Check skin preparation,Evidence consistent with poor electrode contact,Poor electrode contact,Improve electrode contact and repeat ECG,None,90,Medium,Monitoring,Unit was flagged for reported the issue. Condition was monitored after corrective action.
INC-00911,EQ-SUC-063,Suction Machine,SuctionPro,SP-200,Emergency,2024-02-24,Pump runs continuously,VC-102,Immediately after startup,Vacuum measured approximately 37% below target,Issue reproduced during verification,Suspected component issue,Inspect connectors; Check collection jar seal,Leak in tubing or collection system,Leak in tubing or collection system,Replace leaking tubing/seal,Service part,134,Medium,Resolved,Operator reported reported the issue. Additional functional testing passed.
INC-00847,EQ-SUC-058,Suction Machine,CareVac,CV-100,General Ward,2025-06-29,Motor sounds normal but suction is reduced,SU-214,During continuous clinical use,Vacuum measured approximately 53% below target,Issue reproduced during verification,Suspected component issue,Inspect collection jar; Check filter; Clear approved obstruction,Evidence consistent with blocked suction filter or tubing,Blocked suction filter or tubing,Replace blocked filter or tubing,Electrodes,165,Low,Resolved,Staff observed reported the issue. No further recurrence observed during the shift.
INC-00858,EQ-SUC-059,Suction Machine,CareVac,CV-100,General Ward,2025-10-28,Pump runs continuously,VC-102,Routine operation,Vacuum measured approximately 29% below target,,Investigate system/circuit condition,Check collection jar seal; Perform leak check; Inspect tubing,Leak in tubing or collection system; no additional abnormality found during basic visual inspection,Leak in tubing or collection system,Replace leaking tubing/seal,Electrodes,175,Medium,Resolved,Staff observed reported the issue. Additional functional testing passed.
INC-00558,EQ-X-R-039,X-ray Machine,MedRay,MX-900,Radiology,2026-04-13,Interlock indicator remains active,XR-102,After repeated operation cycles,Exposure/image index outside expected range,Issue was intermittent,Possible interlock condition not satisfied,Check door/interlock status; Verify system ready state; Review displayed fault code,Interlock condition not satisfied,Interlock condition not satisfied,Resolve interlock condition before exposure,Battery,50,High,Resolved,Alarm was noted reported the issue. No further recurrence observed during the shift.
INC-00548,EQ-X-R-039,X-ray Machine,MedRay,MX-900,Radiology,2024-07-18,Exposure index below expected range,IM-214,Routine operation,Exposure/image index outside expected range,Issue was intermittent,Suspected component issue,Check detector status; Verify kVp/mAs settings; Review exposure index,Incorrect exposure settings or detector issue; no additional abnormality found during basic visual inspection,Incorrect exposure settings or detector issue,Correct exposure parameters or service detector,Electrodes,134,Medium,Resolved,Alarm was noted reported the issue. No further recurrence observed during the shift.
INC-00590,EQ-X-R-042,X-ray Machine,MedRay,MX-900,Radiology,2025-09-03,Exposure index below expected range,IM-214,During continuous clinical use,Exposure/image index outside expected range,,Possible incorrect exposure settings or detector issue,Check detector status; Review exposure index,Evidence consistent with incorrect exposure settings or detector issue,Incorrect exposure settings or detector issue,Correct exposure parameters or service detector,Sensor,133,High,Resolved after escalation,Operator reported reported the issue. No further recurrence observed during the shift.
INC-00095,EQ-INF-008,Infusion Pump,InfuCare,IP-500,ICU,2024-07-19,Air-in-line alarm during infusion,,Immediately after startup,Observed rate approximately 49% of configured rate,Issue reproduced during verification,Suspected component issue,Check air sensor; Inspect line and connections; Stop infusion; Prime tubing according to procedure,Air detected in infusion line; no additional abnormality found during basic visual inspection,Air detected in infusion line,Remove air and prime/reseat tubing,Affected tubing/component,40,High,Resolved,Unit was flagged for reported the issue. Additional functional testing passed.
INC-00012,EQ-VEN-001,Ventilator,MedAir,V-800,Emergency,2026-02-07,Self-test stops at flow-sensor check,ST-009,During continuous clinical use,Pressure/volume observation: 44 cmH2O peak pressure,Alarm cleared temporarily after restart,Possible flow sensor calibration drift,Clean/reseat sensor; Run calibration procedure; Inspect flow sensor,Flow sensor calibration drift; no additional abnormality found during basic visual inspection,Flow sensor calibration drift,Calibrate or replace flow sensor,Electrodes,75,Medium,Resolved,Operator reported reported the issue. Additional functional testing passed.
INC-00397,EQ-ECG-027,ECG Machine,HeartTrace,H-300,Cardiology,2024-08-02,Paper feed motor sounds abnormal,PF-208,Immediately after startup,Signal amplitude reduced intermittently,No visible external damage noted,Suspected component issue,Inspect feed path; Check paper alignment; Remove obstruction,Paper-feed mechanism obstruction; no additional abnormality found during basic visual inspection,Paper-feed mechanism obstruction,Reload paper or service feed mechanism,Filter,180,Medium,Resolved,Operator reported reported the issue. Condition was monitored after corrective action.
INC-00714,EQ-BLO-049,Blood Analyzer,HemaTech,HA-600,Laboratory,2025-12-05,Level reading inconsistent,RG-207,During continuous clinical use,QC deviation approximately 5.7%,No visible external damage noted,Investigate system/circuit condition,Inspect sensor; Reseat reagent container,Reagent sensor or container placement issue,Reagent sensor or container placement issue,Reseat container or service level sensor,None,83,High,Resolved,Unit was flagged for reported the issue. Condition was monitored after corrective action.
INC-00044,EQ-VEN-003,Ventilator,MedAir,V-800,ICU,2025-11-21,Airway pressure repeatedly above expected range,AP-217,During continuous clinical use,Pressure/volume observation: 20 cmH2O peak pressure,,Possible blocked expiratory filter,Verify pressure settings; Inspect patient connection; Inspect breathing circuit for kinks/obstruction,Blocked expiratory filter; no additional abnormality found during basic visual inspection,Blocked expiratory filter,Replace blocked expiratory filter,Battery,178,High,Resolved,Operator reported reported the issue. Condition was monitored after corrective action.
INC-00043,EQ-VEN-003,Ventilator,MedAir,V-800,ICU,2024-07-04,Delivered volume exceeds configured target,,Routine operation,Pressure/volume observation: 24 cmH2O peak pressure,,Possible incorrect ventilator settings,Check pressure support; Run device self-test; Verify mode and tidal-volume setting,Incorrect ventilator settings,Incorrect ventilator settings,Correct configuration and repeat verification,Affected tubing/component,99,High,Resolved,Alarm was noted reported the issue. Unit returned to service after verification.
INC-00330,EQ-ECG-023,ECG Machine,HeartTrace,H-300,Cardiology,2024-10-11,Printer does not advance paper,,After repeated operation cycles,Signal amplitude reduced intermittently,No visible external damage noted,Investigate system/circuit condition,Remove obstruction; Check paper alignment,Paper-feed mechanism obstruction; no additional abnormality found during basic visual inspection,Paper-feed mechanism obstruction,Reload paper or service feed mechanism,Sensor,146,Low,Resolved,Alarm was noted reported the issue. Unit returned to service after verification.
INC-00168,EQ-INF-012,Infusion Pump,MediFlow,IF-700,ICU,2025-03-12,Delivered flow appears below set rate,FL-104,During continuous clinical use,Observed rate approximately 41% of configured rate,Issue reproduced during verification,Suspected component issue,Inspect for kinks or occlusion; Verify pump calibration; Inspect tubing path,Partial occlusion in tubing,Partial occlusion in tubing,Replace obstructed tubing if required,Sensor,92,High,Resolved,Unit was flagged for reported the issue. No further recurrence observed during the shift.
INC-00896,EQ-SUC-062,Suction Machine,SuctionPro,SP-200,Emergency,2025-11-01,Motor sounds normal but suction is reduced,SU-214,Immediately after startup,Vacuum measured approximately 58% below target,Issue reproduced during verification,Investigate system/circuit condition,Check filter; Inspect tubing; Clear approved obstruction; Inspect collection jar,Blocked suction filter or tubing; no additional abnormality found during basic visual inspection,Blocked suction filter or tubing,Replace blocked filter or tubing,Sensor,144,Critical,Resolved,Staff observed reported the issue. Condition was monitored after corrective action.
INC-00552,EQ-X-R-039,X-ray Machine,MedRay,MX-900,Radiology,2024-10-23,System requests cooling period,,After repeated operation cycles,Exposure/image index outside expected range,No visible external damage noted,Possible high accumulated tube load,Check cooling system; Allow manufacturer-specified cooling period,Evidence consistent with high accumulated tube load,High accumulated tube load,Allow cooling and escalate if warning persists unexpectedly,Battery,171,High,Resolved,Alarm was noted reported the issue. No further recurrence observed during the shift.
INC-00695,EQ-BLO-048,Blood Analyzer,HemaTech,HA-600,Pathology,2025-09-30,Sample aspiration stops,,Immediately after startup,QC deviation approximately 4.9%,No visible external damage noted,Suspected component issue,Inspect probe; Run approved cleaning cycle; Check sample volume,Evidence consistent with clogged aspiration probe,Clogged aspiration probe,Clean probe and repeat aspiration test,Sensor,20,Critical,Resolved,Staff observed reported the issue. Unit returned to service after verification.
INC-00101,EQ-INF-008,Infusion Pump,InfuCare,IP-500,ICU,2025-05-17,Delivered flow appears below set rate,FL-104,During patient monitoring,Observed rate approximately 57% of configured rate,No visible external damage noted,Investigate system/circuit condition,Check clamps and connectors; Inspect for kinks or occlusion; Inspect tubing path,Partial occlusion in tubing; no additional abnormality found during basic visual inspection,Partial occlusion in tubing,Replace obstructed tubing if required,None,73,Medium,Resolved,Staff observed reported the issue. No further recurrence observed during the shift.
INC-00179,EQ-INF-013,Infusion Pump,InfuCare,IP-500,General Ward,2026-03-18,Runtime is shorter than expected,BT-310,During patient monitoring,Observed rate approximately 70% of configured rate,Issue was intermittent,Investigate system/circuit condition,Inspect power connector; Check battery health; Verify charging cycle,Battery degradation,Battery degradation,Replace battery if capacity is below service threshold,Sensor,119,High,Resolved,Technician reported reported the issue. Additional functional testing passed.
INC-00598,EQ-X-R-042,X-ray Machine,MedRay,MX-900,Radiology,2024-08-08,Exposure index below expected range,IM-214,During patient monitoring,Exposure/image index outside expected range,Issue was intermittent,Investigate system/circuit condition,Check detector status; Verify kVp/mAs settings; Review exposure index,Incorrect exposure settings or detector issue; no additional abnormality found during basic visual inspection,Incorrect exposure settings or detector issue,Correct exposure parameters or service detector,Affected tubing/component,9,High,Resolved,Staff observed reported the issue. Condition was monitored after corrective action.
INC-00811,EQ-DIA-055,Dialysis Machine,RenalCare,DX-700,Dialysis Unit,2025-06-21,Air detector alarm activates,AD-204,Routine operation,Pressure/conductivity reading outside configured range,,Suspected component issue,Inspect circuit; Follow machine-specific air-removal procedure,Air detected in blood circuit,Air detected in blood circuit,Resolve air detection condition before resuming,Affected tubing/component,127,Medium,Resolved after escalation,Operator reported reported the issue. Additional functional testing passed.
INC-00835,EQ-SUC-057,Suction Machine,SuctionPro,SP-200,ICU,2024-07-05,Flow appears restricted,SU-214,After repeated operation cycles,Vacuum measured approximately 45% below target,Issue reproduced during verification,Possible blocked suction filter or tubing,Check filter; Inspect collection jar; Inspect tubing; Clear approved obstruction,Blocked suction filter or tubing,Blocked suction filter or tubing,Replace blocked filter or tubing,Service part,105,Medium,Resolved after escalation,Staff observed reported the issue. Additional functional testing passed.
INC-00178,EQ-INF-013,Infusion Pump,InfuCare,IP-500,General Ward,2024-10-20,Air-in-line alarm during infusion,AI-115,During patient monitoring,Observed rate approximately 44% of configured rate,No visible external damage noted,Investigate system/circuit condition,Inspect line and connections; Prime tubing according to procedure; Check air sensor; Stop infusion,Air detected in infusion line,Air detected in infusion line,Remove air and prime/reseat tubing,Electrodes,78,High,Resolved,Technician reported reported the issue. No further recurrence observed during the shift.
INC-00486,EQ-DEF-034,Defibrillator,PulseGuard,PG-700,Cardiology,2024-03-20,Charge time exceeds expected range,CH-410,During continuous clinical use,Charge performance outside expected service range,Alarm cleared temporarily after restart,Suspected component issue,Inspect charging indicators; Connect to approved power source,Battery or charging circuit issue,Battery or charging circuit issue,Remove from clinical use and service charging system if fault persists,Electrodes,5,Medium,Monitoring,Staff observed reported the issue. No further recurrence observed during the shift.
INC-00623,EQ-BLO-044,Blood Analyzer,LabCore,BA-400,Laboratory,2025-12-07,Level reading inconsistent,RG-207,Immediately after startup,QC deviation approximately 6.5%,Alarm cleared temporarily after restart,Investigate system/circuit condition,Reseat reagent container; Inspect sensor,Evidence consistent with reagent sensor or container placement issue,Reagent sensor or container placement issue,Reseat container or service level sensor,Filter,63,High,Resolved,Alarm was noted reported the issue. Additional functional testing passed.
INC-00731,EQ-DIA-050,Dialysis Machine,DialyTech,DT-500,ICU,2025-06-07,Alarm occurs during preparation,CO-115,During patient monitoring,Pressure/conductivity reading outside configured range,Alarm cleared temporarily after restart,Suspected component issue,Verify concentrate supply; Run approved conductivity check; Check connections,Evidence consistent with dialysate mixing/calibration issue,Dialysate mixing/calibration issue,Correct concentrate supply or service calibration,None,97,Critical,Resolved,Technician reported reported the issue. Unit returned to service after verification.
INC-00630,EQ-BLO-044,Blood Analyzer,LabCore,BA-400,Laboratory,2024-08-03,Sample aspiration stops,,Routine operation,QC deviation approximately 4.8%,No visible external damage noted,Suspected component issue,Run approved cleaning cycle; Inspect probe; Check sample volume,Clogged aspiration probe; no additional abnormality found during basic visual inspection,Clogged aspiration probe,Clean probe and repeat aspiration test,Sensor,84,High,Resolved after escalation,Unit was flagged for reported the issue. Condition was monitored after corrective action.
INC-00384,EQ-ECG-027,ECG Machine,HeartTrace,H-300,Cardiology,2025-04-09,Printer does not advance paper,PF-208,After repeated operation cycles,Signal amplitude reduced intermittently,Issue was intermittent,Investigate system/circuit condition,Remove obstruction; Inspect feed path,Paper-feed mechanism obstruction,Paper-feed mechanism obstruction,Reload paper or service feed mechanism,Sensor,112,Low,Resolved,Operator reported reported the issue. No further recurrence observed during the shift.
INC-00258,EQ-PAT-018,Patient Monitor,VitalSys,PM-300,General Ward,2024-01-05,Touchscreen becomes unresponsive,DS-401,Routine operation,Signal quality fluctuated between acceptable and poor,,Investigate system/circuit condition,Review event log; Check power supply; Restart according to service procedure; Run system diagnostics,Software/process instability,Software/process instability,Restart and escalate for service if recurrence persists,Sensor,56,Medium,Resolved,Alarm was noted reported the issue. Condition was monitored after corrective action.
INC-00657,EQ-BLO-045,Blood Analyzer,LabCore,BA-400,Pathology,2026-03-04,Analyzer reports empty reagent despite available volume,RG-207,After repeated operation cycles,QC deviation approximately 1.9%,Issue was intermittent,Possible reagent sensor or container placement issue,Verify reagent identification; Inspect sensor,Evidence consistent with reagent sensor or container placement issue,Reagent sensor or container placement issue,Reseat container or service level sensor,Battery,35,Medium,Resolved,Technician reported reported the issue. No further recurrence observed during the shift.
INC-00336,EQ-ECG-024,ECG Machine,CardioLab,ECG-12,General Ward,2026-05-26,Signal quality poor despite stable patient,EC-301,During patient monitoring,Signal amplitude reduced intermittently,Issue was intermittent,Possible poor electrode contact,Replace electrodes; Check skin preparation; Inspect lead connections,Evidence consistent with poor electrode contact,Poor electrode contact,Improve electrode contact and repeat ECG,Affected tubing/component,99,High,Resolved,Unit was flagged for reported the issue. Unit returned to service after verification.
INC-00683,EQ-BLO-047,Blood Analyzer,LabCore,BA-400,Laboratory,2024-05-15,Level reading inconsistent,RG-207,During patient monitoring,QC deviation approximately 3.2%,No visible external damage noted,Investigate system/circuit condition,Verify reagent identification; Reseat reagent container; Inspect sensor,Reagent sensor or container placement issue; no additional abnormality found during basic visual inspection,Reagent sensor or container placement issue,Reseat container or service level sensor,Service part,37,Medium,Resolved after escalation,Technician reported reported the issue. Additional functional testing passed.
INC-00016,EQ-VEN-001,Ventilator,MedAir,V-800,Emergency,2024-04-26,Tidal volume consistently above set value,TV-331,After repeated operation cycles,Pressure/volume observation: 19 cmH2O peak pressure,Issue reproduced during verification,Possible incorrect ventilator settings,Verify mode and tidal-volume setting; Check pressure support,Evidence consistent with incorrect ventilator settings,Incorrect ventilator settings,Correct configuration and repeat verification,Electrodes,157,High,Resolved,Staff observed reported the issue. No further recurrence observed during the shift.
INC-00004,EQ-VEN-001,Ventilator,MedAir,V-800,Emergency,2025-11-14,Measured volume intermittently low,MV-104,During patient monitoring,Pressure/volume observation: 48 cmH2O peak pressure,,Suspected component issue,Verify cuff/circuit integrity; Inspect tubing for cracks,Evidence consistent with circuit leak,Circuit leak,Repair or replace leaking circuit component,Sensor,68,High,Resolved after escalation,Alarm was noted reported the issue. No further recurrence observed during the shift.
INC-00434,EQ-DEF-030,Defibrillator,PulseGuard,PG-700,ICU,2024-09-07,Service indicator appears,,During patient monitoring,Charge performance outside expected service range,No visible external damage noted,Suspected component issue,Repeat approved self-test; Review service documentation; Record error code,Internal diagnostic fault; no additional abnormality found during basic visual inspection,Internal diagnostic fault,Remove from service and escalate to qualified service personnel,None,35,High,Resolved,Technician reported reported the issue. No further recurrence observed during the shift.
INC-00257,EQ-PAT-018,Patient Monitor,VitalSys,PM-300,General Ward,2026-03-29,Signal quality indicator fluctuates,SP-221,After repeated operation cycles,Signal quality fluctuated between acceptable and poor,Issue reproduced during verification,Suspected component issue,Inspect sensor placement; Try known-good sensor,Damaged or poorly positioned SpO2 sensor; no additional abnormality found during basic visual inspection,Damaged or poorly positioned SpO2 sensor,Reposition or replace SpO2 sensor,Battery,38,Critical,Resolved,Technician reported reported the issue. No further recurrence observed during the shift.
INC-00479,EQ-DEF-033,Defibrillator,PulseGuard,PG-700,ICU,2024-12-13,Device reports pads disconnected,PD-119,During patient monitoring,Charge performance outside expected service range,Issue was intermittent,Possible poor pad connection,Check pad connector; Verify pads are within expiry,Poor pad connection,Poor pad connection,Reconnect or replace pads,None,8,High,Resolved,Alarm was noted reported the issue. Unit returned to service after verification.
INC-00502,EQ-DEF-035,Defibrillator,RescueMed,D-500,Emergency,2025-08-28,Device stops charging before target energy,CH-410,Routine operation,Charge performance outside expected service range,Alarm cleared temporarily after restart,Suspected component issue,Inspect charging indicators; Check battery status,Battery or charging circuit issue,Battery or charging circuit issue,Remove from clinical use and service charging system if fault persists,Electrodes,140,High,Resolved,Technician reported reported the issue. Unit returned to service after verification.
INC-00437,EQ-DEF-030,Defibrillator,PulseGuard,PG-700,ICU,2024-03-30,Startup self-test reports failure,ST-501,After repeated operation cycles,Charge performance outside expected service range,Issue was intermittent,Suspected component issue,Record error code; Repeat approved self-test,Internal diagnostic fault,Internal diagnostic fault,Remove from service and escalate to qualified service personnel,None,137,High,Monitoring,Alarm was noted reported the issue. No further recurrence observed during the shift.
INC-00394,EQ-ECG-027,ECG Machine,HeartTrace,H-300,Cardiology,2025-01-11,Lead-off indicator remains active,LD-112,Routine operation,Signal amplitude reduced intermittently,Issue reproduced during verification,Possible broken or disconnected lead wire,Test cable continuity; Swap lead; Inspect connector,Broken or disconnected lead wire,Broken or disconnected lead wire,Reconnect or replace affected lead,Affected tubing/component,30,Medium,Resolved,Alarm was noted reported the issue. Unit returned to service after verification.
INC-00223,EQ-PAT-016,Patient Monitor,VitalSys,PM-300,ICU,2026-06-27,Intermittent artifact on ECG trace,EC-118,During continuous clinical use,Signal quality fluctuated between acceptable and poor,Issue reproduced during verification,Investigate system/circuit condition,Verify grounding; Check electrode adhesion,Loose or degraded ECG electrode connection,Loose or degraded ECG electrode connection,Replace electrodes or affected lead,None,15,High,Resolved,Unit was flagged for reported the issue. Additional functional testing passed.
INC-00180,EQ-INF-013,Infusion Pump,InfuCare,IP-500,General Ward,2025-01-21,Occlusion alarm occurs repeatedly,OC-201,Routine operation,Observed rate approximately 62% of configured rate,Issue reproduced during verification,Suspected component issue,Inspect catheter connection; Check downstream line; Check clamps; Replace obstructed tubing,Downstream tubing obstruction,Downstream tubing obstruction,Clear obstruction or replace affected line,Electrodes,18,Medium,Resolved,Operator reported reported the issue. Condition was monitored after corrective action.
INC-00480,EQ-DEF-033,Defibrillator,PulseGuard,PG-700,ICU,2025-04-10,Device reports pads disconnected,PD-119,Routine operation,Charge performance outside expected service range,No visible external damage noted,Possible poor pad connection,Verify pads are within expiry; Replace pads if necessary; Check pad connector,Poor pad connection,Poor pad connection,Reconnect or replace pads,Service part,118,Medium,Resolved,Staff observed reported the issue. Unit returned to service after verification.
INC-00443,EQ-DEF-031,Defibrillator,PulseGuard,PG-700,ICU,2025-08-04,Device stops charging before target energy,CH-410,After repeated operation cycles,Charge performance outside expected service range,Alarm cleared temporarily after restart,Investigate system/circuit condition,Connect to approved power source; Inspect charging indicators; Run charge test,Battery or charging circuit issue; no additional abnormality found during basic visual inspection,Battery or charging circuit issue,Remove from clinical use and service charging system if fault persists,Service part,124,High,Resolved,Alarm was noted reported the issue. No further recurrence observed during the shift.
INC-00325,EQ-ECG-023,ECG Machine,HeartTrace,H-300,Cardiology,2026-06-21,Printer does not advance paper,PF-208,During patient monitoring,Signal amplitude reduced intermittently,Issue reproduced during verification,Investigate system/circuit condition,Remove obstruction; Check paper alignment; Inspect feed path,Evidence consistent with paper-feed mechanism obstruction,Paper-feed mechanism obstruction,Reload paper or service feed mechanism,Sensor,123,Medium,Resolved,Staff observed reported the issue. Condition was monitored after corrective action.
INC-00545,EQ-X-R-039,X-ray Machine,MedRay,MX-900,Radiology,2025-09-06,Temperature warning after repeated exposures,TH-330,During continuous clinical use,Exposure/image index outside expected range,Issue reproduced during verification,Investigate system/circuit condition,Check cooling system; Allow manufacturer-specified cooling period; Review exposure history,High accumulated tube load; no additional abnormality found during basic visual inspection,High accumulated tube load,Allow cooling and escalate if warning persists unexpectedly,Battery,114,Medium,Resolved after escalation,Staff observed reported the issue. Unit returned to service after verification.
INC-00010,EQ-VEN-001,Ventilator,MedAir,V-800,Emergency,2025-02-10,Tidal volume consistently above set value,TV-331,After repeated operation cycles,Pressure/volume observation: 27 cmH2O peak pressure,No visible external damage noted,Investigate system/circuit condition,Check pressure support; Run device self-test,Incorrect ventilator settings,Incorrect ventilator settings,Correct configuration and repeat verification,Battery,99,Medium,Resolved,Alarm was noted reported the issue. Unit returned to service after verification.
INC-00250,EQ-PAT-018,Patient Monitor,VitalSys,PM-300,General Ward,2026-07-31,NIBP error occurs intermittently,NB-207,After repeated operation cycles,Signal quality fluctuated between acceptable and poor,,Investigate system/circuit condition,Repeat measurement; Inspect tubing,Incorrect cuff size or cuff placement,Incorrect cuff size or cuff placement,Use correct cuff and reconnect tubing,Electrodes,97,High,Monitoring,Technician reported reported the issue. Condition was monitored after corrective action.
INC-00023,EQ-VEN-002,Ventilator,MedAir,V-800,NICU,2025-07-19,Delivered volume exceeds configured target,TV-331,During continuous clinical use,Pressure/volume observation: 41 cmH2O peak pressure,Alarm cleared temporarily after restart,Investigate system/circuit condition,Run device self-test; Check pressure support; Verify mode and tidal-volume setting,Incorrect ventilator settings; no additional abnormality found during basic visual inspection,Incorrect ventilator settings,Correct configuration and repeat verification,Service part,128,Critical,Monitoring,Staff observed reported the issue. No further recurrence observed during the shift.
INC-00357,EQ-ECG-025,ECG Machine,CardioLab,ECG-12,General Ward,2024-06-06,Printer does not advance paper,PF-208,Routine operation,Signal amplitude reduced intermittently,Issue was intermittent,Suspected component issue,Inspect feed path; Check paper alignment; Remove obstruction,Paper-feed mechanism obstruction,Paper-feed mechanism obstruction,Reload paper or service feed mechanism,Sensor,100,Medium,Resolved,Unit was flagged for reported the issue. Condition was monitored after corrective action.
INC-00222,EQ-PAT-016,Patient Monitor,VitalSys,PM-300,ICU,2026-01-25,Touchscreen becomes unresponsive,DS-401,During patient monitoring,Signal quality fluctuated between acceptable and poor,Issue reproduced during verification,Suspected component issue,Check power supply; Review event log,Evidence consistent with software/process instability,Software/process instability,Restart and escalate for service if recurrence persists,Electrodes,138,High,Resolved,Unit was flagged for reported the issue. Condition was monitored after corrective action.
INC-00616,EQ-BLO-043,Blood Analyzer,HemaTech,HA-600,Pathology,2025-08-26,Analyzer reports empty reagent despite available volume,RG-207,Immediately after startup,QC deviation approximately 3.1%,,Suspected component issue,Verify reagent identification; Inspect sensor; Reseat reagent container,Evidence consistent with reagent sensor or container placement issue,Reagent sensor or container placement issue,Reseat container or service level sensor,Service part,141,Medium,Resolved,Alarm was noted reported the issue. Condition was monitored after corrective action.
INC-00793,EQ-DIA-054,Dialysis Machine,RenalCare,DX-700,Dialysis Unit,2026-03-09,Arterial pressure more negative than expected,AR-221,After repeated operation cycles,Pressure/conductivity reading outside configured range,No visible external damage noted,Possible blood-line restriction or access issue,Check access connection; Follow clinical escalation procedure; Inspect blood line for kinks; Verify clamps,Evidence consistent with blood-line restriction or access issue,Blood-line restriction or access issue,Correct line restriction and escalate clinical issue as required,Service part,142,Medium,Resolved,Technician reported reported the issue. Unit returned to service after verification.
INC-00906,EQ-SUC-062,Suction Machine,SuctionPro,SP-200,Emergency,2024-10-15,Vacuum does not reach set level,VC-102,After repeated operation cycles,Vacuum measured approximately 40% below target,Issue reproduced during verification,Investigate system/circuit condition,Inspect tubing; Inspect connectors; Perform leak check,Leak in tubing or collection system,Leak in tubing or collection system,Replace leaking tubing/seal,Sensor,148,Medium,Resolved,Unit was flagged for reported the issue. No further recurrence observed during the shift.
INC-00543,EQ-X-R-038,X-ray Machine,Radiant Imaging,XR-500,Radiology,2025-04-18,Interlock indicator remains active,XR-102,During continuous clinical use,Exposure/image index outside expected range,Alarm cleared temporarily after restart,Possible interlock condition not satisfied,Verify system ready state; Review displayed fault code,Interlock condition not satisfied; no additional abnormality found during basic visual inspection,Interlock condition not satisfied,Resolve interlock condition before exposure,None,117,Medium,Resolved,Alarm was noted reported the issue. Condition was monitored after corrective action.
INC-00341,EQ-ECG-024,ECG Machine,CardioLab,ECG-12,General Ward,2024-05-06,Printer does not advance paper,PF-208,Immediately after startup,Signal amplitude reduced intermittently,,Investigate system/circuit condition,Remove obstruction; Check paper alignment,Paper-feed mechanism obstruction,Paper-feed mechanism obstruction,Reload paper or service feed mechanism,Electrodes,151,High,Resolved,Technician reported reported the issue. Additional functional testing passed.
INC-00432,EQ-DEF-030,Defibrillator,PulseGuard,PG-700,ICU,2025-12-18,Device reports pads disconnected,PD-119,During patient monitoring,Charge performance outside expected service range,Issue was intermittent,Investigate system/circuit condition,Verify pads are within expiry; Replace pads if necessary,Poor pad connection,Poor pad connection,Reconnect or replace pads,Sensor,42,High,Resolved,Staff observed reported the issue. Unit returned to service after verification.
INC-00767,EQ-DIA-052,Dialysis Machine,RenalCare,DX-700,ICU,2026-01-12,Air bubble visible in circuit,AD-204,After repeated operation cycles,Pressure/conductivity reading outside configured range,,Possible air detected in blood circuit,Follow machine-specific air-removal procedure; Inspect circuit; Stop according to safety procedure,Air detected in blood circuit,Air detected in blood circuit,Resolve air detection condition before resuming,Sensor,104,Medium,Resolved,Unit was flagged for reported the issue. Unit returned to service after verification.
INC-00533,EQ-X-R-038,X-ray Machine,Radiant Imaging,XR-500,Radiology,2025-07-13,Image appears consistently too light,IM-214,Immediately after startup,Exposure/image index outside expected range,Issue was intermittent,Suspected component issue,Verify kVp/mAs settings; Review exposure index,Evidence consistent with incorrect exposure settings or detector issue,Incorrect exposure settings or detector issue,Correct exposure parameters or service detector,Electrodes,89,Low,Monitoring,Technician reported reported the issue. Additional functional testing passed.
INC-00204,EQ-PAT-015,Patient Monitor,Cliniview,CV-900,Emergency,2025-07-26,Signal quality indicator fluctuates,SP-221,During patient monitoring,Signal quality fluctuated between acceptable and poor,,Possible damaged or poorly positioned spo2 sensor,Check cable and connector; Check signal quality; Inspect sensor placement,Damaged or poorly positioned SpO2 sensor,Damaged or poorly positioned SpO2 sensor,Reposition or replace SpO2 sensor,Electrodes,23,High,Resolved,Alarm was noted reported the issue. Unit returned to service after verification.
INC-00446,EQ-DEF-031,Defibrillator,PulseGuard,PG-700,ICU,2024-06-21,Service indicator appears,ST-501,Routine operation,Charge performance outside expected service range,Alarm cleared temporarily after restart,Suspected component issue,Record error code; Repeat approved self-test; Review service documentation,Internal diagnostic fault; no additional abnormality found during basic visual inspection,Internal diagnostic fault,Remove from service and escalate to qualified service personnel,Sensor,178,High,Resolved,Operator reported reported the issue. Unit returned to service after verification.
INC-00238,EQ-PAT-017,Patient Monitor,VitalSys,PM-300,Emergency,2025-12-12,Touchscreen becomes unresponsive,DS-401,During continuous clinical use,Signal quality fluctuated between acceptable and poor,,Suspected component issue,Run system diagnostics; Review event log,Software/process instability,Software/process instability,Restart and escalate for service if recurrence persists,None,22,Medium,Resolved,Alarm was noted reported the issue. Condition was monitored after corrective action.
INC-00094,EQ-INF-008,Infusion Pump,InfuCare,IP-500,ICU,2024-09-24,Small air bubble visible in tubing,AI-115,Immediately after startup,Observed rate approximately 67% of configured rate,Issue was intermittent,Suspected component issue,Check air sensor; Stop infusion; Prime tubing according to procedure,Air detected in infusion line,Air detected in infusion line,Remove air and prime/reseat tubing,Battery,42,High,Resolved,Operator reported reported the issue. No further recurrence observed during the shift.
INC-00513,EQ-X-R-036,X-ray Machine,Radiant Imaging,XR-500,Emergency,2025-08-31,Exposure command ignored,XR-102,Routine operation,Exposure/image index outside expected range,,Investigate system/circuit condition,Check door/interlock status; Review displayed fault code; Verify system ready state,Interlock condition not satisfied,Interlock condition not satisfied,Resolve interlock condition before exposure,Service part,29,Medium,Resolved,Alarm was noted reported the issue. No further recurrence observed during the shift.
INC-00912,EQ-SUC-063,Suction Machine,SuctionPro,SP-200,Emergency,2025-05-23,Pump runs continuously,VC-102,Immediately after startup,Vacuum measured approximately 23% below target,Alarm cleared temporarily after restart,Suspected component issue,Perform leak check; Inspect tubing,Leak in tubing or collection system,Leak in tubing or collection system,Replace leaking tubing/seal,Affected tubing/component,39,High,Resolved,Unit was flagged for reported the issue. Additional functional testing passed.
INC-00736,EQ-DIA-051,Dialysis Machine,RenalCare,DX-700,Dialysis Unit,2026-05-08,Air bubble visible in circuit,AD-204,During patient monitoring,Pressure/conductivity reading outside configured range,Issue was intermittent,Suspected component issue,Stop according to safety procedure; Inspect circuit,Evidence consistent with air detected in blood circuit,Air detected in blood circuit,Resolve air detection condition before resuming,Sensor,108,Medium,Resolved,Alarm was noted reported the issue. Additional functional testing passed.
INC-00285,EQ-PAT-020,Patient Monitor,Cliniview,CV-900,ICU,2026-08-05,Touchscreen becomes unresponsive,DS-401,During patient monitoring,Signal quality fluctuated between acceptable and poor,No visible external damage noted,Possible software/process instability,Restart according to service procedure; Check power supply,Evidence consistent with software/process instability,Software/process instability,Restart and escalate for service if recurrence persists,Battery,171,Medium,Resolved,Alarm was noted reported the issue. No further recurrence observed during the shift.
INC-00185,EQ-INF-013,Infusion Pump,InfuCare,IP-500,General Ward,2025-07-01,Pump pressure gradually increases,FL-104,Routine operation,Observed rate approximately 76% of configured rate,Issue reproduced during verification,Investigate system/circuit condition,Inspect for kinks or occlusion; Verify pump calibration,Evidence consistent with partial occlusion in tubing,Partial occlusion in tubing,Replace obstructed tubing if required,Sensor,160,High,Resolved,Unit was flagged for reported the issue. No further recurrence observed during the shift.
INC-00740,EQ-DIA-051,Dialysis Machine,RenalCare,DX-700,Dialysis Unit,2025-03-09,Alarm occurs during preparation,CO-115,Routine operation,Pressure/conductivity reading outside configured range,Issue reproduced during verification,Possible dialysate mixing/calibration issue,Check connections; Run approved conductivity check,Evidence consistent with dialysate mixing/calibration issue,Dialysate mixing/calibration issue,Correct concentrate supply or service calibration,Battery,50,High,Resolved,Staff observed reported the issue. Additional functional testing passed.
INC-00435,EQ-DEF-030,Defibrillator,PulseGuard,PG-700,ICU,2024-01-24,Startup self-test reports failure,ST-501,During patient monitoring,Charge performance outside expected service range,Issue reproduced during verification,Investigate system/circuit condition,Record error code; Repeat approved self-test,Evidence consistent with internal diagnostic fault,Internal diagnostic fault,Remove from service and escalate to qualified service personnel,None,142,Medium,Resolved,Technician reported reported the issue. No further recurrence observed during the shift.
INC-00508,EQ-DEF-035,Defibrillator,RescueMed,D-500,Emergency,2025-04-08,Pad connection indicator remains inactive,PD-119,Immediately after startup,Charge performance outside expected service range,,Investigate system/circuit condition,Check pad connector; Verify pads are within expiry,Poor pad connection,Poor pad connection,Reconnect or replace pads,None,33,Medium,Resolved,Unit was flagged for reported the issue. Additional functional testing passed.
INC-00154,EQ-INF-011,Infusion Pump,InfuCare,IP-500,Oncology,2026-06-15,Occlusion alarm occurs repeatedly,OC-201,During continuous clinical use,Observed rate approximately 88% of configured rate,Issue reproduced during verification,Suspected component issue,Replace obstructed tubing; Check clamps; Check downstream line,Downstream tubing obstruction; no additional abnormality found during basic visual inspection,Downstream tubing obstruction,Clear obstruction or replace affected line,Battery,12,Low,Resolved,Unit was flagged for reported the issue. No further recurrence observed during the shift.
INC-00076,EQ-VEN-006,Ventilator,RespiraTech,RV-500,ICU,2025-06-20,Airway pressure alarm repeats,AP-217,During continuous clinical use,Pressure/volume observation: 39 cmH2O peak pressure,No visible external damage noted,Suspected component issue,Verify pressure settings; Inspect patient connection; Inspect breathing circuit for kinks/obstruction,Blocked expiratory filter,Blocked expiratory filter,Replace blocked expiratory filter,Battery,57,High,Resolved,Operator reported reported the issue. No further recurrence observed during the shift.
INC-00451,EQ-DEF-031,Defibrillator,PulseGuard,PG-700,ICU,2026-03-22,Charge time exceeds expected range,CH-410,Immediately after startup,Charge performance outside expected service range,Alarm cleared temporarily after restart,Investigate system/circuit condition,Check battery status; Connect to approved power source; Run charge test; Inspect charging indicators,Battery or charging circuit issue,Battery or charging circuit issue,Remove from clinical use and service charging system if fault persists,Sensor,129,High,Resolved,Unit was flagged for reported the issue. Additional functional testing passed.
INC-00674,EQ-BLO-046,Blood Analyzer,LabCore,BA-400,Pathology,2024-08-01,Level reading inconsistent,,During patient monitoring,QC deviation approximately 7.2%,Issue reproduced during verification,Suspected component issue,Verify reagent identification; Inspect sensor; Reseat reagent container,Evidence consistent with reagent sensor or container placement issue,Reagent sensor or container placement issue,Reseat container or service level sensor,Battery,140,Medium,Resolved,Staff observed reported the issue. Additional functional testing passed.
INC-00855,EQ-SUC-059,Suction Machine,CareVac,CV-100,General Ward,2026-03-08,Vacuum does not reach set level,VC-102,After repeated operation cycles,Vacuum measured approximately 39% below target,Issue was intermittent,Possible leak in tubing or collection system,Check collection jar seal; Inspect tubing; Perform leak check; Inspect connectors,Leak in tubing or collection system,Leak in tubing or collection system,Replace leaking tubing/seal,None,58,Medium,Resolved,Unit was flagged for reported the issue. Unit returned to service after verification.
INC-00278,EQ-PAT-020,Patient Monitor,Cliniview,CV-900,ICU,2024-07-01,NIBP error occurs intermittently,NB-207,Routine operation,Signal quality fluctuated between acceptable and poor,Issue was intermittent,Investigate system/circuit condition,Check cuff placement; Inspect tubing; Verify cuff size,Evidence consistent with incorrect cuff size or cuff placement,Incorrect cuff size or cuff placement,Use correct cuff and reconnect tubing,Filter,71,Medium,Resolved,Technician reported reported the issue. Unit returned to service after verification.
INC-00069,EQ-VEN-005,Ventilator,MedAir,V-800,NICU,2025-11-05,Minute volume below configured value,,After repeated operation cycles,Pressure/volume observation: 36 cmH2O peak pressure,Issue reproduced during verification,Investigate system/circuit condition,Verify cuff/circuit integrity; Perform leak test,Circuit leak,Circuit leak,Repair or replace leaking circuit component,Battery,12,Medium,Resolved,Operator reported reported the issue. Condition was monitored after corrective action.
INC-00447,EQ-DEF-031,Defibrillator,PulseGuard,PG-700,ICU,2025-05-09,Pad connection indicator remains inactive,,After repeated operation cycles,Charge performance outside expected service range,No visible external damage noted,Suspected component issue,Check pad connector; Verify pads are within expiry; Replace pads if necessary,Evidence consistent with poor pad connection,Poor pad connection,Reconnect or replace pads,Electrodes,122,Medium,Resolved,Alarm was noted reported the issue. Unit returned to service after verification.
INC-00579,EQ-X-R-041,X-ray Machine,Radiant Imaging,XR-500,Radiology,2024-02-27,Image appears consistently too light,IM-214,During continuous clinical use,Exposure/image index outside expected range,,Investigate system/circuit condition,Check detector status; Review exposure index,Incorrect exposure settings or detector issue,Incorrect exposure settings or detector issue,Correct exposure parameters or service detector,Battery,48,High,Monitoring,Operator reported reported the issue. Condition was monitored after corrective action.
INC-00189,EQ-INF-014,Infusion Pump,MediFlow,IF-700,Oncology,2024-06-21,Small air bubble visible in tubing,AI-115,Immediately after startup,Observed rate approximately 55% of configured rate,Issue was intermittent,Investigate system/circuit condition,Prime tubing according to procedure; Inspect line and connections; Check air sensor; Stop infusion,Evidence consistent with air detected in infusion line,Air detected in infusion line,Remove air and prime/reseat tubing,Sensor,83,High,Resolved,Technician reported reported the issue. Additional functional testing passed.
INC-00272,EQ-PAT-019,Patient Monitor,Cliniview,CV-900,Emergency,2026-04-07,Display stops updating temporarily,DS-401,Routine operation,Signal quality fluctuated between acceptable and poor,Issue reproduced during verification,Possible software/process instability,Restart according to service procedure; Run system diagnostics,Software/process instability; no additional abnormality found during basic visual inspection,Software/process instability,Restart and escalate for service if recurrence persists,Service part,110,Medium,Resolved,Staff observed reported the issue. No further recurrence observed during the shift.
INC-00681,EQ-BLO-047,Blood Analyzer,LabCore,BA-400,Laboratory,2024-07-15,Probe error appears during run,SA-118,During continuous clinical use,QC deviation approximately 7.9%,Issue reproduced during verification,Suspected component issue,Run approved cleaning cycle; Check sample volume; Inspect probe,Clogged aspiration probe; no additional abnormality found during basic visual inspection,Clogged aspiration probe,Clean probe and repeat aspiration test,Sensor,173,Medium,Resolved,Technician reported reported the issue. Condition was monitored after corrective action.
INC-00570,EQ-X-R-040,X-ray Machine,Radiant Imaging,XR-500,Radiology,2025-02-12,Interlock indicator remains active,XR-102,After repeated operation cycles,Exposure/image index outside expected range,Issue reproduced during verification,Investigate system/circuit condition,Review displayed fault code; Check door/interlock status; Verify system ready state,Evidence consistent with interlock condition not satisfied,Interlock condition not satisfied,Resolve interlock condition before exposure,Sensor,138,Critical,Resolved,Operator reported reported the issue. Condition was monitored after corrective action.
INC-00237,EQ-PAT-017,Patient Monitor,VitalSys,PM-300,Emergency,2026-08-06,Saturation value drops without corresponding clinical change,SP-221,Immediately after startup,Signal quality fluctuated between acceptable and poor,Alarm cleared temporarily after restart,Suspected component issue,Try known-good sensor; Inspect sensor placement,Damaged or poorly positioned SpO2 sensor,Damaged or poorly positioned SpO2 sensor,Reposition or replace SpO2 sensor,Battery,142,Medium,Resolved,Operator reported reported the issue. Condition was monitored after corrective action.
INC-00089,EQ-VEN-007,Ventilator,RespiraTech,RV-500,Emergency,2024-09-03,Self-test stops at flow-sensor check,ST-009,Routine operation,Pressure/volume observation: 28 cmH2O peak pressure,Issue was intermittent,Investigate system/circuit condition,Clean/reseat sensor; Run calibration procedure,Flow sensor calibration drift; no additional abnormality found during basic visual inspection,Flow sensor calibration drift,Calibrate or replace flow sensor,Affected tubing/component,143,High,Resolved,Technician reported reported the issue. Additional functional testing passed.
INC-00782,EQ-DIA-053,Dialysis Machine,RenalCare,DX-700,ICU,2025-08-04,Air bubble visible in circuit,AD-204,During patient monitoring,Pressure/conductivity reading outside configured range,Issue reproduced during verification,Investigate system/circuit condition,Follow machine-specific air-removal procedure; Stop according to safety procedure; Inspect circuit,Air detected in blood circuit,Air detected in blood circuit,Resolve air detection condition before resuming,Battery,159,High,Resolved,Alarm was noted reported the issue. Unit returned to service after verification.
INC-00118,EQ-INF-009,Infusion Pump,MediFlow,IF-700,General Ward,2025-10-04,Pressure rises after infusion starts,OC-201,Immediately after startup,Observed rate approximately 59% of configured rate,Alarm cleared temporarily after restart,Suspected component issue,Check downstream line; Check clamps; Replace obstructed tubing,Downstream tubing obstruction,Downstream tubing obstruction,Clear obstruction or replace affected line,Battery,122,Medium,Resolved,Alarm was noted reported the issue. Unit returned to service after verification.
INC-00126,EQ-INF-009,Infusion Pump,MediFlow,IF-700,General Ward,2024-11-13,Air-in-line alarm during infusion,AI-115,Routine operation,Observed rate approximately 67% of configured rate,Issue reproduced during verification,Investigate system/circuit condition,Inspect line and connections; Stop infusion; Prime tubing according to procedure,Evidence consistent with air detected in infusion line,Air detected in infusion line,Remove air and prime/reseat tubing,None,116,Medium,Resolved,Operator reported reported the issue. Unit returned to service after verification.
INC-00754,EQ-DIA-052,Dialysis Machine,RenalCare,DX-700,ICU,2024-02-22,Arterial pressure more negative than expected,AR-221,Immediately after startup,Pressure/conductivity reading outside configured range,,Possible blood-line restriction or access issue,Check access connection; Follow clinical escalation procedure,Blood-line restriction or access issue; no additional abnormality found during basic visual inspection,Blood-line restriction or access issue,Correct line restriction and escalate clinical issue as required,Sensor,30,Critical,Resolved,Operator reported reported the issue. Unit returned to service after verification.
INC-00290,EQ-PAT-020,Patient Monitor,Cliniview,CV-900,ICU,2025-01-31,Touchscreen becomes unresponsive,DS-401,Immediately after startup,Signal quality fluctuated between acceptable and poor,Issue was intermittent,Possible software/process instability,Check power supply; Restart according to service procedure; Run system diagnostics; Review event log,Evidence consistent with software/process instability,Software/process instability,Restart and escalate for service if recurrence persists,Service part,124,Medium,Resolved,Staff observed reported the issue. Condition was monitored after corrective action.
INC-00239,EQ-PAT-017,Patient Monitor,VitalSys,PM-300,Emergency,2024-08-24,SpO2 value briefly falls and recovers,SP-221,Routine operation,Signal quality fluctuated between acceptable and poor,Issue was intermittent,Possible damaged or poorly positioned spo2 sensor,Check signal quality; Try known-good sensor; Inspect sensor placement; Check cable and connector,Damaged or poorly positioned SpO2 sensor; no additional abnormality found during basic visual inspection,Damaged or poorly positioned SpO2 sensor,Reposition or replace SpO2 sensor,Affected tubing/component,140,Medium,Resolved,Unit was flagged for reported the issue. No further recurrence observed during the shift.
INC-00001,EQ-VEN-001,Ventilator,MedAir,V-800,Emergency,2025-03-06,Minute volume below configured value,MV-104,Routine operation,Pressure/volume observation: 39 cmH2O peak pressure,Issue reproduced during verification,Suspected component issue,Verify cuff/circuit integrity; Perform leak test,Evidence consistent with circuit leak,Circuit leak,Repair or replace leaking circuit component,Electrodes,172,High,Resolved,Unit was flagged for reported the issue. No further recurrence observed during the shift.
INC-00913,EQ-SUC-063,Suction Machine,SuctionPro,SP-200,Emergency,2026-06-27,Pump runs continuously,,After repeated operation cycles,Vacuum measured approximately 51% below target,Issue was intermittent,Possible leak in tubing or collection system,Inspect connectors; Perform leak check; Check collection jar seal; Inspect tubing,Evidence consistent with leak in tubing or collection system,Leak in tubing or collection system,Replace leaking tubing/seal,None,39,High,Monitoring,Technician reported reported the issue. No further recurrence observed during the shift.
INC-00496,EQ-DEF-035,Defibrillator,RescueMed,D-500,Emergency,2024-12-21,Device stops charging before target energy,CH-410,Routine operation,Charge performance outside expected service range,Issue was intermittent,Investigate system/circuit condition,Check battery status; Run charge test,Battery or charging circuit issue,Battery or charging circuit issue,Remove from clinical use and service charging system if fault persists,Electrodes,44,High,Resolved,Alarm was noted reported the issue. Unit returned to service after verification.
INC-00803,EQ-DIA-055,Dialysis Machine,RenalCare,DX-700,Dialysis Unit,2026-06-23,Air bubble visible in circuit,AD-204,During patient monitoring,Pressure/conductivity reading outside configured range,,Suspected component issue,Follow machine-specific air-removal procedure; Stop according to safety procedure,Air detected in blood circuit,Air detected in blood circuit,Resolve air detection condition before resuming,Electrodes,55,Medium,Resolved,Technician reported reported the issue. Additional functional testing passed.
INC-00396,EQ-ECG-027,ECG Machine,HeartTrace,H-300,Cardiology,2025-04-28,One channel is flat,LD-112,During patient monitoring,Signal amplitude reduced intermittently,Issue was intermittent,Investigate system/circuit condition,Test cable continuity; Inspect connector; Swap lead,Broken or disconnected lead wire,Broken or disconnected lead wire,Reconnect or replace affected lead,Service part,26,Medium,Resolved,Staff observed reported the issue. No further recurrence observed during the shift.
INC-00546,EQ-X-R-039,X-ray Machine,MedRay,MX-900,Radiology,2024-12-09,Exposure index below expected range,IM-214,Routine operation,Exposure/image index outside expected range,Issue reproduced during verification,Possible incorrect exposure settings or detector issue,Verify kVp/mAs settings; Review exposure index,Incorrect exposure settings or detector issue; no additional abnormality found during basic visual inspection,Incorrect exposure settings or detector issue,Correct exposure parameters or service detector,Service part,85,High,Resolved,Operator reported reported the issue. Condition was monitored after corrective action.
INC-00127,EQ-INF-009,Infusion Pump,MediFlow,IF-700,General Ward,2024-05-02,Air-in-line alarm during infusion,AI-115,After repeated operation cycles,Observed rate approximately 80% of configured rate,Issue reproduced during verification,Possible air detected in infusion line,Inspect line and connections; Prime tubing according to procedure; Check air sensor,Air detected in infusion line,Air detected in infusion line,Remove air and prime/reseat tubing,Battery,35,Medium,Resolved,Technician reported reported the issue. Condition was monitored after corrective action.
INC-00279,EQ-PAT-020,Patient Monitor,Cliniview,CV-900,ICU,2024-01-20,NIBP error occurs intermittently,NB-207,Immediately after startup,Signal quality fluctuated between acceptable and poor,Alarm cleared temporarily after restart,Investigate system/circuit condition,Repeat measurement; Check cuff placement,Incorrect cuff size or cuff placement,Incorrect cuff size or cuff placement,Use correct cuff and reconnect tubing,Filter,108,High,Resolved after escalation,Technician reported reported the issue. Additional functional testing passed.
INC-00711,EQ-BLO-049,Blood Analyzer,HemaTech,HA-600,Laboratory,2024-11-24,Analyzer reports empty reagent despite available volume,RG-207,Immediately after startup,QC deviation approximately 2.6%,Issue was intermittent,Investigate system/circuit condition,Verify reagent identification; Inspect sensor; Reseat reagent container,Reagent sensor or container placement issue; no additional abnormality found during basic visual inspection,Reagent sensor or container placement issue,Reseat container or service level sensor,Filter,27,Medium,Resolved,Staff observed reported the issue. Condition was monitored after corrective action.
INC-00117,EQ-INF-009,Infusion Pump,MediFlow,IF-700,General Ward,2024-10-23,Small air bubble visible in tubing,AI-115,Routine operation,Observed rate approximately 95% of configured rate,Issue reproduced during verification,Investigate system/circuit condition,Inspect line and connections; Stop infusion,Air detected in infusion line,Air detected in infusion line,Remove air and prime/reseat tubing,Affected tubing/component,87,Critical,Resolved after escalation,Unit was flagged for reported the issue. No further recurrence observed during the shift.
INC-00474,EQ-DEF-033,Defibrillator,PulseGuard,PG-700,ICU,2026-05-02,Device stops charging before target energy,CH-410,After repeated operation cycles,Charge performance outside expected service range,,Suspected component issue,Connect to approved power source; Inspect charging indicators; Check battery status; Run charge test,Evidence consistent with battery or charging circuit issue,Battery or charging circuit issue,Remove from clinical use and service charging system if fault persists,None,138,High,Resolved,Staff observed reported the issue. Additional functional testing passed.
INC-00229,EQ-PAT-016,Patient Monitor,VitalSys,PM-300,ICU,2025-06-15,Oxygen saturation signal drops intermittently,SP-221,During continuous clinical use,Signal quality fluctuated between acceptable and poor,,Investigate system/circuit condition,Check signal quality; Try known-good sensor,Damaged or poorly positioned SpO2 sensor; no additional abnormality found during basic visual inspection,Damaged or poorly positioned SpO2 sensor,Reposition or replace SpO2 sensor,None,168,Medium,Resolved,Unit was flagged for reported the issue. No further recurrence observed during the shift.
INC-00679,EQ-BLO-047,Blood Analyzer,LabCore,BA-400,Laboratory,2024-05-18,Control value exceeds laboratory target,,Immediately after startup,QC deviation approximately 4.0%,Alarm cleared temporarily after restart,Investigate system/circuit condition,Run calibration; Repeat control; Check reagent lot and expiry; Inspect QC history,Reagent deterioration or calibration drift,Reagent deterioration or calibration drift,Replace compromised reagent or recalibrate,Battery,150,High,Resolved,Alarm was noted reported the issue. Unit returned to service after verification.
INC-00673,EQ-BLO-046,Blood Analyzer,LabCore,BA-400,Pathology,2024-08-17,Level reading inconsistent,RG-207,Immediately after startup,QC deviation approximately 5.6%,No visible external damage noted,Suspected component issue,Reseat reagent container; Verify reagent identification; Inspect sensor,Reagent sensor or container placement issue; no additional abnormality found during basic visual inspection,Reagent sensor or container placement issue,Reseat container or service level sensor,Filter,143,Critical,Resolved after escalation,Unit was flagged for reported the issue. Additional functional testing passed.
INC-00058,EQ-VEN-004,Ventilator,RespiraTech,RV-500,ICU,2025-05-26,Pressure rises above expected range,AP-217,After repeated operation cycles,Pressure/volume observation: 16 cmH2O peak pressure,Issue reproduced during verification,Possible blocked expiratory filter,Verify pressure settings; Inspect patient connection; Inspect expiratory filter; Inspect breathing circuit for kinks/obstruction,Evidence consistent with blocked expiratory filter,Blocked expiratory filter,Replace blocked expiratory filter,None,139,Medium,Resolved,Operator reported reported the issue. Unit returned to service after verification.
INC-00530,EQ-X-R-037,X-ray Machine,MedRay,MX-900,Emergency,2025-05-17,Interlock indicator remains active,XR-102,During continuous clinical use,Exposure/image index outside expected range,No visible external damage noted,Investigate system/circuit condition,Review displayed fault code; Check door/interlock status,Evidence consistent with interlock condition not satisfied,Interlock condition not satisfied,Resolve interlock condition before exposure,Affected tubing/component,13,Medium,Resolved after escalation,Technician reported reported the issue. Condition was monitored after corrective action.
INC-00275,EQ-PAT-020,Patient Monitor,Cliniview,CV-900,ICU,2025-11-19,Noise increases with movement,EC-118,Routine operation,Signal quality fluctuated between acceptable and poor,No visible external damage noted,Suspected component issue,Check electrode adhesion; Replace degraded electrodes,Loose or degraded ECG electrode connection; no additional abnormality found during basic visual inspection,Loose or degraded ECG electrode connection,Replace electrodes or affected lead,Filter,94,High,Resolved,Alarm was noted reported the issue. Condition was monitored after corrective action.
INC-00319,EQ-ECG-023,ECG Machine,HeartTrace,H-300,Cardiology,2026-06-20,Signal quality poor despite stable patient,EC-301,After repeated operation cycles,Signal amplitude reduced intermittently,Issue reproduced during verification,Investigate system/circuit condition,Replace electrodes; Inspect lead connections,Poor electrode contact; no additional abnormality found during basic visual inspection,Poor electrode contact,Improve electrode contact and repeat ECG,Affected tubing/component,84,Medium,Resolved,Unit was flagged for reported the issue. Unit returned to service after verification.
INC-00621,EQ-BLO-043,Blood Analyzer,HemaTech,HA-600,Pathology,2024-09-05,Control value exceeds laboratory target,,During patient monitoring,QC deviation approximately 6.2%,Alarm cleared temporarily after restart,Possible reagent deterioration or calibration drift,Repeat control; Check reagent lot and expiry; Inspect QC history,Reagent deterioration or calibration drift; no additional abnormality found during basic visual inspection,Reagent deterioration or calibration drift,Replace compromised reagent or recalibrate,None,168,Critical,Resolved,Operator reported reported the issue. Condition was monitored after corrective action.
INC-00145,EQ-INF-011,Infusion Pump,InfuCare,IP-500,Oncology,2026-06-28,Air-in-line alarm during infusion,,During patient monitoring,Observed rate approximately 45% of configured rate,No visible external damage noted,Suspected component issue,Inspect line and connections; Prime tubing according to procedure; Check air sensor; Stop infusion,Air detected in infusion line,Air detected in infusion line,Remove air and prime/reseat tubing,None,30,Medium,Resolved,Staff observed reported the issue. No further recurrence observed during the shift.
INC-00652,EQ-BLO-045,Blood Analyzer,LabCore,BA-400,Pathology,2026-04-25,QC failure repeats on same assay,QC-301,During continuous clinical use,QC deviation approximately 5.1%,Issue was intermittent,Possible reagent deterioration or calibration drift,Run calibration; Check reagent lot and expiry; Inspect QC history,Reagent deterioration or calibration drift,Reagent deterioration or calibration drift,Replace compromised reagent or recalibrate,Sensor,67,Medium,Monitoring,Operator reported reported the issue. No further recurrence observed during the shift.
INC-00573,EQ-X-R-040,X-ray Machine,Radiant Imaging,XR-500,Radiology,2026-08-14,System requests cooling period,TH-330,During continuous clinical use,Exposure/image index outside expected range,Issue reproduced during verification,Possible high accumulated tube load,Check cooling system; Review exposure history; Allow manufacturer-specified cooling period,High accumulated tube load,High accumulated tube load,Allow cooling and escalate if warning persists unexpectedly,Service part,138,High,Resolved,Unit was flagged for reported the issue. Condition was monitored after corrective action.
INC-00839,EQ-SUC-058,Suction Machine,CareVac,CV-100,General Ward,2024-08-03,Pump runs continuously,VC-102,During continuous clinical use,Vacuum measured approximately 38% below target,No visible external damage noted,Possible leak in tubing or collection system,Check collection jar seal; Perform leak check; Inspect tubing; Inspect connectors,Leak in tubing or collection system; no additional abnormality found during basic visual inspection,Leak in tubing or collection system,Replace leaking tubing/seal,Filter,139,Medium,Resolved,Unit was flagged for reported the issue. No further recurrence observed during the shift.
INC-00660,EQ-BLO-046,Blood Analyzer,LabCore,BA-400,Pathology,2024-07-05,QC failure repeats on same assay,QC-301,During patient monitoring,QC deviation approximately 2.1%,Issue was intermittent,Investigate system/circuit condition,Repeat control; Check reagent lot and expiry,Evidence consistent with reagent deterioration or calibration drift,Reagent deterioration or calibration drift,Replace compromised reagent or recalibrate,Electrodes,14,Medium,Monitoring,Technician reported reported the issue. Condition was monitored after corrective action.
INC-00370,EQ-ECG-026,ECG Machine,CardioLab,ECG-12,Emergency,2025-01-26,Signal quality poor despite stable patient,EC-301,Immediately after startup,Signal amplitude reduced intermittently,No visible external damage noted,Possible poor electrode contact,Replace electrodes; Check skin preparation; Inspect lead connections,Evidence consistent with poor electrode contact,Poor electrode contact,Improve electrode contact and repeat ECG,Electrodes,88,Medium,Resolved,Technician reported reported the issue. Condition was monitored after corrective action.
INC-00269,EQ-PAT-019,Patient Monitor,Cliniview,CV-900,Emergency,2026-08-06,NIBP error occurs intermittently,NB-207,During patient monitoring,Signal quality fluctuated between acceptable and poor,No visible external damage noted,Possible incorrect cuff size or cuff placement,Inspect tubing; Check cuff placement; Verify cuff size; Repeat measurement,Incorrect cuff size or cuff placement; no additional abnormality found during basic visual inspection,Incorrect cuff size or cuff placement,Use correct cuff and reconnect tubing,Affected tubing/component,125,High,Resolved,Technician reported reported the issue. Condition was monitored after corrective action.
INC-00639,EQ-BLO-044,Blood Analyzer,LabCore,BA-400,Laboratory,2026-04-29,QC failure repeats on same assay,QC-301,During patient monitoring,QC deviation approximately 5.1%,,Possible reagent deterioration or calibration drift,Run calibration; Repeat control; Check reagent lot and expiry; Inspect QC history,Reagent deterioration or calibration drift,Reagent deterioration or calibration drift,Replace compromised reagent or recalibrate,Service part,179,High,Resolved,Technician reported reported the issue. Additional functional testing passed.
INC-00308,EQ-ECG-022,ECG Machine,CardioLab,ECG-12,Emergency,2026-02-22,Printer does not advance paper,PF-208,Immediately after startup,Signal amplitude reduced intermittently,Issue reproduced during verification,Investigate system/circuit condition,Check paper alignment; Inspect feed path; Remove obstruction,Paper-feed mechanism obstruction; no additional abnormality found during basic visual inspection,Paper-feed mechanism obstruction,Reload paper or service feed mechanism,None,40,High,Resolved,Alarm was noted reported the issue. No further recurrence observed during the shift.
INC-00424,EQ-DEF-029,Defibrillator,PulseGuard,PG-700,Cardiology,2026-06-08,Charge time exceeds expected range,CH-410,During patient monitoring,Charge performance outside expected service range,,Suspected component issue,Connect to approved power source; Check battery status; Inspect charging indicators; Run charge test,Battery or charging circuit issue; no additional abnormality found during basic visual inspection,Battery or charging circuit issue,Remove from clinical use and service charging system if fault persists,Battery,97,Medium,Resolved after escalation,Alarm was noted reported the issue. No further recurrence observed during the shift.
INC-00311,EQ-ECG-022,ECG Machine,CardioLab,ECG-12,Emergency,2024-03-21,Baseline slowly shifts,EC-301,During patient monitoring,Signal amplitude reduced intermittently,No visible external damage noted,Possible poor electrode contact,Check skin preparation; Inspect lead connections,Poor electrode contact,Poor electrode contact,Improve electrode contact and repeat ECG,Filter,35,Low,Monitoring,Technician reported reported the issue. Unit returned to service after verification.
INC-00355,EQ-ECG-025,ECG Machine,CardioLab,ECG-12,General Ward,2026-04-06,Baseline slowly shifts,EC-301,Immediately after startup,Signal amplitude reduced intermittently,Issue reproduced during verification,Suspected component issue,Inspect lead connections; Replace electrodes,Poor electrode contact,Poor electrode contact,Improve electrode contact and repeat ECG,Affected tubing/component,136,Medium,Resolved,Technician reported reported the issue. Unit returned to service after verification.
INC-00047,EQ-VEN-004,Ventilator,RespiraTech,RV-500,ICU,2025-06-20,Calibration warning appears at startup,ST-009,After repeated operation cycles,Pressure/volume observation: 20 cmH2O peak pressure,No visible external damage noted,Investigate system/circuit condition,Clean/reseat sensor; Run calibration procedure,Flow sensor calibration drift,Flow sensor calibration drift,Calibrate or replace flow sensor,Battery,170,Medium,Resolved after escalation,Staff observed reported the issue. Unit returned to service after verification.
INC-00350,EQ-ECG-024,ECG Machine,CardioLab,ECG-12,General Ward,2026-05-29,Baseline slowly shifts,EC-301,After repeated operation cycles,Signal amplitude reduced intermittently,Issue was intermittent,Possible poor electrode contact,Replace electrodes; Check skin preparation; Inspect lead connections,Evidence consistent with poor electrode contact,Poor electrode contact,Improve electrode contact and repeat ECG,Filter,10,Medium,Resolved,Staff observed reported the issue. No further recurrence observed during the shift.
INC-00196,EQ-INF-014,Infusion Pump,MediFlow,IF-700,Oncology,2026-07-01,Occlusion alarm occurs repeatedly,OC-201,After repeated operation cycles,Observed rate approximately 38% of configured rate,No visible external damage noted,Investigate system/circuit condition,Check clamps; Check downstream line; Replace obstructed tubing; Inspect catheter connection,Evidence consistent with downstream tubing obstruction,Downstream tubing obstruction,Clear obstruction or replace affected line,Electrodes,125,Critical,Resolved after escalation,Staff observed reported the issue. Additional functional testing passed.
INC-00922,EQ-SUC-063,Suction Machine,SuctionPro,SP-200,Emergency,2025-12-22,Flow appears restricted,SU-214,After repeated operation cycles,Vacuum measured approximately 31% below target,Issue reproduced during verification,Possible blocked suction filter or tubing,Inspect collection jar; Clear approved obstruction; Inspect tubing,Blocked suction filter or tubing,Blocked suction filter or tubing,Replace blocked filter or tubing,Battery,50,High,Monitoring,Technician reported reported the issue. Additional functional testing passed.
INC-00768,EQ-DIA-052,Dialysis Machine,RenalCare,DX-700,ICU,2024-08-05,Air bubble visible in circuit,AD-204,During continuous clinical use,Pressure/conductivity reading outside configured range,Alarm cleared temporarily after restart,Investigate system/circuit condition,Inspect circuit; Follow machine-specific air-removal procedure; Stop according to safety procedure,Evidence consistent with air detected in blood circuit,Air detected in blood circuit,Resolve air detection condition before resuming,Affected tubing/component,15,High,Resolved,Staff observed reported the issue. Unit returned to service after verification.
INC-00715,EQ-BLO-049,Blood Analyzer,HemaTech,HA-600,Laboratory,2026-04-14,Control value exceeds laboratory target,QC-301,Routine operation,QC deviation approximately 1.6%,No visible external damage noted,Suspected component issue,Check reagent lot and expiry; Run calibration; Inspect QC history,Reagent deterioration or calibration drift,Reagent deterioration or calibration drift,Replace compromised reagent or recalibrate,Battery,108,Medium,Resolved,Operator reported reported the issue. Condition was monitored after corrective action.
INC-00264,EQ-PAT-019,Patient Monitor,Cliniview,CV-900,Emergency,2025-07-22,Display stops updating temporarily,DS-401,After repeated operation cycles,Signal quality fluctuated between acceptable and poor,Alarm cleared temporarily after restart,Suspected component issue,Check power supply; Run system diagnostics; Review event log,Software/process instability; no additional abnormality found during basic visual inspection,Software/process instability,Restart and escalate for service if recurrence persists,Service part,40,Low,Resolved after escalation,Technician reported reported the issue. Additional functional testing passed.
INC-00444,EQ-DEF-031,Defibrillator,PulseGuard,PG-700,ICU,2024-11-08,Startup self-test reports failure,ST-501,During continuous clinical use,Charge performance outside expected service range,No visible external damage noted,Possible internal diagnostic fault,Record error code; Repeat approved self-test,Internal diagnostic fault,Internal diagnostic fault,Remove from service and escalate to qualified service personnel,Electrodes,131,High,Resolved after escalation,Technician reported reported the issue. No further recurrence observed during the shift.
INC-00622,EQ-BLO-043,Blood Analyzer,HemaTech,HA-600,Pathology,2024-04-23,Probe error appears during run,SA-118,During continuous clinical use,QC deviation approximately 7.2%,Issue was intermittent,Investigate system/circuit condition,Check sample volume; Inspect probe; Run approved cleaning cycle,Clogged aspiration probe; no additional abnormality found during basic visual inspection,Clogged aspiration probe,Clean probe and repeat aspiration test,Filter,67,Critical,Resolved,Operator reported reported the issue. Condition was monitored after corrective action.
INC-00305,EQ-PAT-021,Patient Monitor,VitalSys,PM-300,Emergency,2025-02-28,SpO2 value briefly falls and recovers,SP-221,Immediately after startup,Signal quality fluctuated between acceptable and poor,,Suspected component issue,Try known-good sensor; Check signal quality,Damaged or poorly positioned SpO2 sensor,Damaged or poorly positioned SpO2 sensor,Reposition or replace SpO2 sensor,Sensor,131,Medium,Resolved,Unit was flagged for reported the issue. Additional functional testing passed.
INC-00342,EQ-ECG-024,ECG Machine,CardioLab,ECG-12,General Ward,2026-06-27,One channel is flat,,Routine operation,Signal amplitude reduced intermittently,Issue reproduced during verification,Possible broken or disconnected lead wire,Swap lead; Inspect connector,Broken or disconnected lead wire; no additional abnormality found during basic visual inspection,Broken or disconnected lead wire,Reconnect or replace affected lead,Service part,173,Medium,Resolved,Alarm was noted reported the issue. Unit returned to service after verification.
INC-00890,EQ-SUC-061,Suction Machine,SuctionPro,SP-200,ICU,2024-10-28,Vacuum does not reach set level,VC-102,During patient monitoring,Vacuum measured approximately 47% below target,Issue was intermittent,Suspected component issue,Inspect tubing; Check collection jar seal; Perform leak check; Inspect connectors,Leak in tubing or collection system; no additional abnormality found during basic visual inspection,Leak in tubing or collection system,Replace leaking tubing/seal,None,50,High,Resolved,Technician reported reported the issue. Unit returned to service after verification.
INC-00150,EQ-INF-011,Infusion Pump,InfuCare,IP-500,Oncology,2025-11-30,Battery percentage falls rapidly,BT-310,Routine operation,Observed rate approximately 47% of configured rate,No visible external damage noted,Suspected component issue,Inspect power connector; Verify charging cycle; Check battery health,Battery degradation,Battery degradation,Replace battery if capacity is below service threshold,Electrodes,122,High,Monitoring,Technician reported reported the issue. No further recurrence observed during the shift.
INC-00125,EQ-INF-009,Infusion Pump,MediFlow,IF-700,General Ward,2026-02-20,Air-in-line alarm during infusion,AI-115,Routine operation,Observed rate approximately 84% of configured rate,Alarm cleared temporarily after restart,Investigate system/circuit condition,Check air sensor; Inspect line and connections; Prime tubing according to procedure,Air detected in infusion line,Air detected in infusion line,Remove air and prime/reseat tubing,None,168,Low,Resolved,Operator reported reported the issue. Additional functional testing passed.
INC-00724,EQ-DIA-050,Dialysis Machine,DialyTech,DT-500,ICU,2024-08-07,Alarm occurs during preparation,CO-115,During continuous clinical use,Pressure/conductivity reading outside configured range,Issue was intermittent,Investigate system/circuit condition,Verify concentrate supply; Check connections,Evidence consistent with dialysate mixing/calibration issue,Dialysate mixing/calibration issue,Correct concentrate supply or service calibration,Electrodes,23,High,Resolved,Staff observed reported the issue. No further recurrence observed during the shift.
INC-00051,EQ-VEN-004,Ventilator,RespiraTech,RV-500,ICU,2026-03-19,Delivered volume exceeds configured target,TV-331,After repeated operation cycles,Pressure/volume observation: 36 cmH2O peak pressure,Issue was intermittent,Suspected component issue,Run device self-test; Verify mode and tidal-volume setting,Evidence consistent with incorrect ventilator settings,Incorrect ventilator settings,Correct configuration and repeat verification,Sensor,84,Medium,Monitoring,Unit was flagged for reported the issue. Additional functional testing passed.
INC-00354,EQ-ECG-025,ECG Machine,CardioLab,ECG-12,General Ward,2024-05-12,Paper feed motor sounds abnormal,,During patient monitoring,Signal amplitude reduced intermittently,Issue reproduced during verification,Possible paper-feed mechanism obstruction,Remove obstruction; Check paper alignment,Paper-feed mechanism obstruction,Paper-feed mechanism obstruction,Reload paper or service feed mechanism,None,96,High,Resolved after escalation,Alarm was noted reported the issue. Additional functional testing passed.
INC-00853,EQ-SUC-059,Suction Machine,CareVac,CV-100,General Ward,2026-01-16,Flow appears restricted,SU-214,After repeated operation cycles,Vacuum measured approximately 22% below target,Alarm cleared temporarily after restart,Investigate system/circuit condition,Clear approved obstruction; Check filter; Inspect tubing; Inspect collection jar,Blocked suction filter or tubing,Blocked suction filter or tubing,Replace blocked filter or tubing,Battery,136,Medium,Resolved,Staff observed reported the issue. No further recurrence observed during the shift.
INC-00143,EQ-INF-010,Infusion Pump,MediFlow,IF-700,General Ward,2024-12-05,Battery percentage falls rapidly,,Immediately after startup,Observed rate approximately 50% of configured rate,Alarm cleared temporarily after restart,Possible battery degradation,Check battery health; Inspect power connector; Verify charging cycle,Battery degradation,Battery degradation,Replace battery if capacity is below service threshold,Sensor,70,High,Resolved,Technician reported reported the issue. Unit returned to service after verification.
INC-00471,EQ-DEF-033,Defibrillator,PulseGuard,PG-700,ICU,2024-05-16,Service indicator appears,ST-501,After repeated operation cycles,Charge performance outside expected service range,Alarm cleared temporarily after restart,Possible internal diagnostic fault,Record error code; Review service documentation,Internal diagnostic fault,Internal diagnostic fault,Remove from service and escalate to qualified service personnel,Battery,40,Medium,Resolved,Staff observed reported the issue. No further recurrence observed during the shift.
INC-00400,EQ-ECG-028,ECG Machine,CardioLab,ECG-12,Cardiology,2025-01-12,One channel is flat,LD-112,After repeated operation cycles,Signal amplitude reduced intermittently,Alarm cleared temporarily after restart,Suspected component issue,Inspect connector; Swap lead,Broken or disconnected lead wire; no additional abnormality found during basic visual inspection,Broken or disconnected lead wire,Reconnect or replace affected lead,Affected tubing/component,57,Medium,Resolved,Unit was flagged for reported the issue. Additional functional testing passed.
INC-00577,EQ-X-R-040,X-ray Machine,Radiant Imaging,XR-500,Radiology,2026-08-13,Image appears consistently too light,IM-214,Routine operation,Exposure/image index outside expected range,Issue reproduced during verification,Suspected component issue,Review exposure index; Check detector status,Incorrect exposure settings or detector issue,Incorrect exposure settings or detector issue,Correct exposure parameters or service detector,None,170,Low,Resolved,Unit was flagged for reported the issue. No further recurrence observed during the shift.
INC-00321,EQ-ECG-023,ECG Machine,HeartTrace,H-300,Cardiology,2026-02-22,Printer does not advance paper,PF-208,During continuous clinical use,Signal amplitude reduced intermittently,Issue was intermittent,Possible paper-feed mechanism obstruction,Remove obstruction; Check paper alignment; Inspect feed path,Paper-feed mechanism obstruction; no additional abnormality found during basic visual inspection,Paper-feed mechanism obstruction,Reload paper or service feed mechanism,Service part,83,Medium,Resolved,Staff observed reported the issue. Unit returned to service after verification.
INC-00020,EQ-VEN-002,Ventilator,MedAir,V-800,NICU,2026-05-06,Low-volume alarm during ventilation,MV-104,During patient monitoring,Pressure/volume observation: 16 cmH2O peak pressure,,Investigate system/circuit condition,Perform leak test; Check circuit connections; Inspect tubing for cracks,Evidence consistent with circuit leak,Circuit leak,Repair or replace leaking circuit component,Battery,130,Medium,Monitoring,Unit was flagged for reported the issue. Condition was monitored after corrective action.
INC-00745,EQ-DIA-051,Dialysis Machine,RenalCare,DX-700,Dialysis Unit,2024-09-15,Pressure changes after line repositioning,AR-221,During patient monitoring,Pressure/conductivity reading outside configured range,No visible external damage noted,Possible blood-line restriction or access issue,Inspect blood line for kinks; Check access connection,Blood-line restriction or access issue; no additional abnormality found during basic visual inspection,Blood-line restriction or access issue,Correct line restriction and escalate clinical issue as required,Sensor,18,High,Resolved,Unit was flagged for reported the issue. No further recurrence observed during the shift.
INC-00778,EQ-DIA-053,Dialysis Machine,RenalCare,DX-700,ICU,2026-05-28,Conductivity reading outside target,CO-115,During patient monitoring,Pressure/conductivity reading outside configured range,Alarm cleared temporarily after restart,Suspected component issue,Verify concentrate supply; Check connections; Run approved conductivity check,Evidence consistent with dialysate mixing/calibration issue,Dialysate mixing/calibration issue,Correct concentrate supply or service calibration,Filter,123,High,Resolved,Technician reported reported the issue. No further recurrence observed during the shift.
INC-00744,EQ-DIA-051,Dialysis Machine,RenalCare,DX-700,Dialysis Unit,2025-09-10,Conductivity reading outside target,CO-115,Routine operation,Pressure/conductivity reading outside configured range,Issue was intermittent,Suspected component issue,Check connections; Verify concentrate supply,Dialysate mixing/calibration issue,Dialysate mixing/calibration issue,Correct concentrate supply or service calibration,Battery,82,Medium,Resolved,Staff observed reported the issue. Unit returned to service after verification.
INC-00408,EQ-ECG-028,ECG Machine,CardioLab,ECG-12,Cardiology,2026-04-15,One channel is flat,LD-112,During patient monitoring,Signal amplitude reduced intermittently,No visible external damage noted,Possible broken or disconnected lead wire,Swap lead; Inspect connector,Evidence consistent with broken or disconnected lead wire,Broken or disconnected lead wire,Reconnect or replace affected lead,Sensor,49,Medium,Resolved,Alarm was noted reported the issue. Unit returned to service after verification.
INC-00538,EQ-X-R-038,X-ray Machine,Radiant Imaging,XR-500,Radiology,2025-01-10,System requests cooling period,TH-330,Routine operation,Exposure/image index outside expected range,No visible external damage noted,Suspected component issue,Check cooling system; Allow manufacturer-specified cooling period; Review exposure history,High accumulated tube load; no additional abnormality found during basic visual inspection,High accumulated tube load,Allow cooling and escalate if warning persists unexpectedly,None,57,Medium,Monitoring,Operator reported reported the issue. Additional functional testing passed.
INC-00636,EQ-BLO-044,Blood Analyzer,LabCore,BA-400,Laboratory,2025-11-15,Level reading inconsistent,RG-207,During continuous clinical use,QC deviation approximately 5.3%,,Investigate system/circuit condition,Verify reagent identification; Inspect sensor,Reagent sensor or container placement issue,Reagent sensor or container placement issue,Reseat container or service level sensor,Battery,17,Medium,Resolved,Staff observed reported the issue. Unit returned to service after verification.
INC-00039,EQ-VEN-003,Ventilator,MedAir,V-800,ICU,2024-03-08,Peak pressure elevated during inspiration,AP-217,After repeated operation cycles,Pressure/volume observation: 23 cmH2O peak pressure,,Suspected component issue,Verify pressure settings; Inspect patient connection; Inspect expiratory filter,Evidence consistent with blocked expiratory filter,Blocked expiratory filter,Replace blocked expiratory filter,Service part,172,High,Resolved,Operator reported reported the issue. Additional functional testing passed.
INC-00176,EQ-INF-013,Infusion Pump,InfuCare,IP-500,General Ward,2025-09-15,Runtime is shorter than expected,BT-310,During patient monitoring,Observed rate approximately 52% of configured rate,,Investigate system/circuit condition,Inspect power connector; Verify charging cycle; Check battery health,Battery degradation; no additional abnormality found during basic visual inspection,Battery degradation,Replace battery if capacity is below service threshold,Affected tubing/component,58,Medium,Resolved,Alarm was noted reported the issue. Condition was monitored after corrective action.
INC-00246,EQ-PAT-017,Patient Monitor,VitalSys,PM-300,Emergency,2024-10-28,Intermittent artifact on ECG trace,EC-118,After repeated operation cycles,Signal quality fluctuated between acceptable and poor,No visible external damage noted,Possible loose or degraded ecg electrode connection,Inspect lead wires; Verify grounding; Replace degraded electrodes; Check electrode adhesion,Loose or degraded ECG electrode connection; no additional abnormality found during basic visual inspection,Loose or degraded ECG electrode connection,Replace electrodes or affected lead,Filter,11,High,Resolved,Operator reported reported the issue. Additional functional testing passed.
INC-00813,EQ-DIA-056,Dialysis Machine,DialyTech,DT-500,Dialysis Unit,2025-02-16,Air detector alarm activates,AD-204,After repeated operation cycles,Pressure/conductivity reading outside configured range,,Investigate system/circuit condition,Stop according to safety procedure; Inspect circuit; Follow machine-specific air-removal procedure,Evidence consistent with air detected in blood circuit,Air detected in blood circuit,Resolve air detection condition before resuming,Electrodes,98,Medium,Resolved,Operator reported reported the issue. Additional functional testing passed.
INC-00617,EQ-BLO-043,Blood Analyzer,HemaTech,HA-600,Pathology,2024-04-24,Level reading inconsistent,RG-207,During patient monitoring,QC deviation approximately 1.5%,Issue reproduced during verification,Possible reagent sensor or container placement issue,Inspect sensor; Reseat reagent container; Verify reagent identification,Reagent sensor or container placement issue; no additional abnormality found during basic visual inspection,Reagent sensor or container placement issue,Reseat container or service level sensor,Service part,32,Medium,Resolved,Staff observed reported the issue. Condition was monitored after corrective action.
INC-00693,EQ-BLO-047,Blood Analyzer,LabCore,BA-400,Laboratory,2025-09-05,Analyzer reports empty reagent despite available volume,RG-207,During patient monitoring,QC deviation approximately 3.3%,No visible external damage noted,Possible reagent sensor or container placement issue,Inspect sensor; Verify reagent identification; Reseat reagent container,Evidence consistent with reagent sensor or container placement issue,Reagent sensor or container placement issue,Reseat container or service level sensor,Affected tubing/component,88,High,Resolved,Alarm was noted reported the issue. No further recurrence observed during the shift.
INC-00790,EQ-DIA-054,Dialysis Machine,RenalCare,DX-700,Dialysis Unit,2025-01-19,Alarm occurs during preparation,CO-115,Routine operation,Pressure/conductivity reading outside configured range,Issue was intermittent,Investigate system/circuit condition,Run approved conductivity check; Check connections,Dialysate mixing/calibration issue,Dialysate mixing/calibration issue,Correct concentrate supply or service calibration,Filter,171,High,Resolved,Staff observed reported the issue. Unit returned to service after verification.
INC-00155,EQ-INF-011,Infusion Pump,InfuCare,IP-500,Oncology,2025-08-23,Pressure rises after infusion starts,OC-201,Routine operation,Observed rate approximately 57% of configured rate,Alarm cleared temporarily after restart,Possible downstream tubing obstruction,Inspect catheter connection; Check downstream line,Evidence consistent with downstream tubing obstruction,Downstream tubing obstruction,Clear obstruction or replace affected line,Battery,62,High,Resolved,Alarm was noted reported the issue. No further recurrence observed during the shift.
INC-00288,EQ-PAT-020,Patient Monitor,Cliniview,CV-900,ICU,2024-09-14,Intermittent artifact on ECG trace,EC-118,After repeated operation cycles,Signal quality fluctuated between acceptable and poor,Issue was intermittent,Possible loose or degraded ecg electrode connection,Verify grounding; Replace degraded electrodes,Loose or degraded ECG electrode connection,Loose or degraded ECG electrode connection,Replace electrodes or affected lead,None,23,Medium,Resolved after escalation,Unit was flagged for reported the issue. Condition was monitored after corrective action.
INC-00555,EQ-X-R-039,X-ray Machine,MedRay,MX-900,Radiology,2026-07-01,Exposure command ignored,,After repeated operation cycles,Exposure/image index outside expected range,Alarm cleared temporarily after restart,Investigate system/circuit condition,Review displayed fault code; Check door/interlock status; Verify system ready state,Interlock condition not satisfied; no additional abnormality found during basic visual inspection,Interlock condition not satisfied,Resolve interlock condition before exposure,Sensor,33,Medium,Resolved,Technician reported reported the issue. No further recurrence observed during the shift.
INC-00018,EQ-VEN-001,Ventilator,MedAir,V-800,Emergency,2024-10-25,Calibration warning appears at startup,ST-009,During continuous clinical use,Pressure/volume observation: 17 cmH2O peak pressure,Issue reproduced during verification,Investigate system/circuit condition,Clean/reseat sensor; Inspect flow sensor,Evidence consistent with flow sensor calibration drift,Flow sensor calibration drift,Calibrate or replace flow sensor,Electrodes,62,High,Resolved,Alarm was noted reported the issue. Additional functional testing passed.
INC-00128,EQ-INF-010,Infusion Pump,MediFlow,IF-700,General Ward,2024-09-26,Air-in-line alarm during infusion,AI-115,Immediately after startup,Observed rate approximately 66% of configured rate,Issue was intermittent,Suspected component issue,Stop infusion; Check air sensor,Air detected in infusion line,Air detected in infusion line,Remove air and prime/reseat tubing,Battery,135,Medium,Resolved,Technician reported reported the issue. Additional functional testing passed.
INC-00323,EQ-ECG-023,ECG Machine,HeartTrace,H-300,Cardiology,2025-05-29,Lead-off indicator remains active,LD-112,Routine operation,Signal amplitude reduced intermittently,,Possible broken or disconnected lead wire,Inspect connector; Swap lead; Test cable continuity,Broken or disconnected lead wire; no additional abnormality found during basic visual inspection,Broken or disconnected lead wire,Reconnect or replace affected lead,Electrodes,107,Medium,Resolved after escalation,Operator reported reported the issue. Unit returned to service after verification.
INC-00256,EQ-PAT-018,Patient Monitor,VitalSys,PM-300,General Ward,2024-04-29,Noise increases with movement,EC-118,During continuous clinical use,Signal quality fluctuated between acceptable and poor,Issue reproduced during verification,Suspected component issue,Inspect lead wires; Replace degraded electrodes; Verify grounding,Loose or degraded ECG electrode connection; no additional abnormality found during basic visual inspection,Loose or degraded ECG electrode connection,Replace electrodes or affected lead,Affected tubing/component,33,Medium,Resolved,Technician reported reported the issue. Additional functional testing passed.
INC-00607,EQ-BLO-043,Blood Analyzer,HemaTech,HA-600,Pathology,2026-03-12,Sample aspiration stops,SA-118,After repeated operation cycles,QC deviation approximately 7.2%,No visible external damage noted,Suspected component issue,Check sample volume; Inspect probe; Run approved cleaning cycle,Clogged aspiration probe,Clogged aspiration probe,Clean probe and repeat aspiration test,Service part,106,High,Resolved after escalation,Technician reported reported the issue. Condition was monitored after corrective action.
INC-00888,EQ-SUC-061,Suction Machine,SuctionPro,SP-200,ICU,2026-06-04,Flow appears restricted,SU-214,Immediately after startup,Vacuum measured approximately 41% below target,Issue reproduced during verification,Possible blocked suction filter or tubing,Inspect tubing; Check filter,Evidence consistent with blocked suction filter or tubing,Blocked suction filter or tubing,Replace blocked filter or tubing,Affected tubing/component,67,High,Resolved after escalation,Alarm was noted reported the issue. Condition was monitored after corrective action.
INC-00191,EQ-INF-014,Infusion Pump,MediFlow,IF-700,Oncology,2025-02-05,Pressure rises after infusion starts,OC-201,During patient monitoring,Observed rate approximately 92% of configured rate,Issue reproduced during verification,Investigate system/circuit condition,Inspect catheter connection; Check clamps,Downstream tubing obstruction,Downstream tubing obstruction,Clear obstruction or replace affected line,Battery,47,Medium,Resolved,Staff observed reported the issue. No further recurrence observed during the shift.
INC-00116,EQ-INF-009,Infusion Pump,MediFlow,IF-700,General Ward,2025-03-25,Infusion is running slower than the programmed rate,FL-104,After repeated operation cycles,Observed rate approximately 84% of configured rate,Alarm cleared temporarily after restart,Possible partial occlusion in tubing,Check clamps and connectors; Inspect tubing path; Inspect for kinks or occlusion; Verify pump calibration,Evidence consistent with partial occlusion in tubing,Partial occlusion in tubing,Replace obstructed tubing if required,Electrodes,94,High,Resolved,Operator reported reported the issue. Additional functional testing passed.
INC-00568,EQ-X-R-040,X-ray Machine,Radiant Imaging,XR-500,Radiology,2024-09-15,Interlock indicator remains active,XR-102,During patient monitoring,Exposure/image index outside expected range,No visible external damage noted,Suspected component issue,Review displayed fault code; Verify system ready state,Interlock condition not satisfied,Interlock condition not satisfied,Resolve interlock condition before exposure,Electrodes,132,Medium,Resolved,Staff observed reported the issue. Condition was monitored after corrective action.
INC-00181,EQ-INF-013,Infusion Pump,InfuCare,IP-500,General Ward,2024-03-15,Runtime is shorter than expected,BT-310,During patient monitoring,Observed rate approximately 68% of configured rate,,Investigate system/circuit condition,Check battery health; Verify charging cycle; Inspect power connector,Evidence consistent with battery degradation,Battery degradation,Replace battery if capacity is below service threshold,Affected tubing/component,174,Low,Resolved,Alarm was noted reported the issue. Condition was monitored after corrective action.
INC-00302,EQ-PAT-021,Patient Monitor,VitalSys,PM-300,Emergency,2025-04-01,Touchscreen becomes unresponsive,DS-401,Immediately after startup,Signal quality fluctuated between acceptable and poor,Issue was intermittent,Possible software/process instability,Run system diagnostics; Review event log,Evidence consistent with software/process instability,Software/process instability,Restart and escalate for service if recurrence persists,Battery,27,Medium,Monitoring,Unit was flagged for reported the issue. Additional functional testing passed.
INC-00698,EQ-BLO-048,Blood Analyzer,HemaTech,HA-600,Pathology,2024-10-09,Probe error appears during run,SA-118,Routine operation,QC deviation approximately 5.4%,No visible external damage noted,Possible clogged aspiration probe,Check sample volume; Run approved cleaning cycle; Inspect probe,Clogged aspiration probe,Clogged aspiration probe,Clean probe and repeat aspiration test,Affected tubing/component,85,High,Resolved after escalation,Unit was flagged for reported the issue. Unit returned to service after verification.
INC-00656,EQ-BLO-045,Blood Analyzer,LabCore,BA-400,Pathology,2025-02-09,Sample aspiration stops,SA-118,After repeated operation cycles,QC deviation approximately 4.4%,,Suspected component issue,Check sample volume; Run approved cleaning cycle,Evidence consistent with clogged aspiration probe,Clogged aspiration probe,Clean probe and repeat aspiration test,Service part,6,High,Monitoring,Technician reported reported the issue. Condition was monitored after corrective action.
INC-00667,EQ-BLO-046,Blood Analyzer,LabCore,BA-400,Pathology,2025-10-03,Sample aspiration stops,SA-118,Routine operation,QC deviation approximately 6.0%,No visible external damage noted,Possible clogged aspiration probe,Inspect probe; Check sample volume; Run approved cleaning cycle,Clogged aspiration probe,Clogged aspiration probe,Clean probe and repeat aspiration test,Affected tubing/component,70,High,Monitoring,Unit was flagged for reported the issue. Condition was monitored after corrective action.
INC-00631,EQ-BLO-044,Blood Analyzer,LabCore,BA-400,Laboratory,2025-10-28,Control value exceeds laboratory target,QC-301,During continuous clinical use,QC deviation approximately 4.6%,Issue was intermittent,Possible reagent deterioration or calibration drift,Check reagent lot and expiry; Repeat control; Inspect QC history; Run calibration,Evidence consistent with reagent deterioration or calibration drift,Reagent deterioration or calibration drift,Replace compromised reagent or recalibrate,Battery,125,High,Resolved,Technician reported reported the issue. Additional functional testing passed.
INC-00735,EQ-DIA-051,Dialysis Machine,RenalCare,DX-700,Dialysis Unit,2026-05-17,Arterial pressure more negative than expected,AR-221,After repeated operation cycles,Pressure/conductivity reading outside configured range,Alarm cleared temporarily after restart,Possible blood-line restriction or access issue,Verify clamps; Inspect blood line for kinks; Check access connection; Follow clinical escalation procedure,Blood-line restriction or access issue,Blood-line restriction or access issue,Correct line restriction and escalate clinical issue as required,Service part,139,High,Resolved,Technician reported reported the issue. No further recurrence observed during the shift.
INC-00518,EQ-X-R-036,X-ray Machine,Radiant Imaging,XR-500,Emergency,2026-06-18,Interlock indicator remains active,XR-102,During continuous clinical use,Exposure/image index outside expected range,Issue was intermittent,Suspected component issue,Verify system ready state; Check door/interlock status,Interlock condition not satisfied,Interlock condition not satisfied,Resolve interlock condition before exposure,None,126,Critical,Monitoring,Staff observed reported the issue. No further recurrence observed during the shift.
INC-00907,EQ-SUC-062,Suction Machine,SuctionPro,SP-200,Emergency,2025-07-21,Pump runs continuously,VC-102,After repeated operation cycles,Vacuum measured approximately 56% below target,Alarm cleared temporarily after restart,Possible leak in tubing or collection system,Check collection jar seal; Inspect connectors; Perform leak check; Inspect tubing,Evidence consistent with leak in tubing or collection system,Leak in tubing or collection system,Replace leaking tubing/seal,Filter,140,High,Monitoring,Unit was flagged for reported the issue. Unit returned to service after verification.
INC-00046,EQ-VEN-004,Ventilator,RespiraTech,RV-500,ICU,2026-06-01,Airway pressure repeatedly above expected range,AP-217,During patient monitoring,Pressure/volume observation: 35 cmH2O peak pressure,No visible external damage noted,Suspected component issue,Verify pressure settings; Inspect expiratory filter,Evidence consistent with blocked expiratory filter,Blocked expiratory filter,Replace blocked expiratory filter,Sensor,27,High,Resolved,Technician reported reported the issue. Additional functional testing passed.
INC-00836,EQ-SUC-057,Suction Machine,SuctionPro,SP-200,ICU,2025-02-18,Pump runs continuously,VC-102,During patient monitoring,Vacuum measured approximately 40% below target,Issue was intermittent,Suspected component issue,Check collection jar seal; Inspect connectors; Inspect tubing,Leak in tubing or collection system,Leak in tubing or collection system,Replace leaking tubing/seal,Filter,155,High,Resolved,Staff observed reported the issue. Condition was monitored after corrective action.
INC-00158,EQ-INF-011,Infusion Pump,InfuCare,IP-500,Oncology,2025-11-28,Runtime is shorter than expected,BT-310,During patient monitoring,Observed rate approximately 81% of configured rate,No visible external damage noted,Investigate system/circuit condition,Verify charging cycle; Check battery health,Battery degradation; no additional abnormality found during basic visual inspection,Battery degradation,Replace battery if capacity is below service threshold,Battery,141,Medium,Resolved,Unit was flagged for reported the issue. Condition was monitored after corrective action.
INC-00707,EQ-BLO-048,Blood Analyzer,HemaTech,HA-600,Pathology,2025-01-11,Control value exceeds laboratory target,QC-301,During patient monitoring,QC deviation approximately 2.7%,No visible external damage noted,Suspected component issue,Check reagent lot and expiry; Run calibration,Evidence consistent with reagent deterioration or calibration drift,Reagent deterioration or calibration drift,Replace compromised reagent or recalibrate,Affected tubing/component,72,High,Resolved,Staff observed reported the issue. Unit returned to service after verification.
INC-00172,EQ-INF-012,Infusion Pump,MediFlow,IF-700,ICU,2025-04-15,Occlusion alarm occurs repeatedly,OC-201,During patient monitoring,Observed rate approximately 86% of configured rate,No visible external damage noted,Possible downstream tubing obstruction,Replace obstructed tubing; Check downstream line; Check clamps,Downstream tubing obstruction; no additional abnormality found during basic visual inspection,Downstream tubing obstruction,Clear obstruction or replace affected line,Service part,28,Medium,Resolved,Operator reported reported the issue. Condition was monitored after corrective action.
INC-00017,EQ-VEN-001,Ventilator,MedAir,V-800,Emergency,2024-10-31,Calibration warning appears at startup,ST-009,During continuous clinical use,Pressure/volume observation: 42 cmH2O peak pressure,Issue was intermittent,Suspected component issue,Inspect flow sensor; Run calibration procedure,Evidence consistent with flow sensor calibration drift,Flow sensor calibration drift,Calibrate or replace flow sensor,Affected tubing/component,146,Critical,Resolved,Technician reported reported the issue. No further recurrence observed during the shift.
INC-00512,EQ-X-R-036,X-ray Machine,Radiant Imaging,XR-500,Emergency,2025-05-30,Exposure command ignored,XR-102,During continuous clinical use,Exposure/image index outside expected range,Issue reproduced during verification,Suspected component issue,Check door/interlock status; Verify system ready state,Interlock condition not satisfied,Interlock condition not satisfied,Resolve interlock condition before exposure,Filter,90,Medium,Resolved,Alarm was noted reported the issue. Unit returned to service after verification.
INC-00049,EQ-VEN-004,Ventilator,RespiraTech,RV-500,ICU,2024-12-26,Delivered volume exceeds configured target,TV-331,Routine operation,Pressure/volume observation: 47 cmH2O peak pressure,No visible external damage noted,Investigate system/circuit condition,Check pressure support; Verify mode and tidal-volume setting; Run device self-test,Incorrect ventilator settings,Incorrect ventilator settings,Correct configuration and repeat verification,Service part,151,Medium,Resolved,Alarm was noted reported the issue. No further recurrence observed during the shift.
INC-00894,EQ-SUC-062,Suction Machine,SuctionPro,SP-200,Emergency,2024-02-18,Flow appears restricted,SU-214,During patient monitoring,Vacuum measured approximately 36% below target,Issue reproduced during verification,Investigate system/circuit condition,Check filter; Inspect tubing,Blocked suction filter or tubing; no additional abnormality found during basic visual inspection,Blocked suction filter or tubing,Replace blocked filter or tubing,None,40,High,Monitoring,Staff observed reported the issue. No further recurrence observed during the shift.
INC-00774,EQ-DIA-053,Dialysis Machine,RenalCare,DX-700,ICU,2024-07-08,Conductivity reading outside target,CO-115,After repeated operation cycles,Pressure/conductivity reading outside configured range,Issue was intermittent,Suspected component issue,Run approved conductivity check; Check connections,Dialysate mixing/calibration issue,Dialysate mixing/calibration issue,Correct concentrate supply or service calibration,Electrodes,53,High,Resolved,Staff observed reported the issue. Unit returned to service after verification.
INC-00516,EQ-X-R-036,X-ray Machine,Radiant Imaging,XR-500,Emergency,2024-07-14,Exposure index below expected range,IM-214,After repeated operation cycles,Exposure/image index outside expected range,Issue reproduced during verification,Suspected component issue,Verify kVp/mAs settings; Check detector status,Evidence consistent with incorrect exposure settings or detector issue,Incorrect exposure settings or detector issue,Correct exposure parameters or service detector,Battery,42,Medium,Resolved,Staff observed reported the issue. Condition was monitored after corrective action.
INC-00632,EQ-BLO-044,Blood Analyzer,LabCore,BA-400,Laboratory,2025-01-15,Level reading inconsistent,,During continuous clinical use,QC deviation approximately 2.5%,Issue reproduced during verification,Possible reagent sensor or container placement issue,Reseat reagent container; Inspect sensor,Reagent sensor or container placement issue,Reagent sensor or container placement issue,Reseat container or service level sensor,Affected tubing/component,83,Critical,Resolved,Alarm was noted reported the issue. Condition was monitored after corrective action.
INC-00481,EQ-DEF-033,Defibrillator,PulseGuard,PG-700,ICU,2024-02-10,Service indicator appears,ST-501,Immediately after startup,Charge performance outside expected service range,,Investigate system/circuit condition,Repeat approved self-test; Record error code; Review service documentation,Evidence consistent with internal diagnostic fault,Internal diagnostic fault,Remove from service and escalate to qualified service personnel,Electrodes,120,Critical,Resolved,Technician reported reported the issue. Unit returned to service after verification.
INC-00284,EQ-PAT-020,Patient Monitor,Cliniview,CV-900,ICU,2024-11-28,NIBP error occurs intermittently,NB-207,Routine operation,Signal quality fluctuated between acceptable and poor,,Possible incorrect cuff size or cuff placement,Verify cuff size; Repeat measurement; Check cuff placement,Incorrect cuff size or cuff placement; no additional abnormality found during basic visual inspection,Incorrect cuff size or cuff placement,Use correct cuff and reconnect tubing,Affected tubing/component,111,High,Resolved,Alarm was noted reported the issue. Additional functional testing passed.
INC-00604,EQ-X-R-042,X-ray Machine,MedRay,MX-900,Radiology,2025-09-25,Exposure command ignored,XR-102,Routine operation,Exposure/image index outside expected range,Issue reproduced during verification,Investigate system/circuit condition,Check door/interlock status; Verify system ready state,Interlock condition not satisfied,Interlock condition not satisfied,Resolve interlock condition before exposure,Battery,28,High,Monitoring,Technician reported reported the issue. No further recurrence observed during the shift.
INC-00226,EQ-PAT-016,Patient Monitor,VitalSys,PM-300,ICU,2025-06-27,Baseline wanders,EC-118,After repeated operation cycles,Signal quality fluctuated between acceptable and poor,Alarm cleared temporarily after restart,Investigate system/circuit condition,Check electrode adhesion; Replace degraded electrodes,Evidence consistent with loose or degraded ecg electrode connection,Loose or degraded ECG electrode connection,Replace electrodes or affected lead,Service part,98,Medium,Resolved,Staff observed reported the issue. Condition was monitored after corrective action.
INC-00027,EQ-VEN-002,Ventilator,MedAir,V-800,NICU,2024-11-20,Tidal volume consistently above set value,TV-331,Immediately after startup,Pressure/volume observation: 46 cmH2O peak pressure,Issue was intermittent,Investigate system/circuit condition,Check pressure support; Verify mode and tidal-volume setting,Incorrect ventilator settings,Incorrect ventilator settings,Correct configuration and repeat verification,Service part,167,Medium,Resolved,Technician reported reported the issue. No further recurrence observed during the shift.
INC-00868,EQ-SUC-060,Suction Machine,CareVac,CV-100,Emergency,2025-08-22,Pump runs continuously,VC-102,Routine operation,Vacuum measured approximately 28% below target,Issue reproduced during verification,Suspected component issue,Perform leak check; Inspect tubing; Check collection jar seal,Evidence consistent with leak in tubing or collection system,Leak in tubing or collection system,Replace leaking tubing/seal,Sensor,165,High,Resolved,Technician reported reported the issue. Unit returned to service after verification.
INC-00438,EQ-DEF-030,Defibrillator,PulseGuard,PG-700,ICU,2025-12-12,Device stops charging before target energy,CH-410,Routine operation,Charge performance outside expected service range,No visible external damage noted,Possible battery or charging circuit issue,Connect to approved power source; Check battery status,Evidence consistent with battery or charging circuit issue,Battery or charging circuit issue,Remove from clinical use and service charging system if fault persists,Sensor,60,High,Monitoring,Operator reported reported the issue. Additional functional testing passed.
INC-00875,EQ-SUC-060,Suction Machine,CareVac,CV-100,Emergency,2025-03-24,Flow appears restricted,SU-214,Immediately after startup,Vacuum measured approximately 21% below target,Alarm cleared temporarily after restart,Investigate system/circuit condition,Check filter; Inspect tubing,Blocked suction filter or tubing; no additional abnormality found during basic visual inspection,Blocked suction filter or tubing,Replace blocked filter or tubing,Filter,149,High,Resolved,Operator reported reported the issue. No further recurrence observed during the shift.
INC-00365,EQ-ECG-025,ECG Machine,CardioLab,ECG-12,General Ward,2025-12-12,Printer does not advance paper,,After repeated operation cycles,Signal amplitude reduced intermittently,Alarm cleared temporarily after restart,Possible paper-feed mechanism obstruction,Inspect feed path; Remove obstruction,Evidence consistent with paper-feed mechanism obstruction,Paper-feed mechanism obstruction,Reload paper or service feed mechanism,None,138,Medium,Resolved,Alarm was noted reported the issue. Condition was monitored after corrective action.
INC-00230,EQ-PAT-016,Patient Monitor,VitalSys,PM-300,ICU,2025-07-17,Saturation value drops without corresponding clinical change,SP-221,Immediately after startup,Signal quality fluctuated between acceptable and poor,Issue reproduced during verification,Investigate system/circuit condition,Try known-good sensor; Check cable and connector; Check signal quality,Evidence consistent with damaged or poorly positioned spo2 sensor,Damaged or poorly positioned SpO2 sensor,Reposition or replace SpO2 sensor,Service part,87,Critical,Resolved,Operator reported reported the issue. Additional functional testing passed.
INC-00038,EQ-VEN-003,Ventilator,MedAir,V-800,ICU,2025-06-09,Paw alarm triggered during ventilation,,After repeated operation cycles,Pressure/volume observation: 21 cmH2O peak pressure,Issue reproduced during verification,Suspected component issue,Inspect patient connection; Verify pressure settings; Inspect breathing circuit for kinks/obstruction; Inspect expiratory filter,Blocked expiratory filter,Blocked expiratory filter,Replace blocked expiratory filter,Filter,180,High,Resolved,Unit was flagged for reported the issue. Unit returned to service after verification.
INC-00889,EQ-SUC-061,Suction Machine,SuctionPro,SP-200,ICU,2026-03-13,Flow appears restricted,SU-214,During patient monitoring,Vacuum measured approximately 46% below target,Issue reproduced during verification,Investigate system/circuit condition,Inspect collection jar; Inspect tubing; Clear approved obstruction; Check filter,Blocked suction filter or tubing; no additional abnormality found during basic visual inspection,Blocked suction filter or tubing,Replace blocked filter or tubing,Battery,177,High,Resolved,Staff observed reported the issue. Unit returned to service after verification.
INC-00375,EQ-ECG-026,ECG Machine,CardioLab,ECG-12,Emergency,2024-12-15,Signal quality poor despite stable patient,EC-301,Routine operation,Signal amplitude reduced intermittently,,Suspected component issue,Check skin preparation; Inspect lead connections,Poor electrode contact,Poor electrode contact,Improve electrode contact and repeat ECG,Filter,147,Critical,Resolved after escalation,Unit was flagged for reported the issue. No further recurrence observed during the shift.
INC-00470,EQ-DEF-033,Defibrillator,PulseGuard,PG-700,ICU,2025-07-05,Service indicator appears,ST-501,After repeated operation cycles,Charge performance outside expected service range,,Investigate system/circuit condition,Review service documentation; Record error code,Internal diagnostic fault; no additional abnormality found during basic visual inspection,Internal diagnostic fault,Remove from service and escalate to qualified service personnel,Affected tubing/component,97,Medium,Resolved,Technician reported reported the issue. Condition was monitored after corrective action.
INC-00891,EQ-SUC-061,Suction Machine,SuctionPro,SP-200,ICU,2025-06-30,Flow appears restricted,,Routine operation,Vacuum measured approximately 23% below target,No visible external damage noted,Suspected component issue,Clear approved obstruction; Check filter; Inspect collection jar; Inspect tubing,Blocked suction filter or tubing,Blocked suction filter or tubing,Replace blocked filter or tubing,Affected tubing/component,25,High,Resolved,Operator reported reported the issue. Condition was monitored after corrective action.
INC-00878,EQ-SUC-060,Suction Machine,CareVac,CV-100,Emergency,2024-12-28,Flow appears restricted,SU-214,Immediately after startup,Vacuum measured approximately 57% below target,No visible external damage noted,Investigate system/circuit condition,Inspect collection jar; Clear approved obstruction; Check filter,Evidence consistent with blocked suction filter or tubing,Blocked suction filter or tubing,Replace blocked filter or tubing,Filter,144,High,Resolved,Alarm was noted reported the issue. No further recurrence observed during the shift.
INC-00669,EQ-BLO-046,Blood Analyzer,LabCore,BA-400,Pathology,2024-09-04,Control value exceeds laboratory target,QC-301,After repeated operation cycles,QC deviation approximately 3.9%,Issue was intermittent,Possible reagent deterioration or calibration drift,Inspect QC history; Check reagent lot and expiry; Repeat control; Run calibration,Reagent deterioration or calibration drift; no additional abnormality found during basic visual inspection,Reagent deterioration or calibration drift,Replace compromised reagent or recalibrate,Sensor,69,High,Monitoring,Alarm was noted reported the issue. No further recurrence observed during the shift.
INC-00195,EQ-INF-014,Infusion Pump,MediFlow,IF-700,Oncology,2025-09-08,Pressure rises after infusion starts,OC-201,During patient monitoring,Observed rate approximately 77% of configured rate,Issue was intermittent,Investigate system/circuit condition,Replace obstructed tubing; Check downstream line,Evidence consistent with downstream tubing obstruction,Downstream tubing obstruction,Clear obstruction or replace affected line,Affected tubing/component,16,Medium,Resolved,Operator reported reported the issue. Additional functional testing passed.
INC-00786,EQ-DIA-054,Dialysis Machine,RenalCare,DX-700,Dialysis Unit,2026-06-27,Pressure changes after line repositioning,AR-221,During patient monitoring,Pressure/conductivity reading outside configured range,Issue reproduced during verification,Suspected component issue,Check access connection; Inspect blood line for kinks; Verify clamps,Blood-line restriction or access issue,Blood-line restriction or access issue,Correct line restriction and escalate clinical issue as required,Battery,151,Critical,Resolved,Alarm was noted reported the issue. Additional functional testing passed.
INC-00796,EQ-DIA-054,Dialysis Machine,RenalCare,DX-700,Dialysis Unit,2025-02-18,Air detector alarm activates,AD-204,Immediately after startup,Pressure/conductivity reading outside configured range,Issue reproduced during verification,Investigate system/circuit condition,Inspect circuit; Follow machine-specific air-removal procedure,Air detected in blood circuit,Air detected in blood circuit,Resolve air detection condition before resuming,Service part,48,High,Resolved,Unit was flagged for reported the issue. Unit returned to service after verification.
INC-00504,EQ-DEF-035,Defibrillator,RescueMed,D-500,Emergency,2024-01-30,Startup self-test reports failure,ST-501,During patient monitoring,Charge performance outside expected service range,Issue was intermittent,Possible internal diagnostic fault,Record error code; Repeat approved self-test,Internal diagnostic fault,Internal diagnostic fault,Remove from service and escalate to qualified service personnel,Service part,142,Critical,Monitoring,Technician reported reported the issue. Condition was monitored after corrective action.
INC-00893,EQ-SUC-061,Suction Machine,SuctionPro,SP-200,ICU,2024-12-20,Pump runs continuously,,During continuous clinical use,Vacuum measured approximately 23% below target,Issue reproduced during verification,Suspected component issue,Check collection jar seal; Perform leak check; Inspect tubing; Inspect connectors,Leak in tubing or collection system; no additional abnormality found during basic visual inspection,Leak in tubing or collection system,Replace leaking tubing/seal,Battery,147,High,Resolved,Staff observed reported the issue. Condition was monitored after corrective action.
INC-00765,EQ-DIA-052,Dialysis Machine,RenalCare,DX-700,ICU,2024-05-12,Arterial pressure more negative than expected,AR-221,During continuous clinical use,Pressure/conductivity reading outside configured range,Issue reproduced during verification,Possible blood-line restriction or access issue,Verify clamps; Follow clinical escalation procedure; Inspect blood line for kinks,Blood-line restriction or access issue; no additional abnormality found during basic visual inspection,Blood-line restriction or access issue,Correct line restriction and escalate clinical issue as required,None,44,Medium,Resolved after escalation,Technician reported reported the issue. Additional functional testing passed.
INC-00580,EQ-X-R-041,X-ray Machine,Radiant Imaging,XR-500,Radiology,2025-11-11,Temperature warning after repeated exposures,TH-330,During continuous clinical use,Exposure/image index outside expected range,Issue reproduced during verification,Possible high accumulated tube load,Allow manufacturer-specified cooling period; Review exposure history,High accumulated tube load,High accumulated tube load,Allow cooling and escalate if warning persists unexpectedly,Sensor,160,Medium,Resolved,Operator reported reported the issue. No further recurrence observed during the shift.
INC-00892,EQ-SUC-061,Suction Machine,SuctionPro,SP-200,ICU,2026-08-11,Motor sounds normal but suction is reduced,SU-214,During patient monitoring,Vacuum measured approximately 46% below target,No visible external damage noted,Possible blocked suction filter or tubing,Inspect tubing; Clear approved obstruction; Inspect collection jar; Check filter,Blocked suction filter or tubing; no additional abnormality found during basic visual inspection,Blocked suction filter or tubing,Replace blocked filter or tubing,Electrodes,69,High,Resolved,Unit was flagged for reported the issue. Condition was monitored after corrective action.
INC-00163,EQ-INF-012,Infusion Pump,MediFlow,IF-700,ICU,2024-05-12,Small air bubble visible in tubing,AI-115,Immediately after startup,Observed rate approximately 59% of configured rate,Alarm cleared temporarily after restart,Investigate system/circuit condition,Prime tubing according to procedure; Inspect line and connections; Stop infusion; Check air sensor,Air detected in infusion line,Air detected in infusion line,Remove air and prime/reseat tubing,Filter,96,Low,Resolved,Staff observed reported the issue. No further recurrence observed during the shift.
INC-00867,EQ-SUC-060,Suction Machine,CareVac,CV-100,Emergency,2025-03-12,Flow appears restricted,SU-214,During continuous clinical use,Vacuum measured approximately 21% below target,Issue was intermittent,Investigate system/circuit condition,Check filter; Clear approved obstruction; Inspect collection jar,Blocked suction filter or tubing,Blocked suction filter or tubing,Replace blocked filter or tubing,Service part,116,Medium,Resolved after escalation,Unit was flagged for reported the issue. Additional functional testing passed.
INC-00153,EQ-INF-011,Infusion Pump,InfuCare,IP-500,Oncology,2024-07-11,Battery percentage falls rapidly,BT-310,Immediately after startup,Observed rate approximately 48% of configured rate,No visible external damage noted,Investigate system/circuit condition,Check battery health; Verify charging cycle,Evidence consistent with battery degradation,Battery degradation,Replace battery if capacity is below service threshold,Battery,134,Medium,Resolved,Operator reported reported the issue. Unit returned to service after verification.
INC-00627,EQ-BLO-044,Blood Analyzer,LabCore,BA-400,Laboratory,2025-06-29,QC failure repeats on same assay,QC-301,After repeated operation cycles,QC deviation approximately 5.8%,Issue was intermittent,Possible reagent deterioration or calibration drift,Run calibration; Repeat control,Reagent deterioration or calibration drift; no additional abnormality found during basic visual inspection,Reagent deterioration or calibration drift,Replace compromised reagent or recalibrate,Affected tubing/component,30,High,Resolved,Operator reported reported the issue. Unit returned to service after verification.
INC-00645,EQ-BLO-045,Blood Analyzer,LabCore,BA-400,Pathology,2026-05-06,QC failure repeats on same assay,QC-301,Immediately after startup,QC deviation approximately 1.9%,,Suspected component issue,Inspect QC history; Run calibration; Check reagent lot and expiry,Reagent deterioration or calibration drift; no additional abnormality found during basic visual inspection,Reagent deterioration or calibration drift,Replace compromised reagent or recalibrate,None,30,High,Resolved,Unit was flagged for reported the issue. Additional functional testing passed.
INC-00694,EQ-BLO-048,Blood Analyzer,HemaTech,HA-600,Pathology,2025-08-14,Level reading inconsistent,RG-207,During continuous clinical use,QC deviation approximately 2.8%,,Investigate system/circuit condition,Reseat reagent container; Inspect sensor,Reagent sensor or container placement issue; no additional abnormality found during basic visual inspection,Reagent sensor or container placement issue,Reseat container or service level sensor,Electrodes,125,High,Resolved after escalation,Alarm was noted reported the issue. Unit returned to service after verification.
INC-00112,EQ-INF-009,Infusion Pump,MediFlow,IF-700,General Ward,2024-12-22,Battery percentage falls rapidly,BT-310,After repeated operation cycles,Observed rate approximately 89% of configured rate,,Possible battery degradation,Verify charging cycle; Check battery health,Evidence consistent with battery degradation,Battery degradation,Replace battery if capacity is below service threshold,Affected tubing/component,83,High,Resolved,Alarm was noted reported the issue. Additional functional testing passed.
INC-00227,EQ-PAT-016,Patient Monitor,VitalSys,PM-300,ICU,2026-02-23,SpO2 value briefly falls and recovers,SP-221,Routine operation,Signal quality fluctuated between acceptable and poor,No visible external damage noted,Possible damaged or poorly positioned spo2 sensor,Inspect sensor placement; Check signal quality,Evidence consistent with damaged or poorly positioned spo2 sensor,Damaged or poorly positioned SpO2 sensor,Reposition or replace SpO2 sensor,None,129,Medium,Resolved,Technician reported reported the issue. No further recurrence observed during the shift.
INC-00719,EQ-DIA-050,Dialysis Machine,DialyTech,DT-500,ICU,2025-12-15,Conductivity reading outside target,CO-115,After repeated operation cycles,Pressure/conductivity reading outside configured range,Issue reproduced during verification,Suspected component issue,Run approved conductivity check; Verify concentrate supply,Dialysate mixing/calibration issue; no additional abnormality found during basic visual inspection,Dialysate mixing/calibration issue,Correct concentrate supply or service calibration,Service part,24,High,Resolved,Unit was flagged for reported the issue. Additional functional testing passed.
INC-00104,EQ-INF-008,Infusion Pump,InfuCare,IP-500,ICU,2026-03-12,Small air bubble visible in tubing,AI-115,During continuous clinical use,Observed rate approximately 58% of configured rate,Alarm cleared temporarily after restart,Possible air detected in infusion line,Prime tubing according to procedure; Stop infusion,Evidence consistent with air detected in infusion line,Air detected in infusion line,Remove air and prime/reseat tubing,Filter,90,High,Resolved after escalation,Unit was flagged for reported the issue. Condition was monitored after corrective action.
INC-00422,EQ-DEF-029,Defibrillator,PulseGuard,PG-700,Cardiology,2025-05-04,Charge time exceeds expected range,,After repeated operation cycles,Charge performance outside expected service range,No visible external damage noted,Possible battery or charging circuit issue,Check battery status; Connect to approved power source,Battery or charging circuit issue,Battery or charging circuit issue,Remove from clinical use and service charging system if fault persists,Electrodes,138,Medium,Monitoring,Alarm was noted reported the issue. No further recurrence observed during the shift.
INC-00420,EQ-DEF-029,Defibrillator,PulseGuard,PG-700,Cardiology,2024-01-07,Service indicator appears,ST-501,During patient monitoring,Charge performance outside expected service range,Issue reproduced during verification,Investigate system/circuit condition,Record error code; Review service documentation; Repeat approved self-test,Internal diagnostic fault,Internal diagnostic fault,Remove from service and escalate to qualified service personnel,Affected tubing/component,39,High,Resolved,Staff observed reported the issue. Unit returned to service after verification.
INC-00587,EQ-X-R-041,X-ray Machine,Radiant Imaging,XR-500,Radiology,2025-03-07,Temperature warning after repeated exposures,TH-330,During continuous clinical use,Exposure/image index outside expected range,Issue reproduced during verification,Investigate system/circuit condition,Check cooling system; Review exposure history,High accumulated tube load; no additional abnormality found during basic visual inspection,High accumulated tube load,Allow cooling and escalate if warning persists unexpectedly,Affected tubing/component,174,High,Resolved,Technician reported reported the issue. Unit returned to service after verification.
INC-00120,EQ-INF-009,Infusion Pump,MediFlow,IF-700,General Ward,2025-03-14,Battery percentage falls rapidly,BT-310,Routine operation,Observed rate approximately 79% of configured rate,Issue reproduced during verification,Suspected component issue,Verify charging cycle; Check battery health,Battery degradation,Battery degradation,Replace battery if capacity is below service threshold,None,106,High,Resolved,Staff observed reported the issue. No further recurrence observed during the shift.
INC-00054,EQ-VEN-004,Ventilator,RespiraTech,RV-500,ICU,2025-03-30,Airway pressure repeatedly above expected range,AP-217,During patient monitoring,Pressure/volume observation: 33 cmH2O peak pressure,Issue was intermittent,Suspected component issue,Verify pressure settings; Inspect breathing circuit for kinks/obstruction; Inspect expiratory filter; Inspect patient connection,Blocked expiratory filter,Blocked expiratory filter,Replace blocked expiratory filter,Electrodes,140,High,Resolved,Staff observed reported the issue. Additional functional testing passed.
INC-00152,EQ-INF-011,Infusion Pump,InfuCare,IP-500,Oncology,2024-12-05,Pump pressure gradually increases,FL-104,Immediately after startup,Observed rate approximately 38% of configured rate,Issue reproduced during verification,Suspected component issue,Inspect tubing path; Verify pump calibration; Inspect for kinks or occlusion,Partial occlusion in tubing; no additional abnormality found during basic visual inspection,Partial occlusion in tubing,Replace obstructed tubing if required,Sensor,118,Low,Resolved,Alarm was noted reported the issue. Condition was monitored after corrective action.
INC-00404,EQ-ECG-028,ECG Machine,CardioLab,ECG-12,Cardiology,2024-09-15,One channel is flat,LD-112,During patient monitoring,Signal amplitude reduced intermittently,Alarm cleared temporarily after restart,Suspected component issue,Swap lead; Inspect connector; Test cable continuity,Broken or disconnected lead wire,Broken or disconnected lead wire,Reconnect or replace affected lead,None,69,High,Resolved,Staff observed reported the issue. Condition was monitored after corrective action.
INC-00870,EQ-SUC-060,Suction Machine,CareVac,CV-100,Emergency,2024-09-18,Vacuum does not reach set level,VC-102,During patient monitoring,Vacuum measured approximately 39% below target,,Investigate system/circuit condition,Check collection jar seal; Inspect connectors; Inspect tubing,Evidence consistent with leak in tubing or collection system,Leak in tubing or collection system,Replace leaking tubing/seal,Affected tubing/component,123,High,Resolved,Technician reported reported the issue. No further recurrence observed during the shift.
INC-00208,EQ-PAT-015,Patient Monitor,Cliniview,CV-900,Emergency,2025-09-27,Display stops updating temporarily,,After repeated operation cycles,Signal quality fluctuated between acceptable and poor,Issue reproduced during verification,Suspected component issue,Restart according to service procedure; Check power supply,Software/process instability; no additional abnormality found during basic visual inspection,Software/process instability,Restart and escalate for service if recurrence persists,Electrodes,113,Medium,Resolved,Operator reported reported the issue. Unit returned to service after verification.
INC-00886,EQ-SUC-061,Suction Machine,SuctionPro,SP-200,ICU,2024-07-31,Pump runs continuously,VC-102,Immediately after startup,Vacuum measured approximately 28% below target,,Possible leak in tubing or collection system,Perform leak check; Inspect tubing; Inspect connectors,Leak in tubing or collection system,Leak in tubing or collection system,Replace leaking tubing/seal,None,157,High,Resolved,Operator reported reported the issue. Condition was monitored after corrective action.
INC-00916,EQ-SUC-063,Suction Machine,SuctionPro,SP-200,Emergency,2025-05-10,Vacuum does not reach set level,VC-102,Immediately after startup,Vacuum measured approximately 25% below target,Issue reproduced during verification,Possible leak in tubing or collection system,Check collection jar seal; Inspect connectors; Perform leak check; Inspect tubing,Evidence consistent with leak in tubing or collection system,Leak in tubing or collection system,Replace leaking tubing/seal,Electrodes,147,High,Resolved,Unit was flagged for reported the issue. Condition was monitored after corrective action.
INC-00009,EQ-VEN-001,Ventilator,MedAir,V-800,Emergency,2026-05-09,Minute volume below configured value,MV-104,During continuous clinical use,Pressure/volume observation: 16 cmH2O peak pressure,Alarm cleared temporarily after restart,Investigate system/circuit condition,Perform leak test; Check circuit connections; Verify cuff/circuit integrity,Circuit leak; no additional abnormality found during basic visual inspection,Circuit leak,Repair or replace leaking circuit component,Service part,46,High,Monitoring,Technician reported reported the issue. Unit returned to service after verification.
INC-00757,EQ-DIA-052,Dialysis Machine,RenalCare,DX-700,ICU,2025-04-17,Arterial pressure more negative than expected,AR-221,Routine operation,Pressure/conductivity reading outside configured range,Alarm cleared temporarily after restart,Possible blood-line restriction or access issue,Inspect blood line for kinks; Check access connection,Blood-line restriction or access issue,Blood-line restriction or access issue,Correct line restriction and escalate clinical issue as required,Service part,90,High,Resolved,Operator reported reported the issue. Additional functional testing passed.
INC-00037,EQ-VEN-003,Ventilator,MedAir,V-800,ICU,2024-05-13,Delivered volume exceeds configured target,TV-331,During continuous clinical use,Pressure/volume observation: 31 cmH2O peak pressure,,Suspected component issue,Verify mode and tidal-volume setting; Check pressure support,Incorrect ventilator settings,Incorrect ventilator settings,Correct configuration and repeat verification,None,37,Medium,Resolved,Operator reported reported the issue. Unit returned to service after verification.
INC-00453,EQ-DEF-032,Defibrillator,RescueMed,D-500,ICU,2025-02-14,Charge time exceeds expected range,CH-410,Routine operation,Charge performance outside expected service range,Alarm cleared temporarily after restart,Suspected component issue,Run charge test; Inspect charging indicators; Check battery status; Connect to approved power source,Battery or charging circuit issue; no additional abnormality found during basic visual inspection,Battery or charging circuit issue,Remove from clinical use and service charging system if fault persists,Sensor,114,Medium,Resolved,Operator reported reported the issue. No further recurrence observed during the shift.
INC-00254,EQ-PAT-018,Patient Monitor,VitalSys,PM-300,General Ward,2024-12-15,Saturation value drops without corresponding clinical change,SP-221,During patient monitoring,Signal quality fluctuated between acceptable and poor,Alarm cleared temporarily after restart,Possible damaged or poorly positioned spo2 sensor,Check cable and connector; Check signal quality; Inspect sensor placement; Try known-good sensor,Damaged or poorly positioned SpO2 sensor,Damaged or poorly positioned SpO2 sensor,Reposition or replace SpO2 sensor,Service part,142,Medium,Resolved after escalation,Unit was flagged for reported the issue. No further recurrence observed during the shift.
INC-00304,EQ-PAT-021,Patient Monitor,VitalSys,PM-300,Emergency,2026-06-28,Noise increases with movement,EC-118,During patient monitoring,Signal quality fluctuated between acceptable and poor,Alarm cleared temporarily after restart,Possible loose or degraded ecg electrode connection,Check electrode adhesion; Verify grounding; Replace degraded electrodes; Inspect lead wires,Loose or degraded ECG electrode connection; no additional abnormality found during basic visual inspection,Loose or degraded ECG electrode connection,Replace electrodes or affected lead,Filter,139,Medium,Monitoring,Technician reported reported the issue. No further recurrence observed during the shift.
INC-00686,EQ-BLO-047,Blood Analyzer,LabCore,BA-400,Laboratory,2025-12-26,Sample aspiration stops,SA-118,Routine operation,QC deviation approximately 6.1%,Alarm cleared temporarily after restart,Possible clogged aspiration probe,Inspect probe; Check sample volume,Clogged aspiration probe; no additional abnormality found during basic visual inspection,Clogged aspiration probe,Clean probe and repeat aspiration test,Affected tubing/component,72,High,Resolved,Operator reported reported the issue. Additional functional testing passed.
INC-00572,EQ-X-R-040,X-ray Machine,Radiant Imaging,XR-500,Radiology,2025-07-04,Temperature warning after repeated exposures,TH-330,After repeated operation cycles,Exposure/image index outside expected range,Issue was intermittent,Suspected component issue,Review exposure history; Allow manufacturer-specified cooling period,High accumulated tube load; no additional abnormality found during basic visual inspection,High accumulated tube load,Allow cooling and escalate if warning persists unexpectedly,Sensor,114,High,Resolved,Alarm was noted reported the issue. Condition was monitored after corrective action.
INC-00624,EQ-BLO-044,Blood Analyzer,LabCore,BA-400,Laboratory,2024-09-18,Level reading inconsistent,RG-207,Routine operation,QC deviation approximately 2.3%,,Possible reagent sensor or container placement issue,Reseat reagent container; Inspect sensor; Verify reagent identification,Reagent sensor or container placement issue; no additional abnormality found during basic visual inspection,Reagent sensor or container placement issue,Reseat container or service level sensor,Electrodes,88,Medium,Resolved,Unit was flagged for reported the issue. Condition was monitored after corrective action.
INC-00654,EQ-BLO-045,Blood Analyzer,LabCore,BA-400,Pathology,2024-11-25,Analyzer reports empty reagent despite available volume,RG-207,After repeated operation cycles,QC deviation approximately 5.0%,Alarm cleared temporarily after restart,Investigate system/circuit condition,Reseat reagent container; Verify reagent identification; Inspect sensor,Reagent sensor or container placement issue,Reagent sensor or container placement issue,Reseat container or service level sensor,Battery,170,Critical,Monitoring,Staff observed reported the issue. No further recurrence observed during the shift.
INC-00663,EQ-BLO-046,Blood Analyzer,LabCore,BA-400,Pathology,2025-02-17,Level reading inconsistent,RG-207,After repeated operation cycles,QC deviation approximately 2.0%,Alarm cleared temporarily after restart,Suspected component issue,Inspect sensor; Reseat reagent container; Verify reagent identification,Reagent sensor or container placement issue; no additional abnormality found during basic visual inspection,Reagent sensor or container placement issue,Reseat container or service level sensor,Affected tubing/component,27,Medium,Resolved,Operator reported reported the issue. Additional functional testing passed.
INC-00263,EQ-PAT-018,Patient Monitor,VitalSys,PM-300,General Ward,2024-09-01,Display stops updating temporarily,DS-401,After repeated operation cycles,Signal quality fluctuated between acceptable and poor,Alarm cleared temporarily after restart,Suspected component issue,Review event log; Run system diagnostics; Check power supply; Restart according to service procedure,Software/process instability; no additional abnormality found during basic visual inspection,Software/process instability,Restart and escalate for service if recurrence persists,Battery,176,Low,Resolved,Operator reported reported the issue. No further recurrence observed during the shift.
INC-00611,EQ-BLO-043,Blood Analyzer,HemaTech,HA-600,Pathology,2026-01-08,Probe error appears during run,,Immediately after startup,QC deviation approximately 7.2%,Issue was intermittent,Investigate system/circuit condition,Check sample volume; Run approved cleaning cycle; Inspect probe,Clogged aspiration probe; no additional abnormality found during basic visual inspection,Clogged aspiration probe,Clean probe and repeat aspiration test,Service part,129,Medium,Resolved,Operator reported reported the issue. No further recurrence observed during the shift.
INC-00298,EQ-PAT-021,Patient Monitor,VitalSys,PM-300,Emergency,2025-06-16,Saturation value drops without corresponding clinical change,SP-221,After repeated operation cycles,Signal quality fluctuated between acceptable and poor,Alarm cleared temporarily after restart,Suspected component issue,Check cable and connector; Check signal quality; Inspect sensor placement,Damaged or poorly positioned SpO2 sensor; no additional abnormality found during basic visual inspection,Damaged or poorly positioned SpO2 sensor,Reposition or replace SpO2 sensor,Service part,71,High,Resolved,Alarm was noted reported the issue. Condition was monitored after corrective action.
INC-00415,EQ-ECG-028,ECG Machine,CardioLab,ECG-12,Cardiology,2026-02-19,One channel is flat,LD-112,During continuous clinical use,Signal amplitude reduced intermittently,Issue reproduced during verification,Suspected component issue,Inspect connector; Test cable continuity; Swap lead,Evidence consistent with broken or disconnected lead wire,Broken or disconnected lead wire,Reconnect or replace affected lead,Filter,148,High,Resolved,Technician reported reported the issue. Condition was monitored after corrective action.
INC-00151,EQ-INF-011,Infusion Pump,InfuCare,IP-500,Oncology,2026-08-05,Infusion is running slower than the programmed rate,FL-104,Immediately after startup,Observed rate approximately 71% of configured rate,Alarm cleared temporarily after restart,Investigate system/circuit condition,Verify pump calibration; Inspect tubing path; Inspect for kinks or occlusion,Evidence consistent with partial occlusion in tubing,Partial occlusion in tubing,Replace obstructed tubing if required,Sensor,108,High,Resolved,Operator reported reported the issue. No further recurrence observed during the shift.
INC-00775,EQ-DIA-053,Dialysis Machine,RenalCare,DX-700,ICU,2025-09-19,Conductivity reading outside target,,During patient monitoring,Pressure/conductivity reading outside configured range,,Suspected component issue,Verify concentrate supply; Run approved conductivity check; Check connections,Dialysate mixing/calibration issue; no additional abnormality found during basic visual inspection,Dialysate mixing/calibration issue,Correct concentrate supply or service calibration,Sensor,170,Medium,Resolved,Technician reported reported the issue. Unit returned to service after verification.
INC-00641,EQ-BLO-045,Blood Analyzer,LabCore,BA-400,Pathology,2026-05-28,Level reading inconsistent,RG-207,During patient monitoring,QC deviation approximately 1.8%,Alarm cleared temporarily after restart,Suspected component issue,Reseat reagent container; Inspect sensor; Verify reagent identification,Reagent sensor or container placement issue; no additional abnormality found during basic visual inspection,Reagent sensor or container placement issue,Reseat container or service level sensor,None,69,Medium,Resolved,Alarm was noted reported the issue. Additional functional testing passed.
INC-00817,EQ-DIA-056,Dialysis Machine,DialyTech,DT-500,Dialysis Unit,2025-07-11,Air bubble visible in circuit,AD-204,During patient monitoring,Pressure/conductivity reading outside configured range,No visible external damage noted,Possible air detected in blood circuit,Follow machine-specific air-removal procedure; Inspect circuit,Evidence consistent with air detected in blood circuit,Air detected in blood circuit,Resolve air detection condition before resuming,Service part,114,Medium,Resolved,Staff observed reported the issue. Additional functional testing passed.
INC-00551,EQ-X-R-039,X-ray Machine,MedRay,MX-900,Radiology,2026-07-14,Interlock indicator remains active,XR-102,Immediately after startup,Exposure/image index outside expected range,,Investigate system/circuit condition,Review displayed fault code; Check door/interlock status,Interlock condition not satisfied,Interlock condition not satisfied,Resolve interlock condition before exposure,None,95,High,Monitoring,Unit was flagged for reported the issue. No further recurrence observed during the shift.
INC-00729,EQ-DIA-050,Dialysis Machine,DialyTech,DT-500,ICU,2026-02-25,Air detector alarm activates,AD-204,After repeated operation cycles,Pressure/conductivity reading outside configured range,,Suspected component issue,Inspect circuit; Stop according to safety procedure,Air detected in blood circuit,Air detected in blood circuit,Resolve air detection condition before resuming,None,79,High,Resolved,Staff observed reported the issue. Condition was monitored after corrective action.
INC-00489,EQ-DEF-034,Defibrillator,PulseGuard,PG-700,Cardiology,2025-10-11,Pad connection indicator remains inactive,PD-119,Routine operation,Charge performance outside expected service range,,Suspected component issue,Verify pads are within expiry; Check pad connector,Poor pad connection,Poor pad connection,Reconnect or replace pads,Battery,118,High,Resolved,Technician reported reported the issue. Condition was monitored after corrective action.
INC-00148,EQ-INF-011,Infusion Pump,InfuCare,IP-500,Oncology,2024-08-19,Runtime is shorter than expected,BT-310,During patient monitoring,Observed rate approximately 71% of configured rate,,Possible battery degradation,Verify charging cycle; Inspect power connector,Battery degradation,Battery degradation,Replace battery if capacity is below service threshold,Electrodes,180,High,Resolved after escalation,Unit was flagged for reported the issue. Additional functional testing passed.
INC-00147,EQ-INF-011,Infusion Pump,InfuCare,IP-500,Oncology,2025-10-15,Occlusion alarm occurs repeatedly,OC-201,Immediately after startup,Observed rate approximately 40% of configured rate,No visible external damage noted,Investigate system/circuit condition,Replace obstructed tubing; Check downstream line; Inspect catheter connection; Check clamps,Downstream tubing obstruction; no additional abnormality found during basic visual inspection,Downstream tubing obstruction,Clear obstruction or replace affected line,Sensor,52,High,Resolved,Alarm was noted reported the issue. No further recurrence observed during the shift.
INC-00706,EQ-BLO-048,Blood Analyzer,HemaTech,HA-600,Pathology,2025-07-28,Probe error appears during run,SA-118,Routine operation,QC deviation approximately 7.9%,,Possible clogged aspiration probe,Run approved cleaning cycle; Inspect probe,Clogged aspiration probe,Clogged aspiration probe,Clean probe and repeat aspiration test,Sensor,118,High,Resolved,Operator reported reported the issue. Additional functional testing passed.
INC-00856,EQ-SUC-059,Suction Machine,CareVac,CV-100,General Ward,2025-02-11,Vacuum does not reach set level,VC-102,During patient monitoring,Vacuum measured approximately 29% below target,Alarm cleared temporarily after restart,Suspected component issue,Check collection jar seal; Inspect tubing; Inspect connectors; Perform leak check,Leak in tubing or collection system,Leak in tubing or collection system,Replace leaking tubing/seal,None,33,Medium,Resolved,Technician reported reported the issue. Additional functional testing passed.
INC-00680,EQ-BLO-047,Blood Analyzer,LabCore,BA-400,Laboratory,2024-06-30,Sample aspiration stops,,During continuous clinical use,QC deviation approximately 3.5%,Issue reproduced during verification,Suspected component issue,Run approved cleaning cycle; Check sample volume,Clogged aspiration probe,Clogged aspiration probe,Clean probe and repeat aspiration test,None,164,Medium,Resolved after escalation,Unit was flagged for reported the issue. Additional functional testing passed.
INC-00349,EQ-ECG-024,ECG Machine,CardioLab,ECG-12,General Ward,2024-04-29,Signal quality poor despite stable patient,EC-301,After repeated operation cycles,Signal amplitude reduced intermittently,Alarm cleared temporarily after restart,Suspected component issue,Inspect lead connections; Replace electrodes; Check skin preparation,Evidence consistent with poor electrode contact,Poor electrode contact,Improve electrode contact and repeat ECG,None,37,Medium,Resolved,Staff observed reported the issue. Unit returned to service after verification.
INC-00464,EQ-DEF-033,Defibrillator,PulseGuard,PG-700,ICU,2025-09-09,Charge time exceeds expected range,CH-410,Routine operation,Charge performance outside expected service range,Issue was intermittent,Possible battery or charging circuit issue,Run charge test; Check battery status,Battery or charging circuit issue,Battery or charging circuit issue,Remove from clinical use and service charging system if fault persists,Battery,158,High,Resolved,Technician reported reported the issue. Unit returned to service after verification.
INC-00326,EQ-ECG-023,ECG Machine,HeartTrace,H-300,Cardiology,2024-11-22,Lead-off indicator remains active,LD-112,Immediately after startup,Signal amplitude reduced intermittently,,Possible broken or disconnected lead wire,Swap lead; Test cable continuity; Inspect connector,Broken or disconnected lead wire; no additional abnormality found during basic visual inspection,Broken or disconnected lead wire,Reconnect or replace affected lead,Affected tubing/component,12,High,Resolved,Alarm was noted reported the issue. No further recurrence observed during the shift.
INC-00187,EQ-INF-013,Infusion Pump,InfuCare,IP-500,General Ward,2026-02-05,Air-in-line alarm during infusion,AI-115,Immediately after startup,Observed rate approximately 48% of configured rate,Issue was intermittent,Possible air detected in infusion line,Stop infusion; Prime tubing according to procedure,Air detected in infusion line,Air detected in infusion line,Remove air and prime/reseat tubing,Filter,170,Medium,Resolved,Alarm was noted reported the issue. Unit returned to service after verification.
INC-00124,EQ-INF-009,Infusion Pump,MediFlow,IF-700,General Ward,2024-10-29,Pressure rises after infusion starts,OC-201,After repeated operation cycles,Observed rate approximately 85% of configured rate,No visible external damage noted,Investigate system/circuit condition,Check clamps; Inspect catheter connection,Downstream tubing obstruction; no additional abnormality found during basic visual inspection,Downstream tubing obstruction,Clear obstruction or replace affected line,Affected tubing/component,104,Medium,Resolved after escalation,Operator reported reported the issue. No further recurrence observed during the shift.
INC-00785,EQ-DIA-054,Dialysis Machine,RenalCare,DX-700,Dialysis Unit,2025-10-20,Pressure changes after line repositioning,AR-221,Immediately after startup,Pressure/conductivity reading outside configured range,,Investigate system/circuit condition,Check access connection; Inspect blood line for kinks; Follow clinical escalation procedure; Verify clamps,Blood-line restriction or access issue,Blood-line restriction or access issue,Correct line restriction and escalate clinical issue as required,Electrodes,47,High,Resolved,Technician reported reported the issue. No further recurrence observed during the shift.
INC-00609,EQ-BLO-043,Blood Analyzer,HemaTech,HA-600,Pathology,2026-02-09,Level reading inconsistent,RG-207,Immediately after startup,QC deviation approximately 3.2%,,Suspected component issue,Reseat reagent container; Verify reagent identification,Evidence consistent with reagent sensor or container placement issue,Reagent sensor or container placement issue,Reseat container or service level sensor,Electrodes,78,Medium,Resolved,Alarm was noted reported the issue. Condition was monitored after corrective action.
INC-00144,EQ-INF-011,Infusion Pump,InfuCare,IP-500,Oncology,2024-06-19,Runtime is shorter than expected,BT-310,After repeated operation cycles,Observed rate approximately 66% of configured rate,Issue was intermittent,Possible battery degradation,Check battery health; Inspect power connector; Verify charging cycle,Evidence consistent with battery degradation,Battery degradation,Replace battery if capacity is below service threshold,None,86,Medium,Resolved,Technician reported reported the issue. Unit returned to service after verification.
INC-00882,EQ-SUC-061,Suction Machine,SuctionPro,SP-200,ICU,2025-01-03,Vacuum does not reach set level,VC-102,Immediately after startup,Vacuum measured approximately 29% below target,No visible external damage noted,Possible leak in tubing or collection system,Inspect connectors; Check collection jar seal; Inspect tubing; Perform leak check,Leak in tubing or collection system; no additional abnormality found during basic visual inspection,Leak in tubing or collection system,Replace leaking tubing/seal,Filter,21,Medium,Resolved,Unit was flagged for reported the issue. Unit returned to service after verification.
INC-00198,EQ-INF-014,Infusion Pump,MediFlow,IF-700,Oncology,2024-06-30,Occlusion alarm occurs repeatedly,OC-201,During patient monitoring,Observed rate approximately 92% of configured rate,Issue was intermittent,Investigate system/circuit condition,Check downstream line; Check clamps; Inspect catheter connection; Replace obstructed tubing,Evidence consistent with downstream tubing obstruction,Downstream tubing obstruction,Clear obstruction or replace affected line,Sensor,16,High,Resolved,Unit was flagged for reported the issue. Additional functional testing passed.
INC-00610,EQ-BLO-043,Blood Analyzer,HemaTech,HA-600,Pathology,2024-11-10,Level reading inconsistent,RG-207,During continuous clinical use,QC deviation approximately 5.6%,Issue was intermittent,Investigate system/circuit condition,Inspect sensor; Verify reagent identification; Reseat reagent container,Evidence consistent with reagent sensor or container placement issue,Reagent sensor or container placement issue,Reseat container or service level sensor,None,59,Medium,Resolved,Staff observed reported the issue. Unit returned to service after verification.
INC-00280,EQ-PAT-020,Patient Monitor,Cliniview,CV-900,ICU,2026-04-17,Signal quality indicator fluctuates,SP-221,Routine operation,Signal quality fluctuated between acceptable and poor,Issue reproduced during verification,Investigate system/circuit condition,Inspect sensor placement; Check cable and connector; Try known-good sensor,Damaged or poorly positioned SpO2 sensor; no additional abnormality found during basic visual inspection,Damaged or poorly positioned SpO2 sensor,Reposition or replace SpO2 sensor,Battery,56,High,Resolved,Technician reported reported the issue. No further recurrence observed during the shift.
INC-00294,EQ-PAT-021,Patient Monitor,VitalSys,PM-300,Emergency,2025-06-27,SpO2 value briefly falls and recovers,SP-221,During continuous clinical use,Signal quality fluctuated between acceptable and poor,No visible external damage noted,Investigate system/circuit condition,Inspect sensor placement; Try known-good sensor; Check cable and connector,Evidence consistent with damaged or poorly positioned spo2 sensor,Damaged or poorly positioned SpO2 sensor,Reposition or replace SpO2 sensor,None,33,Critical,Resolved,Unit was flagged for reported the issue. Unit returned to service after verification.
INC-00401,EQ-ECG-028,ECG Machine,CardioLab,ECG-12,Cardiology,2025-08-24,Paper feed motor sounds abnormal,,During patient monitoring,Signal amplitude reduced intermittently,No visible external damage noted,Suspected component issue,Remove obstruction; Inspect feed path,Paper-feed mechanism obstruction; no additional abnormality found during basic visual inspection,Paper-feed mechanism obstruction,Reload paper or service feed mechanism,Electrodes,130,Medium,Resolved,Operator reported reported the issue. Unit returned to service after verification.
INC-00123,EQ-INF-009,Infusion Pump,MediFlow,IF-700,General Ward,2026-07-07,Occlusion alarm occurs repeatedly,,Immediately after startup,Observed rate approximately 43% of configured rate,Issue was intermittent,Possible downstream tubing obstruction,Check downstream line; Replace obstructed tubing; Inspect catheter connection,Evidence consistent with downstream tubing obstruction,Downstream tubing obstruction,Clear obstruction or replace affected line,Service part,11,Medium,Resolved after escalation,Alarm was noted reported the issue. Additional functional testing passed.
INC-00184,EQ-INF-013,Infusion Pump,InfuCare,IP-500,General Ward,2026-02-03,Battery percentage falls rapidly,BT-310,Immediately after startup,Observed rate approximately 36% of configured rate,,Possible battery degradation,Verify charging cycle; Inspect power connector,Battery degradation,Battery degradation,Replace battery if capacity is below service threshold,Filter,120,Low,Resolved,Unit was flagged for reported the issue. Condition was monitored after corrective action.
INC-00203,EQ-PAT-015,Patient Monitor,Cliniview,CV-900,Emergency,2026-03-13,Baseline wanders,EC-118,Routine operation,Signal quality fluctuated between acceptable and poor,Issue was intermittent,Possible loose or degraded ecg electrode connection,Verify grounding; Inspect lead wires; Replace degraded electrodes,Loose or degraded ECG electrode connection,Loose or degraded ECG electrode connection,Replace electrodes or affected lead,Filter,155,High,Resolved,Technician reported reported the issue. Unit returned to service after verification.
INC-00439,EQ-DEF-030,Defibrillator,PulseGuard,PG-700,ICU,2024-10-11,Service indicator appears,ST-501,During continuous clinical use,Charge performance outside expected service range,Alarm cleared temporarily after restart,Suspected component issue,Repeat approved self-test; Review service documentation,Evidence consistent with internal diagnostic fault,Internal diagnostic fault,Remove from service and escalate to qualified service personnel,Battery,41,Medium,Resolved,Technician reported reported the issue. Condition was monitored after corrective action.
INC-00247,EQ-PAT-018,Patient Monitor,VitalSys,PM-300,General Ward,2026-01-05,Oxygen saturation signal drops intermittently,SP-221,During patient monitoring,Signal quality fluctuated between acceptable and poor,,Investigate system/circuit condition,Check signal quality; Try known-good sensor,Evidence consistent with damaged or poorly positioned spo2 sensor,Damaged or poorly positioned SpO2 sensor,Reposition or replace SpO2 sensor,Filter,16,Medium,Resolved,Alarm was noted reported the issue. Additional functional testing passed.
INC-00416,EQ-DEF-029,Defibrillator,PulseGuard,PG-700,Cardiology,2024-07-19,Service indicator appears,ST-501,During patient monitoring,Charge performance outside expected service range,Alarm cleared temporarily after restart,Suspected component issue,Repeat approved self-test; Review service documentation; Record error code,Evidence consistent with internal diagnostic fault,Internal diagnostic fault,Remove from service and escalate to qualified service personnel,Battery,155,High,Resolved,Technician reported reported the issue. Unit returned to service after verification.
INC-00704,EQ-BLO-048,Blood Analyzer,HemaTech,HA-600,Pathology,2025-04-07,QC failure repeats on same assay,QC-301,During patient monitoring,QC deviation approximately 5.4%,No visible external damage noted,Investigate system/circuit condition,Run calibration; Inspect QC history,Reagent deterioration or calibration drift; no additional abnormality found during basic visual inspection,Reagent deterioration or calibration drift,Replace compromised reagent or recalibrate,Battery,81,Medium,Resolved after escalation,Staff observed reported the issue. Condition was monitored after corrective action.
INC-00828,EQ-SUC-057,Suction Machine,SuctionPro,SP-200,ICU,2024-08-22,Pump runs continuously,VC-102,Routine operation,Vacuum measured approximately 57% below target,Alarm cleared temporarily after restart,Suspected component issue,Inspect tubing; Check collection jar seal; Inspect connectors; Perform leak check,Evidence consistent with leak in tubing or collection system,Leak in tubing or collection system,Replace leaking tubing/seal,Filter,137,High,Resolved,Staff observed reported the issue. Unit returned to service after verification.
INC-00130,EQ-INF-010,Infusion Pump,MediFlow,IF-700,General Ward,2026-03-03,Runtime is shorter than expected,BT-310,Immediately after startup,Observed rate approximately 55% of configured rate,,Possible battery degradation,Verify charging cycle; Inspect power connector; Check battery health,Battery degradation,Battery degradation,Replace battery if capacity is below service threshold,Battery,144,Medium,Resolved,Staff observed reported the issue. Additional functional testing passed.
INC-00638,EQ-BLO-044,Blood Analyzer,LabCore,BA-400,Laboratory,2024-09-18,Sample aspiration stops,SA-118,Immediately after startup,QC deviation approximately 7.2%,,Suspected component issue,Run approved cleaning cycle; Check sample volume,Clogged aspiration probe; no additional abnormality found during basic visual inspection,Clogged aspiration probe,Clean probe and repeat aspiration test,Battery,11,High,Monitoring,Staff observed reported the issue. Unit returned to service after verification.
INC-00403,EQ-ECG-028,ECG Machine,CardioLab,ECG-12,Cardiology,2024-09-02,One channel is flat,LD-112,During continuous clinical use,Signal amplitude reduced intermittently,Alarm cleared temporarily after restart,Suspected component issue,Inspect connector; Swap lead,Broken or disconnected lead wire; no additional abnormality found during basic visual inspection,Broken or disconnected lead wire,Reconnect or replace affected lead,Service part,31,High,Resolved,Alarm was noted reported the issue. No further recurrence observed during the shift.
INC-00722,EQ-DIA-050,Dialysis Machine,DialyTech,DT-500,ICU,2024-01-25,Arterial pressure more negative than expected,AR-221,After repeated operation cycles,Pressure/conductivity reading outside configured range,Issue reproduced during verification,Suspected component issue,Check access connection; Verify clamps,Blood-line restriction or access issue; no additional abnormality found during basic visual inspection,Blood-line restriction or access issue,Correct line restriction and escalate clinical issue as required,Filter,34,High,Resolved,Staff observed reported the issue. Additional functional testing passed.
INC-00709,EQ-BLO-049,Blood Analyzer,HemaTech,HA-600,Laboratory,2025-03-18,QC failure repeats on same assay,QC-301,Immediately after startup,QC deviation approximately 2.6%,Issue reproduced during verification,Investigate system/circuit condition,Run calibration; Repeat control; Check reagent lot and expiry,Evidence consistent with reagent deterioration or calibration drift,Reagent deterioration or calibration drift,Replace compromised reagent or recalibrate,Battery,74,High,Monitoring,Staff observed reported the issue. Additional functional testing passed.
INC-00840,EQ-SUC-058,Suction Machine,CareVac,CV-100,General Ward,2024-01-17,Motor sounds normal but suction is reduced,SU-214,Routine operation,Vacuum measured approximately 26% below target,Issue reproduced during verification,Possible blocked suction filter or tubing,Clear approved obstruction; Inspect collection jar; Inspect tubing,Blocked suction filter or tubing; no additional abnormality found during basic visual inspection,Blocked suction filter or tubing,Replace blocked filter or tubing,Battery,156,Critical,Resolved,Operator reported reported the issue. Unit returned to service after verification.
INC-00220,EQ-PAT-016,Patient Monitor,VitalSys,PM-300,ICU,2024-06-04,Repeatedly variable blood pressure readings,NB-207,Routine operation,Signal quality fluctuated between acceptable and poor,Issue was intermittent,Possible incorrect cuff size or cuff placement,Verify cuff size; Check cuff placement,Incorrect cuff size or cuff placement; no additional abnormality found during basic visual inspection,Incorrect cuff size or cuff placement,Use correct cuff and reconnect tubing,Affected tubing/component,92,Medium,Resolved,Unit was flagged for reported the issue. Condition was monitored after corrective action.
INC-00642,EQ-BLO-045,Blood Analyzer,LabCore,BA-400,Pathology,2024-03-01,Analyzer reports empty reagent despite available volume,RG-207,During patient monitoring,QC deviation approximately 2.4%,Alarm cleared temporarily after restart,Investigate system/circuit condition,Reseat reagent container; Inspect sensor,Reagent sensor or container placement issue,Reagent sensor or container placement issue,Reseat container or service level sensor,None,62,Medium,Monitoring,Alarm was noted reported the issue. Additional functional testing passed.
INC-00842,EQ-SUC-058,Suction Machine,CareVac,CV-100,General Ward,2026-06-02,Flow appears restricted,SU-214,Immediately after startup,Vacuum measured approximately 41% below target,,Investigate system/circuit condition,Clear approved obstruction; Check filter; Inspect collection jar,Evidence consistent with blocked suction filter or tubing,Blocked suction filter or tubing,Replace blocked filter or tubing,Service part,162,Medium,Resolved,Operator reported reported the issue. Additional functional testing passed.
INC-00759,EQ-DIA-052,Dialysis Machine,RenalCare,DX-700,ICU,2024-07-10,Alarm occurs during preparation,CO-115,Immediately after startup,Pressure/conductivity reading outside configured range,Alarm cleared temporarily after restart,Investigate system/circuit condition,Run approved conductivity check; Verify concentrate supply; Check connections,Evidence consistent with dialysate mixing/calibration issue,Dialysate mixing/calibration issue,Correct concentrate supply or service calibration,Service part,47,High,Monitoring,Unit was flagged for reported the issue. Unit returned to service after verification.
INC-00845,EQ-SUC-058,Suction Machine,CareVac,CV-100,General Ward,2025-03-09,Motor sounds normal but suction is reduced,SU-214,During continuous clinical use,Vacuum measured approximately 48% below target,No visible external damage noted,Possible blocked suction filter or tubing,Check filter; Clear approved obstruction; Inspect collection jar,Evidence consistent with blocked suction filter or tubing,Blocked suction filter or tubing,Replace blocked filter or tubing,Affected tubing/component,22,Critical,Resolved,Staff observed reported the issue. Unit returned to service after verification.
INC-00625,EQ-BLO-044,Blood Analyzer,LabCore,BA-400,Laboratory,2025-10-11,Level reading inconsistent,RG-207,After repeated operation cycles,QC deviation approximately 2.0%,No visible external damage noted,Investigate system/circuit condition,Verify reagent identification; Reseat reagent container; Inspect sensor,Evidence consistent with reagent sensor or container placement issue,Reagent sensor or container placement issue,Reseat container or service level sensor,Service part,180,High,Resolved,Alarm was noted reported the issue. No further recurrence observed during the shift.
INC-00838,EQ-SUC-058,Suction Machine,CareVac,CV-100,General Ward,2024-11-09,Vacuum does not reach set level,VC-102,During patient monitoring,Vacuum measured approximately 52% below target,,Suspected component issue,Inspect tubing; Perform leak check,Evidence consistent with leak in tubing or collection system,Leak in tubing or collection system,Replace leaking tubing/seal,Electrodes,90,Low,Resolved,Alarm was noted reported the issue. Unit returned to service after verification.
INC-00742,EQ-DIA-051,Dialysis Machine,RenalCare,DX-700,Dialysis Unit,2025-04-10,Conductivity reading outside target,CO-115,Routine operation,Pressure/conductivity reading outside configured range,Alarm cleared temporarily after restart,Possible dialysate mixing/calibration issue,Check connections; Run approved conductivity check,Dialysate mixing/calibration issue,Dialysate mixing/calibration issue,Correct concentrate supply or service calibration,Electrodes,130,High,Resolved,Unit was flagged for reported the issue. No further recurrence observed during the shift.
INC-00387,EQ-ECG-027,ECG Machine,HeartTrace,H-300,Cardiology,2025-03-04,Paper feed motor sounds abnormal,PF-208,During continuous clinical use,Signal amplitude reduced intermittently,Issue was intermittent,Suspected component issue,Check paper alignment; Inspect feed path,Paper-feed mechanism obstruction; no additional abnormality found during basic visual inspection,Paper-feed mechanism obstruction,Reload paper or service feed mechanism,Battery,89,Medium,Resolved after escalation,Unit was flagged for reported the issue. Additional functional testing passed.
INC-00895,EQ-SUC-062,Suction Machine,SuctionPro,SP-200,Emergency,2025-11-29,Flow appears restricted,SU-214,During continuous clinical use,Vacuum measured approximately 45% below target,Alarm cleared temporarily after restart,Possible blocked suction filter or tubing,Check filter; Inspect collection jar,Blocked suction filter or tubing,Blocked suction filter or tubing,Replace blocked filter or tubing,Electrodes,102,Medium,Resolved,Technician reported reported the issue. No further recurrence observed during the shift.
INC-00510,EQ-DEF-035,Defibrillator,RescueMed,D-500,Emergency,2024-07-17,Service indicator appears,ST-501,During patient monitoring,Charge performance outside expected service range,No visible external damage noted,Investigate system/circuit condition,Review service documentation; Record error code,Internal diagnostic fault; no additional abnormality found during basic visual inspection,Internal diagnostic fault,Remove from service and escalate to qualified service personnel,None,61,High,Resolved,Technician reported reported the issue. Condition was monitored after corrective action.
INC-00268,EQ-PAT-019,Patient Monitor,Cliniview,CV-900,Emergency,2024-05-20,Baseline wanders,EC-118,During patient monitoring,Signal quality fluctuated between acceptable and poor,,Suspected component issue,Replace degraded electrodes; Check electrode adhesion; Verify grounding,Loose or degraded ECG electrode connection; no additional abnormality found during basic visual inspection,Loose or degraded ECG electrode connection,Replace electrodes or affected lead,Filter,159,High,Resolved,Unit was flagged for reported the issue. Additional functional testing passed.
INC-00755,EQ-DIA-052,Dialysis Machine,RenalCare,DX-700,ICU,2026-04-21,Arterial pressure more negative than expected,AR-221,After repeated operation cycles,Pressure/conductivity reading outside configured range,,Possible blood-line restriction or access issue,Verify clamps; Inspect blood line for kinks; Follow clinical escalation procedure; Check access connection,Blood-line restriction or access issue; no additional abnormality found during basic visual inspection,Blood-line restriction or access issue,Correct line restriction and escalate clinical issue as required,Electrodes,71,Medium,Resolved,Operator reported reported the issue. Unit returned to service after verification.
INC-00442,EQ-DEF-031,Defibrillator,PulseGuard,PG-700,ICU,2025-09-14,Service indicator appears,ST-501,After repeated operation cycles,Charge performance outside expected service range,,Investigate system/circuit condition,Repeat approved self-test; Record error code; Review service documentation,Internal diagnostic fault; no additional abnormality found during basic visual inspection,Internal diagnostic fault,Remove from service and escalate to qualified service personnel,None,180,Medium,Resolved,Staff observed reported the issue. Additional functional testing passed.
INC-00497,EQ-DEF-035,Defibrillator,RescueMed,D-500,Emergency,2024-12-01,Charge time exceeds expected range,CH-410,Routine operation,Charge performance outside expected service range,Issue reproduced during verification,Investigate system/circuit condition,Run charge test; Connect to approved power source; Inspect charging indicators; Check battery status,Battery or charging circuit issue; no additional abnormality found during basic visual inspection,Battery or charging circuit issue,Remove from clinical use and service charging system if fault persists,Electrodes,107,Medium,Monitoring,Alarm was noted reported the issue. Additional functional testing passed.
INC-00113,EQ-INF-009,Infusion Pump,MediFlow,IF-700,General Ward,2025-09-02,Runtime is shorter than expected,BT-310,During continuous clinical use,Observed rate approximately 71% of configured rate,,Possible battery degradation,Verify charging cycle; Check battery health; Inspect power connector,Battery degradation; no additional abnormality found during basic visual inspection,Battery degradation,Replace battery if capacity is below service threshold,Sensor,120,High,Resolved,Alarm was noted reported the issue. Unit returned to service after verification.
INC-00692,EQ-BLO-047,Blood Analyzer,LabCore,BA-400,Laboratory,2024-12-27,Analyzer reports empty reagent despite available volume,RG-207,During patient monitoring,QC deviation approximately 7.7%,Issue was intermittent,Suspected component issue,Reseat reagent container; Inspect sensor; Verify reagent identification,Evidence consistent with reagent sensor or container placement issue,Reagent sensor or container placement issue,Reseat container or service level sensor,Sensor,166,Medium,Resolved,Operator reported reported the issue. No further recurrence observed during the shift.
INC-00233,EQ-PAT-017,Patient Monitor,VitalSys,PM-300,Emergency,2026-08-01,Oxygen saturation signal drops intermittently,SP-221,During continuous clinical use,Signal quality fluctuated between acceptable and poor,,Possible damaged or poorly positioned spo2 sensor,Check signal quality; Inspect sensor placement; Check cable and connector; Try known-good sensor,Damaged or poorly positioned SpO2 sensor; no additional abnormality found during basic visual inspection,Damaged or poorly positioned SpO2 sensor,Reposition or replace SpO2 sensor,Sensor,143,Critical,Resolved,Alarm was noted reported the issue. Additional functional testing passed.
INC-00801,EQ-DIA-055,Dialysis Machine,RenalCare,DX-700,Dialysis Unit,2024-10-27,Air detector alarm activates,AD-204,During patient monitoring,Pressure/conductivity reading outside configured range,Issue reproduced during verification,Suspected component issue,Stop according to safety procedure; Follow machine-specific air-removal procedure,Evidence consistent with air detected in blood circuit,Air detected in blood circuit,Resolve air detection condition before resuming,Sensor,66,Medium,Resolved,Operator reported reported the issue. Additional functional testing passed.
INC-00608,EQ-BLO-043,Blood Analyzer,HemaTech,HA-600,Pathology,2025-03-14,Probe error appears during run,SA-118,During continuous clinical use,QC deviation approximately 2.4%,Issue reproduced during verification,Suspected component issue,Inspect probe; Check sample volume; Run approved cleaning cycle,Evidence consistent with clogged aspiration probe,Clogged aspiration probe,Clean probe and repeat aspiration test,Affected tubing/component,72,High,Resolved,Technician reported reported the issue. No further recurrence observed during the shift.
INC-00672,EQ-BLO-046,Blood Analyzer,LabCore,BA-400,Pathology,2025-07-31,Control value exceeds laboratory target,QC-301,After repeated operation cycles,QC deviation approximately 5.7%,Alarm cleared temporarily after restart,Suspected component issue,Run calibration; Inspect QC history; Repeat control; Check reagent lot and expiry,Evidence consistent with reagent deterioration or calibration drift,Reagent deterioration or calibration drift,Replace compromised reagent or recalibrate,Sensor,167,High,Resolved,Staff observed reported the issue. No further recurrence observed during the shift.
INC-00374,EQ-ECG-026,ECG Machine,CardioLab,ECG-12,Emergency,2025-08-22,Printer does not advance paper,PF-208,Routine operation,Signal amplitude reduced intermittently,Issue was intermittent,Investigate system/circuit condition,Inspect feed path; Check paper alignment; Remove obstruction,Evidence consistent with paper-feed mechanism obstruction,Paper-feed mechanism obstruction,Reload paper or service feed mechanism,Battery,92,Low,Resolved,Unit was flagged for reported the issue. Condition was monitored after corrective action.
INC-00904,EQ-SUC-062,Suction Machine,SuctionPro,SP-200,Emergency,2024-07-18,Motor sounds normal but suction is reduced,SU-214,Routine operation,Vacuum measured approximately 57% below target,No visible external damage noted,Possible blocked suction filter or tubing,Inspect tubing; Check filter; Inspect collection jar; Clear approved obstruction,Blocked suction filter or tubing; no additional abnormality found during basic visual inspection,Blocked suction filter or tubing,Replace blocked filter or tubing,None,99,High,Resolved after escalation,Alarm was noted reported the issue. Condition was monitored after corrective action.
INC-00848,EQ-SUC-058,Suction Machine,CareVac,CV-100,General Ward,2024-11-29,Vacuum does not reach set level,VC-102,Routine operation,Vacuum measured approximately 49% below target,Alarm cleared temporarily after restart,Possible leak in tubing or collection system,Check collection jar seal; Inspect connectors; Perform leak check; Inspect tubing,Leak in tubing or collection system; no additional abnormality found during basic visual inspection,Leak in tubing or collection system,Replace leaking tubing/seal,Battery,125,High,Resolved,Unit was flagged for reported the issue. Additional functional testing passed.
INC-00234,EQ-PAT-017,Patient Monitor,VitalSys,PM-300,Emergency,2025-11-20,Baseline wanders,EC-118,During patient monitoring,Signal quality fluctuated between acceptable and poor,Issue was intermittent,Possible loose or degraded ecg electrode connection,Check electrode adhesion; Inspect lead wires; Verify grounding,Evidence consistent with loose or degraded ecg electrode connection,Loose or degraded ECG electrode connection,Replace electrodes or affected lead,Electrodes,107,Low,Resolved,Unit was flagged for reported the issue. No further recurrence observed during the shift.
INC-00723,EQ-DIA-050,Dialysis Machine,DialyTech,DT-500,ICU,2024-05-16,Pressure changes after line repositioning,AR-221,After repeated operation cycles,Pressure/conductivity reading outside configured range,,Possible blood-line restriction or access issue,Check access connection; Follow clinical escalation procedure; Inspect blood line for kinks,Blood-line restriction or access issue,Blood-line restriction or access issue,Correct line restriction and escalate clinical issue as required,Service part,127,Medium,Resolved after escalation,Staff observed reported the issue. No further recurrence observed during the shift.
INC-00677,EQ-BLO-047,Blood Analyzer,LabCore,BA-400,Laboratory,2025-11-23,Sample aspiration stops,SA-118,Immediately after startup,QC deviation approximately 1.9%,No visible external damage noted,Suspected component issue,Inspect probe; Check sample volume; Run approved cleaning cycle,Clogged aspiration probe,Clogged aspiration probe,Clean probe and repeat aspiration test,Sensor,21,Critical,Resolved,Alarm was noted reported the issue. No further recurrence observed during the shift.
INC-00318,EQ-ECG-023,ECG Machine,HeartTrace,H-300,Cardiology,2024-07-02,Printer does not advance paper,PF-208,Routine operation,Signal amplitude reduced intermittently,,Suspected component issue,Check paper alignment; Inspect feed path; Remove obstruction,Paper-feed mechanism obstruction; no additional abnormality found during basic visual inspection,Paper-feed mechanism obstruction,Reload paper or service feed mechanism,Filter,134,High,Resolved,Alarm was noted reported the issue. Unit returned to service after verification.
INC-00649,EQ-BLO-045,Blood Analyzer,LabCore,BA-400,Pathology,2026-01-28,Level reading inconsistent,RG-207,After repeated operation cycles,QC deviation approximately 3.8%,,Investigate system/circuit condition,Inspect sensor; Verify reagent identification,Reagent sensor or container placement issue; no additional abnormality found during basic visual inspection,Reagent sensor or container placement issue,Reseat container or service level sensor,None,28,High,Resolved,Alarm was noted reported the issue. No further recurrence observed during the shift.
INC-00411,EQ-ECG-028,ECG Machine,CardioLab,ECG-12,Cardiology,2026-02-14,Signal quality poor despite stable patient,EC-301,During patient monitoring,Signal amplitude reduced intermittently,Issue was intermittent,Investigate system/circuit condition,Check skin preparation; Replace electrodes,Poor electrode contact; no additional abnormality found during basic visual inspection,Poor electrode contact,Improve electrode contact and repeat ECG,Battery,89,Medium,Resolved,Alarm was noted reported the issue. Unit returned to service after verification.
INC-00826,EQ-DIA-056,Dialysis Machine,DialyTech,DT-500,Dialysis Unit,2025-04-26,Pressure changes after line repositioning,AR-221,During continuous clinical use,Pressure/conductivity reading outside configured range,Issue was intermittent,Possible blood-line restriction or access issue,Check access connection; Verify clamps,Evidence consistent with blood-line restriction or access issue,Blood-line restriction or access issue,Correct line restriction and escalate clinical issue as required,None,130,High,Resolved after escalation,Operator reported reported the issue. Additional functional testing passed.
INC-00710,EQ-BLO-049,Blood Analyzer,HemaTech,HA-600,Laboratory,2026-04-09,Level reading inconsistent,RG-207,During continuous clinical use,QC deviation approximately 1.8%,No visible external damage noted,Suspected component issue,Reseat reagent container; Inspect sensor; Verify reagent identification,Reagent sensor or container placement issue; no additional abnormality found during basic visual inspection,Reagent sensor or container placement issue,Reseat container or service level sensor,Service part,125,High,Resolved,Alarm was noted reported the issue. Condition was monitored after corrective action.
INC-00359,EQ-ECG-025,ECG Machine,CardioLab,ECG-12,General Ward,2024-11-18,Signal quality poor despite stable patient,EC-301,During continuous clinical use,Signal amplitude reduced intermittently,,Possible poor electrode contact,Replace electrodes; Inspect lead connections; Check skin preparation,Poor electrode contact; no additional abnormality found during basic visual inspection,Poor electrode contact,Improve electrode contact and repeat ECG,Battery,85,High,Monitoring,Technician reported reported the issue. Condition was monitored after corrective action.
INC-00259,EQ-PAT-018,Patient Monitor,VitalSys,PM-300,General Ward,2024-10-06,Touchscreen becomes unresponsive,DS-401,After repeated operation cycles,Signal quality fluctuated between acceptable and poor,Issue reproduced during verification,Investigate system/circuit condition,Review event log; Check power supply; Restart according to service procedure,Evidence consistent with software/process instability,Software/process instability,Restart and escalate for service if recurrence persists,Electrodes,67,High,Resolved,Alarm was noted reported the issue. Condition was monitored after corrective action.
INC-00628,EQ-BLO-044,Blood Analyzer,LabCore,BA-400,Laboratory,2024-03-11,QC failure repeats on same assay,QC-301,During patient monitoring,QC deviation approximately 3.5%,Issue reproduced during verification,Possible reagent deterioration or calibration drift,Inspect QC history; Check reagent lot and expiry,Evidence consistent with reagent deterioration or calibration drift,Reagent deterioration or calibration drift,Replace compromised reagent or recalibrate,Affected tubing/component,117,Medium,Resolved,Unit was flagged for reported the issue. Unit returned to service after verification.
INC-00633,EQ-BLO-044,Blood Analyzer,LabCore,BA-400,Laboratory,2024-01-30,Level reading inconsistent,RG-207,During patient monitoring,QC deviation approximately 1.7%,No visible external damage noted,Investigate system/circuit condition,Verify reagent identification; Reseat reagent container; Inspect sensor,Reagent sensor or container placement issue,Reagent sensor or container placement issue,Reseat container or service level sensor,None,8,High,Resolved,Staff observed reported the issue. Unit returned to service after verification.
INC-00283,EQ-PAT-020,Patient Monitor,Cliniview,CV-900,ICU,2024-05-13,Saturation value drops without corresponding clinical change,SP-221,After repeated operation cycles,Signal quality fluctuated between acceptable and poor,No visible external damage noted,Possible damaged or poorly positioned spo2 sensor,Check signal quality; Try known-good sensor,Damaged or poorly positioned SpO2 sensor,Damaged or poorly positioned SpO2 sensor,Reposition or replace SpO2 sensor,Service part,162,Medium,Resolved,Staff observed reported the issue. No further recurrence observed during the shift.
INC-00377,EQ-ECG-026,ECG Machine,CardioLab,ECG-12,Emergency,2026-02-15,Baseline slowly shifts,EC-301,Immediately after startup,Signal amplitude reduced intermittently,Issue was intermittent,Possible poor electrode contact,Replace electrodes; Check skin preparation; Inspect lead connections,Poor electrode contact,Poor electrode contact,Improve electrode contact and repeat ECG,Filter,160,Low,Resolved,Staff observed reported the issue. No further recurrence observed during the shift.
INC-00385,EQ-ECG-027,ECG Machine,HeartTrace,H-300,Cardiology,2024-05-20,Baseline slowly shifts,EC-301,Immediately after startup,Signal amplitude reduced intermittently,Issue reproduced during verification,Investigate system/circuit condition,Check skin preparation; Replace electrodes,Poor electrode contact; no additional abnormality found during basic visual inspection,Poor electrode contact,Improve electrode contact and repeat ECG,Sensor,159,High,Resolved,Alarm was noted reported the issue. Unit returned to service after verification.
INC-00225,EQ-PAT-016,Patient Monitor,VitalSys,PM-300,ICU,2024-01-22,Touchscreen becomes unresponsive,DS-401,Immediately after startup,Signal quality fluctuated between acceptable and poor,,Investigate system/circuit condition,Restart according to service procedure; Review event log; Check power supply,Software/process instability,Software/process instability,Restart and escalate for service if recurrence persists,Electrodes,94,Medium,Resolved,Unit was flagged for reported the issue. Condition was monitored after corrective action.
INC-00877,EQ-SUC-060,Suction Machine,CareVac,CV-100,Emergency,2025-08-25,Motor sounds normal but suction is reduced,SU-214,Immediately after startup,Vacuum measured approximately 36% below target,Alarm cleared temporarily after restart,Possible blocked suction filter or tubing,Check filter; Inspect tubing; Clear approved obstruction,Blocked suction filter or tubing,Blocked suction filter or tubing,Replace blocked filter or tubing,Sensor,177,High,Resolved after escalation,Operator reported reported the issue. Additional functional testing passed.
INC-00750,EQ-DIA-051,Dialysis Machine,RenalCare,DX-700,Dialysis Unit,2026-05-21,Alarm occurs during preparation,CO-115,After repeated operation cycles,Pressure/conductivity reading outside configured range,Issue was intermittent,Investigate system/circuit condition,Run approved conductivity check; Verify concentrate supply; Check connections,Evidence consistent with dialysate mixing/calibration issue,Dialysate mixing/calibration issue,Correct concentrate supply or service calibration,Service part,10,Medium,Resolved,Alarm was noted reported the issue. Condition was monitored after corrective action.
INC-00473,EQ-DEF-033,Defibrillator,PulseGuard,PG-700,ICU,2025-04-26,Charge time exceeds expected range,CH-410,Routine operation,Charge performance outside expected service range,Issue reproduced during verification,Possible battery or charging circuit issue,Check battery status; Run charge test,Battery or charging circuit issue; no additional abnormality found during basic visual inspection,Battery or charging circuit issue,Remove from clinical use and service charging system if fault persists,None,159,Medium,Resolved,Operator reported reported the issue. Additional functional testing passed.
INC-00348,EQ-ECG-024,ECG Machine,CardioLab,ECG-12,General Ward,2025-03-02,Baseline slowly shifts,EC-301,Immediately after startup,Signal amplitude reduced intermittently,Issue was intermittent,Possible poor electrode contact,Check skin preparation; Replace electrodes,Evidence consistent with poor electrode contact,Poor electrode contact,Improve electrode contact and repeat ECG,Service part,177,Medium,Resolved,Operator reported reported the issue. Unit returned to service after verification.
INC-00506,EQ-DEF-035,Defibrillator,RescueMed,D-500,Emergency,2025-06-18,Startup self-test reports failure,ST-501,During continuous clinical use,Charge performance outside expected service range,No visible external damage noted,Suspected component issue,Review service documentation; Record error code; Repeat approved self-test,Internal diagnostic fault; no additional abnormality found during basic visual inspection,Internal diagnostic fault,Remove from service and escalate to qualified service personnel,Electrodes,67,Medium,Resolved,Staff observed reported the issue. Unit returned to service after verification.
INC-00640,EQ-BLO-044,Blood Analyzer,LabCore,BA-400,Laboratory,2025-06-22,Level reading inconsistent,RG-207,During continuous clinical use,QC deviation approximately 7.1%,,Possible reagent sensor or container placement issue,Reseat reagent container; Verify reagent identification; Inspect sensor,Reagent sensor or container placement issue,Reagent sensor or container placement issue,Reseat container or service level sensor,Battery,167,High,Resolved after escalation,Staff observed reported the issue. Additional functional testing passed.
INC-00910,EQ-SUC-063,Suction Machine,SuctionPro,SP-200,Emergency,2025-09-08,Flow appears restricted,SU-214,During continuous clinical use,Vacuum measured approximately 54% below target,Issue reproduced during verification,Possible blocked suction filter or tubing,Clear approved obstruction; Inspect tubing; Check filter; Inspect collection jar,Evidence consistent with blocked suction filter or tubing,Blocked suction filter or tubing,Replace blocked filter or tubing,Affected tubing/component,46,High,Resolved,Unit was flagged for reported the issue. Condition was monitored after corrective action.
INC-00854,EQ-SUC-059,Suction Machine,CareVac,CV-100,General Ward,2024-07-25,Vacuum does not reach set level,VC-102,After repeated operation cycles,Vacuum measured approximately 35% below target,Issue reproduced during verification,Possible leak in tubing or collection system,Inspect tubing; Check collection jar seal; Perform leak check,Leak in tubing or collection system; no additional abnormality found during basic visual inspection,Leak in tubing or collection system,Replace leaking tubing/seal,Affected tubing/component,151,High,Resolved after escalation,Technician reported reported the issue. Unit returned to service after verification.
INC-00905,EQ-SUC-062,Suction Machine,SuctionPro,SP-200,Emergency,2026-05-04,Flow appears restricted,SU-214,During patient monitoring,Vacuum measured approximately 22% below target,Alarm cleared temporarily after restart,Suspected component issue,Inspect tubing; Clear approved obstruction,Blocked suction filter or tubing; no additional abnormality found during basic visual inspection,Blocked suction filter or tubing,Replace blocked filter or tubing,Battery,105,Medium,Monitoring,Alarm was noted reported the issue. Unit returned to service after verification.
INC-00620,EQ-BLO-043,Blood Analyzer,HemaTech,HA-600,Pathology,2025-04-12,Analyzer reports empty reagent despite available volume,RG-207,Immediately after startup,QC deviation approximately 6.8%,No visible external damage noted,Suspected component issue,Inspect sensor; Verify reagent identification; Reseat reagent container,Reagent sensor or container placement issue,Reagent sensor or container placement issue,Reseat container or service level sensor,Service part,60,High,Resolved,Unit was flagged for reported the issue. Condition was monitored after corrective action.
INC-00787,EQ-DIA-054,Dialysis Machine,RenalCare,DX-700,Dialysis Unit,2024-08-27,Arterial pressure more negative than expected,AR-221,During patient monitoring,Pressure/conductivity reading outside configured range,Issue was intermittent,Investigate system/circuit condition,Inspect blood line for kinks; Follow clinical escalation procedure,Blood-line restriction or access issue,Blood-line restriction or access issue,Correct line restriction and escalate clinical issue as required,Battery,57,Medium,Resolved,Alarm was noted reported the issue. No further recurrence observed during the shift.
INC-00646,EQ-BLO-045,Blood Analyzer,LabCore,BA-400,Pathology,2024-08-14,Level reading inconsistent,RG-207,After repeated operation cycles,QC deviation approximately 3.2%,,Investigate system/circuit condition,Reseat reagent container; Verify reagent identification; Inspect sensor,Evidence consistent with reagent sensor or container placement issue,Reagent sensor or container placement issue,Reseat container or service level sensor,Electrodes,29,High,Resolved,Staff observed reported the issue. Condition was monitored after corrective action.
INC-00779,EQ-DIA-053,Dialysis Machine,RenalCare,DX-700,ICU,2024-07-27,Air bubble visible in circuit,AD-204,Routine operation,Pressure/conductivity reading outside configured range,Alarm cleared temporarily after restart,Investigate system/circuit condition,Follow machine-specific air-removal procedure; Inspect circuit,Air detected in blood circuit; no additional abnormality found during basic visual inspection,Air detected in blood circuit,Resolve air detection condition before resuming,Sensor,82,Medium,Resolved,Unit was flagged for reported the issue. Additional functional testing passed.
INC-00557,EQ-X-R-039,X-ray Machine,MedRay,MX-900,Radiology,2026-07-02,System requests cooling period,TH-330,Routine operation,Exposure/image index outside expected range,No visible external damage noted,Possible high accumulated tube load,Check cooling system; Allow manufacturer-specified cooling period,High accumulated tube load; no additional abnormality found during basic visual inspection,High accumulated tube load,Allow cooling and escalate if warning persists unexpectedly,Service part,61,Medium,Resolved,Alarm was noted reported the issue. No further recurrence observed during the shift.
INC-00881,EQ-SUC-061,Suction Machine,SuctionPro,SP-200,ICU,2026-04-20,Motor sounds normal but suction is reduced,SU-214,Routine operation,Vacuum measured approximately 34% below target,Issue reproduced during verification,Possible blocked suction filter or tubing,Inspect tubing; Check filter,Blocked suction filter or tubing,Blocked suction filter or tubing,Replace blocked filter or tubing,Sensor,147,Medium,Resolved,Unit was flagged for reported the issue. Condition was monitored after corrective action.
INC-00578,EQ-X-R-040,X-ray Machine,Radiant Imaging,XR-500,Radiology,2024-10-07,Interlock indicator remains active,XR-102,During patient monitoring,Exposure/image index outside expected range,,Possible interlock condition not satisfied,Verify system ready state; Check door/interlock status,Evidence consistent with interlock condition not satisfied,Interlock condition not satisfied,Resolve interlock condition before exposure,Electrodes,44,High,Resolved,Staff observed reported the issue. Additional functional testing passed.
INC-00086,EQ-VEN-007,Ventilator,RespiraTech,RV-500,Emergency,2025-04-09,Airway pressure repeatedly above expected range,AP-217,Immediately after startup,Pressure/volume observation: 23 cmH2O peak pressure,No visible external damage noted,Suspected component issue,Inspect patient connection; Inspect expiratory filter; Verify pressure settings,Blocked expiratory filter,Blocked expiratory filter,Replace blocked expiratory filter,Electrodes,23,High,Resolved,Alarm was noted reported the issue. Unit returned to service after verification.
INC-00243,EQ-PAT-017,Patient Monitor,VitalSys,PM-300,Emergency,2024-08-25,Noise increases with movement,EC-118,After repeated operation cycles,Signal quality fluctuated between acceptable and poor,Alarm cleared temporarily after restart,Investigate system/circuit condition,Replace degraded electrodes; Check electrode adhesion; Inspect lead wires; Verify grounding,Evidence consistent with loose or degraded ecg electrode connection,Loose or degraded ECG electrode connection,Replace electrodes or affected lead,Filter,40,High,Resolved,Staff observed reported the issue. Unit returned to service after verification.
INC-00699,EQ-BLO-048,Blood Analyzer,HemaTech,HA-600,Pathology,2025-10-23,Level reading inconsistent,RG-207,After repeated operation cycles,QC deviation approximately 2.7%,No visible external damage noted,Investigate system/circuit condition,Verify reagent identification; Reseat reagent container,Reagent sensor or container placement issue,Reagent sensor or container placement issue,Reseat container or service level sensor,Filter,21,High,Monitoring,Staff observed reported the issue. Additional functional testing passed.
INC-00160,EQ-INF-012,Infusion Pump,MediFlow,IF-700,ICU,2026-05-21,Small air bubble visible in tubing,AI-115,During patient monitoring,Observed rate approximately 65% of configured rate,Issue was intermittent,Investigate system/circuit condition,Check air sensor; Prime tubing according to procedure,Evidence consistent with air detected in infusion line,Air detected in infusion line,Remove air and prime/reseat tubing,Sensor,110,High,Resolved,Staff observed reported the issue. Additional functional testing passed.
INC-00525,EQ-X-R-037,X-ray Machine,MedRay,MX-900,Emergency,2025-05-02,Temperature warning after repeated exposures,TH-330,During patient monitoring,Exposure/image index outside expected range,Alarm cleared temporarily after restart,Investigate system/circuit condition,Allow manufacturer-specified cooling period; Check cooling system,Evidence consistent with high accumulated tube load,High accumulated tube load,Allow cooling and escalate if warning persists unexpectedly,Service part,113,Medium,Resolved,Alarm was noted reported the issue. No further recurrence observed during the shift.
INC-00036,EQ-VEN-003,Ventilator,MedAir,V-800,ICU,2026-05-18,Minute volume below configured value,MV-104,Immediately after startup,Pressure/volume observation: 44 cmH2O peak pressure,Issue was intermittent,Possible circuit leak,Inspect tubing for cracks; Check circuit connections; Perform leak test; Verify cuff/circuit integrity,Evidence consistent with circuit leak,Circuit leak,Repair or replace leaking circuit component,Service part,64,Critical,Resolved,Staff observed reported the issue. Unit returned to service after verification.
INC-00541,EQ-X-R-038,X-ray Machine,Radiant Imaging,XR-500,Radiology,2026-01-13,Interlock indicator remains active,,Immediately after startup,Exposure/image index outside expected range,,Suspected component issue,Review displayed fault code; Verify system ready state; Check door/interlock status,Interlock condition not satisfied,Interlock condition not satisfied,Resolve interlock condition before exposure,Filter,124,High,Resolved,Staff observed reported the issue. Additional functional testing passed.
INC-00171,EQ-INF-012,Infusion Pump,MediFlow,IF-700,ICU,2026-05-09,Battery percentage falls rapidly,BT-310,During continuous clinical use,Observed rate approximately 35% of configured rate,No visible external damage noted,Suspected component issue,Check battery health; Verify charging cycle; Inspect power connector,Evidence consistent with battery degradation,Battery degradation,Replace battery if capacity is below service threshold,None,134,High,Resolved,Unit was flagged for reported the issue. No further recurrence observed during the shift.
INC-00655,EQ-BLO-045,Blood Analyzer,LabCore,BA-400,Pathology,2025-04-16,Sample aspiration stops,SA-118,Routine operation,QC deviation approximately 5.3%,Issue reproduced during verification,Suspected component issue,Inspect probe; Run approved cleaning cycle,Clogged aspiration probe,Clogged aspiration probe,Clean probe and repeat aspiration test,None,75,Low,Resolved,Technician reported reported the issue. No further recurrence observed during the shift.
INC-00818,EQ-DIA-056,Dialysis Machine,DialyTech,DT-500,Dialysis Unit,2025-08-08,Air bubble visible in circuit,AD-204,During continuous clinical use,Pressure/conductivity reading outside configured range,Issue was intermittent,Investigate system/circuit condition,Follow machine-specific air-removal procedure; Inspect circuit; Stop according to safety procedure,Air detected in blood circuit,Air detected in blood circuit,Resolve air detection condition before resuming,Service part,12,High,Resolved after escalation,Staff observed reported the issue. No further recurrence observed during the shift.
INC-00789,EQ-DIA-054,Dialysis Machine,RenalCare,DX-700,Dialysis Unit,2026-06-26,Alarm occurs during preparation,CO-115,During patient monitoring,Pressure/conductivity reading outside configured range,Alarm cleared temporarily after restart,Possible dialysate mixing/calibration issue,Check connections; Run approved conductivity check; Verify concentrate supply,Evidence consistent with dialysate mixing/calibration issue,Dialysate mixing/calibration issue,Correct concentrate supply or service calibration,Electrodes,59,High,Monitoring,Technician reported reported the issue. Additional functional testing passed.
INC-00784,EQ-DIA-054,Dialysis Machine,RenalCare,DX-700,Dialysis Unit,2025-04-23,Arterial pressure more negative than expected,,During patient monitoring,Pressure/conductivity reading outside configured range,Issue was intermittent,Possible blood-line restriction or access issue,Check access connection; Inspect blood line for kinks; Follow clinical escalation procedure; Verify clamps,Blood-line restriction or access issue,Blood-line restriction or access issue,Correct line restriction and escalate clinical issue as required,None,70,High,Resolved,Operator reported reported the issue. No further recurrence observed during the shift.
INC-00869,EQ-SUC-060,Suction Machine,CareVac,CV-100,Emergency,2025-08-25,Pump runs continuously,VC-102,After repeated operation cycles,Vacuum measured approximately 36% below target,Issue was intermittent,Investigate system/circuit condition,Inspect tubing; Inspect connectors; Check collection jar seal; Perform leak check,Leak in tubing or collection system,Leak in tubing or collection system,Replace leaking tubing/seal,Sensor,68,Low,Resolved,Technician reported reported the issue. Condition was monitored after corrective action.
INC-00734,EQ-DIA-051,Dialysis Machine,RenalCare,DX-700,Dialysis Unit,2024-09-09,Arterial pressure more negative than expected,,Immediately after startup,Pressure/conductivity reading outside configured range,No visible external damage noted,Possible blood-line restriction or access issue,Verify clamps; Check access connection,Blood-line restriction or access issue,Blood-line restriction or access issue,Correct line restriction and escalate clinical issue as required,Electrodes,158,High,Resolved after escalation,Unit was flagged for reported the issue. Additional functional testing passed.
INC-00096,EQ-INF-008,Infusion Pump,InfuCare,IP-500,ICU,2026-04-17,Infusion is running slower than the programmed rate,FL-104,Routine operation,Observed rate approximately 83% of configured rate,Issue was intermittent,Investigate system/circuit condition,Inspect for kinks or occlusion; Inspect tubing path; Check clamps and connectors,Evidence consistent with partial occlusion in tubing,Partial occlusion in tubing,Replace obstructed tubing if required,Battery,129,Medium,Resolved,Operator reported reported the issue. No further recurrence observed during the shift.
INC-00564,EQ-X-R-040,X-ray Machine,Radiant Imaging,XR-500,Radiology,2024-01-25,Exposure index below expected range,IM-214,During patient monitoring,Exposure/image index outside expected range,Alarm cleared temporarily after restart,Possible incorrect exposure settings or detector issue,Verify kVp/mAs settings; Review exposure index; Check detector status,Incorrect exposure settings or detector issue,Incorrect exposure settings or detector issue,Correct exposure parameters or service detector,Electrodes,111,Medium,Resolved,Operator reported reported the issue. Additional functional testing passed.
INC-00241,EQ-PAT-017,Patient Monitor,VitalSys,PM-300,Emergency,2025-08-09,Touchscreen becomes unresponsive,DS-401,During continuous clinical use,Signal quality fluctuated between acceptable and poor,,Investigate system/circuit condition,Restart according to service procedure; Check power supply; Run system diagnostics; Review event log,Software/process instability; no additional abnormality found during basic visual inspection,Software/process instability,Restart and escalate for service if recurrence persists,Filter,42,Medium,Resolved,Operator reported reported the issue. Additional functional testing passed.
INC-00743,EQ-DIA-051,Dialysis Machine,RenalCare,DX-700,Dialysis Unit,2025-10-24,Air bubble visible in circuit,AD-204,Immediately after startup,Pressure/conductivity reading outside configured range,,Suspected component issue,Follow machine-specific air-removal procedure; Inspect circuit,Evidence consistent with air detected in blood circuit,Air detected in blood circuit,Resolve air detection condition before resuming,Affected tubing/component,14,High,Resolved,Operator reported reported the issue. Condition was monitored after corrective action.
INC-00575,EQ-X-R-040,X-ray Machine,Radiant Imaging,XR-500,Radiology,2024-11-30,System requests cooling period,TH-330,During patient monitoring,Exposure/image index outside expected range,Issue reproduced during verification,Suspected component issue,Check cooling system; Review exposure history; Allow manufacturer-specified cooling period,Evidence consistent with high accumulated tube load,High accumulated tube load,Allow cooling and escalate if warning persists unexpectedly,Affected tubing/component,167,Medium,Resolved after escalation,Staff observed reported the issue. No further recurrence observed during the shift.
INC-00691,EQ-BLO-047,Blood Analyzer,LabCore,BA-400,Laboratory,2024-08-10,Analyzer reports empty reagent despite available volume,RG-207,During patient monitoring,QC deviation approximately 4.0%,Issue was intermittent,Suspected component issue,Reseat reagent container; Verify reagent identification; Inspect sensor,Reagent sensor or container placement issue; no additional abnormality found during basic visual inspection,Reagent sensor or container placement issue,Reseat container or service level sensor,Electrodes,132,Medium,Resolved,Staff observed reported the issue. No further recurrence observed during the shift.
INC-00461,EQ-DEF-032,Defibrillator,RescueMed,D-500,ICU,2025-02-22,Startup self-test reports failure,ST-501,Immediately after startup,Charge performance outside expected service range,Issue was intermittent,Suspected component issue,Review service documentation; Record error code,Internal diagnostic fault,Internal diagnostic fault,Remove from service and escalate to qualified service personnel,Battery,102,High,Monitoring,Alarm was noted reported the issue. Additional functional testing passed.
INC-00554,EQ-X-R-039,X-ray Machine,MedRay,MX-900,Radiology,2025-08-11,Exposure index below expected range,IM-214,During continuous clinical use,Exposure/image index outside expected range,Issue was intermittent,Suspected component issue,Review exposure index; Verify kVp/mAs settings; Check detector status,Incorrect exposure settings or detector issue,Incorrect exposure settings or detector issue,Correct exposure parameters or service detector,Battery,76,Medium,Resolved,Staff observed reported the issue. Additional functional testing passed.
INC-00807,EQ-DIA-055,Dialysis Machine,RenalCare,DX-700,Dialysis Unit,2024-08-19,Pressure changes after line repositioning,AR-221,During patient monitoring,Pressure/conductivity reading outside configured range,Issue was intermittent,Possible blood-line restriction or access issue,Check access connection; Inspect blood line for kinks; Verify clamps; Follow clinical escalation procedure,Blood-line restriction or access issue,Blood-line restriction or access issue,Correct line restriction and escalate clinical issue as required,Affected tubing/component,120,High,Resolved,Alarm was noted reported the issue. No further recurrence observed during the shift.
INC-00207,EQ-PAT-015,Patient Monitor,Cliniview,CV-900,Emergency,2026-01-24,Intermittent artifact on ECG trace,EC-118,After repeated operation cycles,Signal quality fluctuated between acceptable and poor,Issue reproduced during verification,Possible loose or degraded ecg electrode connection,Check electrode adhesion; Verify grounding,Loose or degraded ECG electrode connection,Loose or degraded ECG electrode connection,Replace electrodes or affected lead,Battery,174,Medium,Resolved,Technician reported reported the issue. Unit returned to service after verification.
INC-00393,EQ-ECG-027,ECG Machine,HeartTrace,H-300,Cardiology,2026-06-29,Lead-off indicator remains active,LD-112,Routine operation,Signal amplitude reduced intermittently,Issue reproduced during verification,Suspected component issue,Swap lead; Test cable continuity; Inspect connector,Broken or disconnected lead wire; no additional abnormality found during basic visual inspection,Broken or disconnected lead wire,Reconnect or replace affected lead,Electrodes,164,High,Resolved,Unit was flagged for reported the issue. No further recurrence observed during the shift.
INC-00398,EQ-ECG-027,ECG Machine,HeartTrace,H-300,Cardiology,2025-08-04,One channel is flat,LD-112,After repeated operation cycles,Signal amplitude reduced intermittently,,Suspected component issue,Swap lead; Inspect connector; Test cable continuity,Evidence consistent with broken or disconnected lead wire,Broken or disconnected lead wire,Reconnect or replace affected lead,Electrodes,103,High,Resolved,Technician reported reported the issue. Condition was monitored after corrective action.
INC-00781,EQ-DIA-053,Dialysis Machine,RenalCare,DX-700,ICU,2024-10-05,Air detector alarm activates,,Routine operation,Pressure/conductivity reading outside configured range,Issue was intermittent,Suspected component issue,Stop according to safety procedure; Follow machine-specific air-removal procedure; Inspect circuit,Air detected in blood circuit,Air detected in blood circuit,Resolve air detection condition before resuming,Electrodes,5,Medium,Resolved,Technician reported reported the issue. Condition was monitored after corrective action.
INC-00218,EQ-PAT-015,Patient Monitor,Cliniview,CV-900,Emergency,2026-02-23,Repeatedly variable blood pressure readings,NB-207,After repeated operation cycles,Signal quality fluctuated between acceptable and poor,Alarm cleared temporarily after restart,Suspected component issue,Check cuff placement; Inspect tubing,Incorrect cuff size or cuff placement,Incorrect cuff size or cuff placement,Use correct cuff and reconnect tubing,Battery,170,High,Resolved,Unit was flagged for reported the issue. Additional functional testing passed.
INC-00005,EQ-VEN-001,Ventilator,MedAir,V-800,Emergency,2025-03-26,Measured volume intermittently low,MV-104,During continuous clinical use,Pressure/volume observation: 19 cmH2O peak pressure,Issue was intermittent,Possible circuit leak,Inspect tubing for cracks; Perform leak test; Check circuit connections,Circuit leak; no additional abnormality found during basic visual inspection,Circuit leak,Repair or replace leaking circuit component,None,111,Medium,Resolved,Operator reported reported the issue. No further recurrence observed during the shift.
INC-00769,EQ-DIA-053,Dialysis Machine,RenalCare,DX-700,ICU,2025-10-26,Pressure changes after line repositioning,AR-221,Routine operation,Pressure/conductivity reading outside configured range,,Investigate system/circuit condition,Inspect blood line for kinks; Verify clamps; Follow clinical escalation procedure; Check access connection,Blood-line restriction or access issue; no additional abnormality found during basic visual inspection,Blood-line restriction or access issue,Correct line restriction and escalate clinical issue as required,Filter,146,High,Monitoring,Alarm was noted reported the issue. Unit returned to service after verification.
INC-00643,EQ-BLO-045,Blood Analyzer,LabCore,BA-400,Pathology,2026-01-13,Sample aspiration stops,SA-118,Immediately after startup,QC deviation approximately 4.4%,,Possible clogged aspiration probe,Inspect probe; Run approved cleaning cycle; Check sample volume,Clogged aspiration probe; no additional abnormality found during basic visual inspection,Clogged aspiration probe,Clean probe and repeat aspiration test,Service part,36,Low,Resolved,Operator reported reported the issue. No further recurrence observed during the shift.
INC-00825,EQ-DIA-056,Dialysis Machine,DialyTech,DT-500,Dialysis Unit,2025-08-29,Alarm occurs during preparation,CO-115,Immediately after startup,Pressure/conductivity reading outside configured range,,Possible dialysate mixing/calibration issue,Check connections; Run approved conductivity check,Dialysate mixing/calibration issue; no additional abnormality found during basic visual inspection,Dialysate mixing/calibration issue,Correct concentrate supply or service calibration,Sensor,18,Medium,Resolved,Staff observed reported the issue. Condition was monitored after corrective action.
INC-00613,EQ-BLO-043,Blood Analyzer,HemaTech,HA-600,Pathology,2025-01-07,Analyzer reports empty reagent despite available volume,RG-207,After repeated operation cycles,QC deviation approximately 5.6%,,Possible reagent sensor or container placement issue,Inspect sensor; Reseat reagent container,Evidence consistent with reagent sensor or container placement issue,Reagent sensor or container placement issue,Reseat container or service level sensor,Affected tubing/component,70,Low,Resolved,Staff observed reported the issue. Additional functional testing passed.
INC-00739,EQ-DIA-051,Dialysis Machine,RenalCare,DX-700,Dialysis Unit,2024-09-13,Arterial pressure more negative than expected,AR-221,Immediately after startup,Pressure/conductivity reading outside configured range,Issue was intermittent,Possible blood-line restriction or access issue,Verify clamps; Inspect blood line for kinks; Follow clinical escalation procedure,Blood-line restriction or access issue,Blood-line restriction or access issue,Correct line restriction and escalate clinical issue as required,Affected tubing/component,28,Medium,Resolved,Operator reported reported the issue. Additional functional testing passed.
INC-00547,EQ-X-R-039,X-ray Machine,MedRay,MX-900,Radiology,2026-04-30,Interlock indicator remains active,XR-102,During continuous clinical use,Exposure/image index outside expected range,,Investigate system/circuit condition,Review displayed fault code; Check door/interlock status; Verify system ready state,Evidence consistent with interlock condition not satisfied,Interlock condition not satisfied,Resolve interlock condition before exposure,Electrodes,125,Low,Resolved,Operator reported reported the issue. No further recurrence observed during the shift.
INC-00726,EQ-DIA-050,Dialysis Machine,DialyTech,DT-500,ICU,2024-09-04,Air detector alarm activates,AD-204,After repeated operation cycles,Pressure/conductivity reading outside configured range,No visible external damage noted,Investigate system/circuit condition,Follow machine-specific air-removal procedure; Stop according to safety procedure,Air detected in blood circuit; no additional abnormality found during basic visual inspection,Air detected in blood circuit,Resolve air detection condition before resuming,Sensor,76,High,Resolved,Unit was flagged for reported the issue. Condition was monitored after corrective action.
INC-00684,EQ-BLO-047,Blood Analyzer,LabCore,BA-400,Laboratory,2025-01-17,Control value exceeds laboratory target,QC-301,Routine operation,QC deviation approximately 5.2%,Issue reproduced during verification,Investigate system/circuit condition,Run calibration; Inspect QC history,Reagent deterioration or calibration drift,Reagent deterioration or calibration drift,Replace compromised reagent or recalibrate,Battery,122,High,Resolved,Alarm was noted reported the issue. Unit returned to service after verification.
INC-00099,EQ-INF-008,Infusion Pump,InfuCare,IP-500,ICU,2024-10-04,Delivered flow appears below set rate,FL-104,Immediately after startup,Observed rate approximately 94% of configured rate,No visible external damage noted,Possible partial occlusion in tubing,Check clamps and connectors; Inspect for kinks or occlusion; Verify pump calibration; Inspect tubing path,Evidence consistent with partial occlusion in tubing,Partial occlusion in tubing,Replace obstructed tubing if required,Sensor,46,High,Resolved,Operator reported reported the issue. No further recurrence observed during the shift.
INC-00728,EQ-DIA-050,Dialysis Machine,DialyTech,DT-500,ICU,2026-08-14,Alarm occurs during preparation,,During continuous clinical use,Pressure/conductivity reading outside configured range,,Possible dialysate mixing/calibration issue,Check connections; Verify concentrate supply; Run approved conductivity check,Dialysate mixing/calibration issue,Dialysate mixing/calibration issue,Correct concentrate supply or service calibration,Electrodes,178,Medium,Resolved,Alarm was noted reported the issue. No further recurrence observed during the shift.
INC-00574,EQ-X-R-040,X-ray Machine,Radiant Imaging,XR-500,Radiology,2026-04-06,System requests cooling period,TH-330,During continuous clinical use,Exposure/image index outside expected range,Issue was intermittent,Possible high accumulated tube load,Review exposure history; Allow manufacturer-specified cooling period; Check cooling system,High accumulated tube load,High accumulated tube load,Allow cooling and escalate if warning persists unexpectedly,None,40,Low,Resolved,Unit was flagged for reported the issue. No further recurrence observed during the shift.
INC-00407,EQ-ECG-028,ECG Machine,CardioLab,ECG-12,Cardiology,2026-02-24,Signal quality poor despite stable patient,EC-301,Routine operation,Signal amplitude reduced intermittently,Issue reproduced during verification,Possible poor electrode contact,Check skin preparation; Inspect lead connections,Poor electrode contact,Poor electrode contact,Improve electrode contact and repeat ECG,Service part,175,Low,Resolved,Staff observed reported the issue. Unit returned to service after verification.
INC-00503,EQ-DEF-035,Defibrillator,RescueMed,D-500,Emergency,2026-04-29,Device reports pads disconnected,PD-119,Immediately after startup,Charge performance outside expected service range,Alarm cleared temporarily after restart,Investigate system/circuit condition,Verify pads are within expiry; Replace pads if necessary,Poor pad connection; no additional abnormality found during basic visual inspection,Poor pad connection,Reconnect or replace pads,Battery,121,Medium,Resolved,Technician reported reported the issue. Condition was monitored after corrective action.
INC-00048,EQ-VEN-004,Ventilator,RespiraTech,RV-500,ICU,2024-07-21,Measured volume intermittently low,MV-104,During patient monitoring,Pressure/volume observation: 26 cmH2O peak pressure,,Investigate system/circuit condition,Perform leak test; Verify cuff/circuit integrity; Inspect tubing for cracks,Circuit leak,Circuit leak,Repair or replace leaking circuit component,Affected tubing/component,117,Critical,Resolved,Unit was flagged for reported the issue. Condition was monitored after corrective action.
INC-00033,EQ-VEN-003,Ventilator,MedAir,V-800,ICU,2025-04-10,Airway pressure repeatedly above expected range,AP-217,Immediately after startup,Pressure/volume observation: 38 cmH2O peak pressure,No visible external damage noted,Investigate system/circuit condition,Verify pressure settings; Inspect patient connection,Evidence consistent with blocked expiratory filter,Blocked expiratory filter,Replace blocked expiratory filter,Electrodes,148,Medium,Resolved,Operator reported reported the issue. Additional functional testing passed.
INC-00780,EQ-DIA-053,Dialysis Machine,RenalCare,DX-700,ICU,2026-05-09,Air bubble visible in circuit,AD-204,During continuous clinical use,Pressure/conductivity reading outside configured range,Alarm cleared temporarily after restart,Suspected component issue,Follow machine-specific air-removal procedure; Stop according to safety procedure,Air detected in blood circuit,Air detected in blood circuit,Resolve air detection condition before resuming,None,73,Medium,Resolved,Operator reported reported the issue. Condition was monitored after corrective action.
INC-00201,EQ-INF-014,Infusion Pump,MediFlow,IF-700,Oncology,2025-08-14,Small air bubble visible in tubing,AI-115,During continuous clinical use,Observed rate approximately 84% of configured rate,No visible external damage noted,Possible air detected in infusion line,Check air sensor; Inspect line and connections; Stop infusion; Prime tubing according to procedure,Evidence consistent with air detected in infusion line,Air detected in infusion line,Remove air and prime/reseat tubing,Filter,167,Medium,Resolved,Technician reported reported the issue. Additional functional testing passed.
INC-00135,EQ-INF-010,Infusion Pump,MediFlow,IF-700,General Ward,2025-04-18,Occlusion alarm occurs repeatedly,OC-201,During continuous clinical use,Observed rate approximately 86% of configured rate,Issue was intermittent,Possible downstream tubing obstruction,Check clamps; Replace obstructed tubing; Check downstream line,Downstream tubing obstruction,Downstream tubing obstruction,Clear obstruction or replace affected line,Electrodes,155,Low,Resolved,Technician reported reported the issue. Unit returned to service after verification.
INC-00028,EQ-VEN-002,Ventilator,MedAir,V-800,NICU,2024-11-02,Low-volume alarm during ventilation,MV-104,During continuous clinical use,Pressure/volume observation: 16 cmH2O peak pressure,,Suspected component issue,Inspect tubing for cracks; Check circuit connections; Perform leak test; Verify cuff/circuit integrity,Circuit leak; no additional abnormality found during basic visual inspection,Circuit leak,Repair or replace leaking circuit component,Electrodes,102,Medium,Resolved,Staff observed reported the issue. No further recurrence observed during the shift.
INC-00809,EQ-DIA-055,Dialysis Machine,RenalCare,DX-700,Dialysis Unit,2025-03-12,Arterial pressure more negative than expected,AR-221,During patient monitoring,Pressure/conductivity reading outside configured range,Alarm cleared temporarily after restart,Investigate system/circuit condition,Inspect blood line for kinks; Check access connection,Blood-line restriction or access issue,Blood-line restriction or access issue,Correct line restriction and escalate clinical issue as required,Affected tubing/component,180,High,Resolved,Alarm was noted reported the issue. Additional functional testing passed.
INC-00231,EQ-PAT-016,Patient Monitor,VitalSys,PM-300,ICU,2025-01-03,Display stops updating temporarily,DS-401,Routine operation,Signal quality fluctuated between acceptable and poor,,Possible software/process instability,Check power supply; Restart according to service procedure; Run system diagnostics,Evidence consistent with software/process instability,Software/process instability,Restart and escalate for service if recurrence persists,Affected tubing/component,85,Low,Resolved,Alarm was noted reported the issue. Additional functional testing passed.
INC-00490,EQ-DEF-034,Defibrillator,PulseGuard,PG-700,Cardiology,2024-08-16,Device reports pads disconnected,PD-119,During patient monitoring,Charge performance outside expected service range,Alarm cleared temporarily after restart,Investigate system/circuit condition,Check pad connector; Verify pads are within expiry; Replace pads if necessary,Poor pad connection; no additional abnormality found during basic visual inspection,Poor pad connection,Reconnect or replace pads,Electrodes,77,Critical,Resolved,Alarm was noted reported the issue. Condition was monitored after corrective action.
INC-00773,EQ-DIA-053,Dialysis Machine,RenalCare,DX-700,ICU,2024-10-02,Air bubble visible in circuit,AD-204,During patient monitoring,Pressure/conductivity reading outside configured range,Issue reproduced during verification,Suspected component issue,Inspect circuit; Stop according to safety procedure,Air detected in blood circuit,Air detected in blood circuit,Resolve air detection condition before resuming,Electrodes,148,Medium,Resolved after escalation,Staff observed reported the issue. Unit returned to service after verification.
INC-00379,EQ-ECG-026,ECG Machine,CardioLab,ECG-12,Emergency,2024-07-15,Paper feed motor sounds abnormal,PF-208,Routine operation,Signal amplitude reduced intermittently,Alarm cleared temporarily after restart,Investigate system/circuit condition,Inspect feed path; Remove obstruction,Paper-feed mechanism obstruction; no additional abnormality found during basic visual inspection,Paper-feed mechanism obstruction,Reload paper or service feed mechanism,Service part,109,High,Resolved,Operator reported reported the issue. No further recurrence observed during the shift.
INC-00289,EQ-PAT-020,Patient Monitor,Cliniview,CV-900,ICU,2026-02-04,Touchscreen becomes unresponsive,DS-401,During continuous clinical use,Signal quality fluctuated between acceptable and poor,Alarm cleared temporarily after restart,Possible software/process instability,Run system diagnostics; Review event log,Software/process instability,Software/process instability,Restart and escalate for service if recurrence persists,Filter,18,Low,Resolved after escalation,Staff observed reported the issue. Additional functional testing passed.
INC-00419,EQ-DEF-029,Defibrillator,PulseGuard,PG-700,Cardiology,2026-04-29,Device reports pads disconnected,PD-119,Immediately after startup,Charge performance outside expected service range,Alarm cleared temporarily after restart,Investigate system/circuit condition,Check pad connector; Verify pads are within expiry,Evidence consistent with poor pad connection,Poor pad connection,Reconnect or replace pads,Service part,41,High,Resolved,Staff observed reported the issue. No further recurrence observed during the shift.
INC-00675,EQ-BLO-046,Blood Analyzer,LabCore,BA-400,Pathology,2026-06-13,Analyzer reports empty reagent despite available volume,RG-207,During continuous clinical use,QC deviation approximately 4.5%,Alarm cleared temporarily after restart,Possible reagent sensor or container placement issue,Inspect sensor; Verify reagent identification; Reseat reagent container,Reagent sensor or container placement issue; no additional abnormality found during basic visual inspection,Reagent sensor or container placement issue,Reseat container or service level sensor,Affected tubing/component,60,High,Resolved,Staff observed reported the issue. No further recurrence observed during the shift.
INC-00392,EQ-ECG-027,ECG Machine,HeartTrace,H-300,Cardiology,2024-07-02,Paper feed motor sounds abnormal,PF-208,After repeated operation cycles,Signal amplitude reduced intermittently,Alarm cleared temporarily after restart,Investigate system/circuit condition,Check paper alignment; Remove obstruction,Evidence consistent with paper-feed mechanism obstruction,Paper-feed mechanism obstruction,Reload paper or service feed mechanism,Affected tubing/component,120,Critical,Resolved after escalation,Unit was flagged for reported the issue. Additional functional testing passed.
INC-00593,EQ-X-R-042,X-ray Machine,MedRay,MX-900,Radiology,2025-03-11,Interlock indicator remains active,XR-102,Immediately after startup,Exposure/image index outside expected range,,Suspected component issue,Check door/interlock status; Verify system ready state,Interlock condition not satisfied; no additional abnormality found during basic visual inspection,Interlock condition not satisfied,Resolve interlock condition before exposure,Electrodes,103,High,Resolved after escalation,Technician reported reported the issue. Additional functional testing passed.
INC-00499,EQ-DEF-035,Defibrillator,RescueMed,D-500,Emergency,2025-04-05,Device reports pads disconnected,PD-119,After repeated operation cycles,Charge performance outside expected service range,Issue reproduced during verification,Suspected component issue,Check pad connector; Replace pads if necessary,Poor pad connection; no additional abnormality found during basic visual inspection,Poor pad connection,Reconnect or replace pads,Service part,87,High,Resolved,Staff observed reported the issue. Condition was monitored after corrective action.
INC-00139,EQ-INF-010,Infusion Pump,MediFlow,IF-700,General Ward,2024-09-10,Occlusion alarm occurs repeatedly,,During patient monitoring,Observed rate approximately 52% of configured rate,Issue reproduced during verification,Possible downstream tubing obstruction,Inspect catheter connection; Check clamps,Downstream tubing obstruction,Downstream tubing obstruction,Clear obstruction or replace affected line,Sensor,96,High,Monitoring,Technician reported reported the issue. Condition was monitored after corrective action.
INC-00063,EQ-VEN-005,Ventilator,MedAir,V-800,NICU,2025-02-19,Pressure rises above expected range,AP-217,During patient monitoring,Pressure/volume observation: 38 cmH2O peak pressure,No visible external damage noted,Possible blocked expiratory filter,Inspect breathing circuit for kinks/obstruction; Inspect expiratory filter,Blocked expiratory filter,Blocked expiratory filter,Replace blocked expiratory filter,Sensor,97,Medium,Resolved,Operator reported reported the issue. Unit returned to service after verification.
INC-00472,EQ-DEF-033,Defibrillator,PulseGuard,PG-700,ICU,2025-12-13,Startup self-test reports failure,ST-501,After repeated operation cycles,Charge performance outside expected service range,Issue was intermittent,Possible internal diagnostic fault,Repeat approved self-test; Record error code,Evidence consistent with internal diagnostic fault,Internal diagnostic fault,Remove from service and escalate to qualified service personnel,None,67,High,Resolved,Operator reported reported the issue. No further recurrence observed during the shift.
INC-00648,EQ-BLO-045,Blood Analyzer,LabCore,BA-400,Pathology,2026-04-01,Probe error appears during run,SA-118,During continuous clinical use,QC deviation approximately 4.5%,Issue reproduced during verification,Suspected component issue,Run approved cleaning cycle; Check sample volume,Clogged aspiration probe; no additional abnormality found during basic visual inspection,Clogged aspiration probe,Clean probe and repeat aspiration test,Battery,167,High,Resolved,Staff observed reported the issue. Additional functional testing passed.
INC-00129,EQ-INF-010,Infusion Pump,MediFlow,IF-700,General Ward,2024-07-02,Infusion is running slower than the programmed rate,FL-104,Immediately after startup,Observed rate approximately 70% of configured rate,Issue reproduced during verification,Possible partial occlusion in tubing,Inspect for kinks or occlusion; Inspect tubing path; Verify pump calibration; Check clamps and connectors,Partial occlusion in tubing,Partial occlusion in tubing,Replace obstructed tubing if required,Affected tubing/component,137,Medium,Monitoring,Unit was flagged for reported the issue. Unit returned to service after verification.
INC-00899,EQ-SUC-062,Suction Machine,SuctionPro,SP-200,Emergency,2025-07-03,Vacuum does not reach set level,VC-102,After repeated operation cycles,Vacuum measured approximately 36% below target,,Suspected component issue,Check collection jar seal; Inspect connectors; Inspect tubing; Perform leak check,Evidence consistent with leak in tubing or collection system,Leak in tubing or collection system,Replace leaking tubing/seal,Sensor,128,High,Resolved,Staff observed reported the issue. No further recurrence observed during the shift.
INC-00521,EQ-X-R-036,X-ray Machine,Radiant Imaging,XR-500,Emergency,2026-02-24,Temperature warning after repeated exposures,TH-330,Immediately after startup,Exposure/image index outside expected range,Issue was intermittent,Investigate system/circuit condition,Review exposure history; Allow manufacturer-specified cooling period; Check cooling system,High accumulated tube load; no additional abnormality found during basic visual inspection,High accumulated tube load,Allow cooling and escalate if warning persists unexpectedly,Filter,176,High,Resolved,Operator reported reported the issue. No further recurrence observed during the shift.
INC-00065,EQ-VEN-005,Ventilator,MedAir,V-800,NICU,2025-12-21,Tidal volume consistently above set value,TV-331,Routine operation,Pressure/volume observation: 43 cmH2O peak pressure,Issue was intermittent,Possible incorrect ventilator settings,Verify mode and tidal-volume setting; Check pressure support; Run device self-test,Evidence consistent with incorrect ventilator settings,Incorrect ventilator settings,Correct configuration and repeat verification,Service part,179,Critical,Monitoring,Alarm was noted reported the issue. Condition was monitored after corrective action.
INC-00015,EQ-VEN-001,Ventilator,MedAir,V-800,Emergency,2024-07-02,Paw alarm triggered during ventilation,AP-217,Immediately after startup,Pressure/volume observation: 34 cmH2O peak pressure,Issue was intermittent,Investigate system/circuit condition,Inspect patient connection; Verify pressure settings; Inspect breathing circuit for kinks/obstruction,Blocked expiratory filter; no additional abnormality found during basic visual inspection,Blocked expiratory filter,Replace blocked expiratory filter,Filter,127,Medium,Resolved,Staff observed reported the issue. Unit returned to service after verification.
INC-00157,EQ-INF-011,Infusion Pump,InfuCare,IP-500,Oncology,2025-11-09,Flow remains below configured rate,FL-104,Routine operation,Observed rate approximately 70% of configured rate,Issue reproduced during verification,Suspected component issue,Inspect for kinks or occlusion; Check clamps and connectors; Verify pump calibration; Inspect tubing path,Partial occlusion in tubing; no additional abnormality found during basic visual inspection,Partial occlusion in tubing,Replace obstructed tubing if required,Affected tubing/component,43,Medium,Resolved,Staff observed reported the issue. Unit returned to service after verification.
INC-00041,EQ-VEN-003,Ventilator,MedAir,V-800,ICU,2026-04-11,Airway pressure alarm repeats,AP-217,Immediately after startup,Pressure/volume observation: 23 cmH2O peak pressure,Alarm cleared temporarily after restart,Investigate system/circuit condition,Inspect expiratory filter; Verify pressure settings,Evidence consistent with blocked expiratory filter,Blocked expiratory filter,Replace blocked expiratory filter,Sensor,95,Medium,Resolved,Operator reported reported the issue. Additional functional testing passed.
INC-00493,EQ-DEF-034,Defibrillator,PulseGuard,PG-700,Cardiology,2024-01-29,Charge time exceeds expected range,CH-410,During continuous clinical use,Charge performance outside expected service range,Issue was intermittent,Investigate system/circuit condition,Run charge test; Check battery status,Battery or charging circuit issue; no additional abnormality found during basic visual inspection,Battery or charging circuit issue,Remove from clinical use and service charging system if fault persists,Electrodes,67,High,Resolved,Unit was flagged for reported the issue. Condition was monitored after corrective action.
INC-00380,EQ-ECG-026,ECG Machine,CardioLab,ECG-12,Emergency,2025-06-13,Lead-off indicator remains active,LD-112,Immediately after startup,Signal amplitude reduced intermittently,No visible external damage noted,Suspected component issue,Inspect connector; Swap lead,Broken or disconnected lead wire; no additional abnormality found during basic visual inspection,Broken or disconnected lead wire,Reconnect or replace affected lead,Electrodes,11,Critical,Monitoring,Staff observed reported the issue. No further recurrence observed during the shift.
INC-00188,EQ-INF-014,Infusion Pump,MediFlow,IF-700,Oncology,2025-05-13,Flow remains below configured rate,FL-104,During continuous clinical use,Observed rate approximately 57% of configured rate,Issue reproduced during verification,Suspected component issue,Inspect for kinks or occlusion; Verify pump calibration; Check clamps and connectors,Partial occlusion in tubing,Partial occlusion in tubing,Replace obstructed tubing if required,Battery,154,Medium,Resolved,Operator reported reported the issue. Condition was monitored after corrective action.
INC-00764,EQ-DIA-052,Dialysis Machine,RenalCare,DX-700,ICU,2025-05-23,Air detector alarm activates,,During patient monitoring,Pressure/conductivity reading outside configured range,,Investigate system/circuit condition,Stop according to safety procedure; Follow machine-specific air-removal procedure; Inspect circuit,Air detected in blood circuit,Air detected in blood circuit,Resolve air detection condition before resuming,Battery,114,High,Resolved,Staff observed reported the issue. No further recurrence observed during the shift.
INC-00217,EQ-PAT-015,Patient Monitor,Cliniview,CV-900,Emergency,2025-05-08,NIBP error occurs intermittently,NB-207,Routine operation,Signal quality fluctuated between acceptable and poor,No visible external damage noted,Investigate system/circuit condition,Inspect tubing; Check cuff placement,Incorrect cuff size or cuff placement; no additional abnormality found during basic visual inspection,Incorrect cuff size or cuff placement,Use correct cuff and reconnect tubing,Filter,141,Medium,Resolved,Unit was flagged for reported the issue. No further recurrence observed during the shift.
INC-00792,EQ-DIA-054,Dialysis Machine,RenalCare,DX-700,Dialysis Unit,2025-05-17,Pressure changes after line repositioning,AR-221,After repeated operation cycles,Pressure/conductivity reading outside configured range,Alarm cleared temporarily after restart,Possible blood-line restriction or access issue,Inspect blood line for kinks; Verify clamps; Check access connection,Evidence consistent with blood-line restriction or access issue,Blood-line restriction or access issue,Correct line restriction and escalate clinical issue as required,Filter,47,High,Resolved,Alarm was noted reported the issue. Unit returned to service after verification.
INC-00053,EQ-VEN-004,Ventilator,RespiraTech,RV-500,ICU,2024-04-13,Peak pressure elevated during inspiration,AP-217,After repeated operation cycles,Pressure/volume observation: 47 cmH2O peak pressure,Issue was intermittent,Investigate system/circuit condition,Inspect breathing circuit for kinks/obstruction; Inspect patient connection; Inspect expiratory filter,Blocked expiratory filter,Blocked expiratory filter,Replace blocked expiratory filter,Service part,164,High,Resolved after escalation,Staff observed reported the issue. No further recurrence observed during the shift.
INC-00338,EQ-ECG-024,ECG Machine,CardioLab,ECG-12,General Ward,2024-01-06,Printer does not advance paper,PF-208,After repeated operation cycles,Signal amplitude reduced intermittently,No visible external damage noted,Investigate system/circuit condition,Inspect feed path; Check paper alignment,Paper-feed mechanism obstruction; no additional abnormality found during basic visual inspection,Paper-feed mechanism obstruction,Reload paper or service feed mechanism,Electrodes,131,High,Monitoring,Unit was flagged for reported the issue. Additional functional testing passed.
INC-00749,EQ-DIA-051,Dialysis Machine,RenalCare,DX-700,Dialysis Unit,2025-03-03,Conductivity reading outside target,CO-115,Routine operation,Pressure/conductivity reading outside configured range,Issue reproduced during verification,Investigate system/circuit condition,Verify concentrate supply; Run approved conductivity check; Check connections,Dialysate mixing/calibration issue,Dialysate mixing/calibration issue,Correct concentrate supply or service calibration,Affected tubing/component,177,Medium,Resolved,Technician reported reported the issue. No further recurrence observed during the shift.
INC-00720,EQ-DIA-050,Dialysis Machine,DialyTech,DT-500,ICU,2026-03-05,Pressure changes after line repositioning,AR-221,After repeated operation cycles,Pressure/conductivity reading outside configured range,Alarm cleared temporarily after restart,Possible blood-line restriction or access issue,Follow clinical escalation procedure; Verify clamps; Inspect blood line for kinks; Check access connection,Blood-line restriction or access issue,Blood-line restriction or access issue,Correct line restriction and escalate clinical issue as required,Affected tubing/component,40,Medium,Resolved,Operator reported reported the issue. Unit returned to service after verification.
INC-00725,EQ-DIA-050,Dialysis Machine,DialyTech,DT-500,ICU,2026-08-18,Air bubble visible in circuit,AD-204,During patient monitoring,Pressure/conductivity reading outside configured range,No visible external damage noted,Possible air detected in blood circuit,Inspect circuit; Follow machine-specific air-removal procedure; Stop according to safety procedure,Air detected in blood circuit; no additional abnormality found during basic visual inspection,Air detected in blood circuit,Resolve air detection condition before resuming,Battery,37,Medium,Resolved,Operator reported reported the issue. No further recurrence observed during the shift.
INC-00296,EQ-PAT-021,Patient Monitor,VitalSys,PM-300,Emergency,2025-05-12,SpO2 value briefly falls and recovers,SP-221,Immediately after startup,Signal quality fluctuated between acceptable and poor,Alarm cleared temporarily after restart,Investigate system/circuit condition,Inspect sensor placement; Check signal quality; Check cable and connector,Evidence consistent with damaged or poorly positioned spo2 sensor,Damaged or poorly positioned SpO2 sensor,Reposition or replace SpO2 sensor,None,25,High,Resolved,Staff observed reported the issue. Condition was monitored after corrective action.
INC-00702,EQ-BLO-048,Blood Analyzer,HemaTech,HA-600,Pathology,2024-01-20,Level reading inconsistent,RG-207,Routine operation,QC deviation approximately 3.4%,No visible external damage noted,Possible reagent sensor or container placement issue,Reseat reagent container; Verify reagent identification,Evidence consistent with reagent sensor or container placement issue,Reagent sensor or container placement issue,Reseat container or service level sensor,Electrodes,130,High,Resolved,Technician reported reported the issue. Condition was monitored after corrective action.
INC-00252,EQ-PAT-018,Patient Monitor,VitalSys,PM-300,General Ward,2025-03-13,Display stops updating temporarily,DS-401,During patient monitoring,Signal quality fluctuated between acceptable and poor,,Investigate system/circuit condition,Run system diagnostics; Restart according to service procedure; Check power supply; Review event log,Software/process instability; no additional abnormality found during basic visual inspection,Software/process instability,Restart and escalate for service if recurrence persists,Battery,79,Critical,Monitoring,Technician reported reported the issue. Unit returned to service after verification.
INC-00727,EQ-DIA-050,Dialysis Machine,DialyTech,DT-500,ICU,2026-07-30,Alarm occurs during preparation,CO-115,After repeated operation cycles,Pressure/conductivity reading outside configured range,,Investigate system/circuit condition,Check connections; Run approved conductivity check,Dialysate mixing/calibration issue; no additional abnormality found during basic visual inspection,Dialysate mixing/calibration issue,Correct concentrate supply or service calibration,None,130,Medium,Monitoring,Operator reported reported the issue. Unit returned to service after verification.
INC-00462,EQ-DEF-032,Defibrillator,RescueMed,D-500,ICU,2024-11-28,Device reports pads disconnected,PD-119,During patient monitoring,Charge performance outside expected service range,Issue reproduced during verification,Possible poor pad connection,Check pad connector; Verify pads are within expiry; Replace pads if necessary,Poor pad connection,Poor pad connection,Reconnect or replace pads,Filter,52,Medium,Resolved after escalation,Staff observed reported the issue. Additional functional testing passed.
INC-00456,EQ-DEF-032,Defibrillator,RescueMed,D-500,ICU,2025-10-06,Charge time exceeds expected range,,Routine operation,Charge performance outside expected service range,,Investigate system/circuit condition,Run charge test; Inspect charging indicators; Connect to approved power source,Battery or charging circuit issue,Battery or charging circuit issue,Remove from clinical use and service charging system if fault persists,Service part,56,High,Resolved,Staff observed reported the issue. Unit returned to service after verification.
INC-00919,EQ-SUC-063,Suction Machine,SuctionPro,SP-200,Emergency,2025-04-03,Pump runs continuously,VC-102,After repeated operation cycles,Vacuum measured approximately 36% below target,Issue reproduced during verification,Possible leak in tubing or collection system,Check collection jar seal; Perform leak check; Inspect connectors,Leak in tubing or collection system; no additional abnormality found during basic visual inspection,Leak in tubing or collection system,Replace leaking tubing/seal,Filter,40,Critical,Resolved,Alarm was noted reported the issue. Condition was monitored after corrective action.
INC-00816,EQ-DIA-056,Dialysis Machine,DialyTech,DT-500,Dialysis Unit,2026-07-09,Air detector alarm activates,,Routine operation,Pressure/conductivity reading outside configured range,Issue reproduced during verification,Suspected component issue,Stop according to safety procedure; Inspect circuit,Air detected in blood circuit,Air detected in blood circuit,Resolve air detection condition before resuming,Sensor,12,High,Resolved,Staff observed reported the issue. No further recurrence observed during the shift.
INC-00270,EQ-PAT-019,Patient Monitor,Cliniview,CV-900,Emergency,2024-01-12,Signal quality indicator fluctuates,SP-221,Immediately after startup,Signal quality fluctuated between acceptable and poor,Issue reproduced during verification,Possible damaged or poorly positioned spo2 sensor,Try known-good sensor; Check signal quality,Evidence consistent with damaged or poorly positioned spo2 sensor,Damaged or poorly positioned SpO2 sensor,Reposition or replace SpO2 sensor,Service part,149,High,Resolved,Unit was flagged for reported the issue. Additional functional testing passed.
INC-00202,EQ-PAT-015,Patient Monitor,Cliniview,CV-900,Emergency,2024-03-06,Touchscreen becomes unresponsive,,During patient monitoring,Signal quality fluctuated between acceptable and poor,,Investigate system/circuit condition,Review event log; Run system diagnostics; Check power supply; Restart according to service procedure,Software/process instability,Software/process instability,Restart and escalate for service if recurrence persists,Battery,131,High,Resolved,Staff observed reported the issue. Condition was monitored after corrective action.
INC-00162,EQ-INF-012,Infusion Pump,MediFlow,IF-700,ICU,2024-05-12,Battery percentage falls rapidly,BT-310,During continuous clinical use,Observed rate approximately 75% of configured rate,Issue reproduced during verification,Possible battery degradation,Inspect power connector; Check battery health; Verify charging cycle,Battery degradation; no additional abnormality found during basic visual inspection,Battery degradation,Replace battery if capacity is below service threshold,Battery,6,Medium,Resolved,Staff observed reported the issue. Additional functional testing passed.
INC-00556,EQ-X-R-039,X-ray Machine,MedRay,MX-900,Radiology,2024-09-26,Exposure index below expected range,,Routine operation,Exposure/image index outside expected range,Issue was intermittent,Investigate system/circuit condition,Check detector status; Verify kVp/mAs settings,Evidence consistent with incorrect exposure settings or detector issue,Incorrect exposure settings or detector issue,Correct exposure parameters or service detector,Electrodes,90,High,Resolved,Operator reported reported the issue. Unit returned to service after verification.
INC-00730,EQ-DIA-050,Dialysis Machine,DialyTech,DT-500,ICU,2025-01-18,Pressure changes after line repositioning,AR-221,Immediately after startup,Pressure/conductivity reading outside configured range,,Possible blood-line restriction or access issue,Inspect blood line for kinks; Check access connection; Verify clamps,Evidence consistent with blood-line restriction or access issue,Blood-line restriction or access issue,Correct line restriction and escalate clinical issue as required,None,22,Medium,Resolved,Alarm was noted reported the issue. No further recurrence observed during the shift.
INC-00402,EQ-ECG-028,ECG Machine,CardioLab,ECG-12,Cardiology,2024-10-21,Printer does not advance paper,PF-208,During continuous clinical use,Signal amplitude reduced intermittently,Alarm cleared temporarily after restart,Possible paper-feed mechanism obstruction,Remove obstruction; Inspect feed path,Paper-feed mechanism obstruction; no additional abnormality found during basic visual inspection,Paper-feed mechanism obstruction,Reload paper or service feed mechanism,Filter,103,High,Monitoring,Staff observed reported the issue. Unit returned to service after verification.
INC-00703,EQ-BLO-048,Blood Analyzer,HemaTech,HA-600,Pathology,2025-02-10,Analyzer reports empty reagent despite available volume,RG-207,Immediately after startup,QC deviation approximately 5.0%,,Suspected component issue,Reseat reagent container; Inspect sensor,Evidence consistent with reagent sensor or container placement issue,Reagent sensor or container placement issue,Reseat container or service level sensor,Sensor,55,High,Resolved,Alarm was noted reported the issue. No further recurrence observed during the shift.
INC-00477,EQ-DEF-033,Defibrillator,PulseGuard,PG-700,ICU,2024-02-16,Service indicator appears,ST-501,During patient monitoring,Charge performance outside expected service range,,Possible internal diagnostic fault,Repeat approved self-test; Review service documentation; Record error code,Internal diagnostic fault,Internal diagnostic fault,Remove from service and escalate to qualified service personnel,Battery,177,Critical,Resolved,Unit was flagged for reported the issue. Unit returned to service after verification.
INC-00822,EQ-DIA-056,Dialysis Machine,DialyTech,DT-500,Dialysis Unit,2025-07-22,Conductivity reading outside target,,During continuous clinical use,Pressure/conductivity reading outside configured range,,Investigate system/circuit condition,Check connections; Verify concentrate supply,Dialysate mixing/calibration issue; no additional abnormality found during basic visual inspection,Dialysate mixing/calibration issue,Correct concentrate supply or service calibration,Filter,139,Critical,Resolved,Alarm was noted reported the issue. Unit returned to service after verification.
INC-00772,EQ-DIA-053,Dialysis Machine,RenalCare,DX-700,ICU,2025-08-19,Air detector alarm activates,,Routine operation,Pressure/conductivity reading outside configured range,,Investigate system/circuit condition,Follow machine-specific air-removal procedure; Inspect circuit; Stop according to safety procedure,Evidence consistent with air detected in blood circuit,Air detected in blood circuit,Resolve air detection condition before resuming,Filter,15,High,Resolved,Unit was flagged for reported the issue. Unit returned to service after verification.
INC-00106,EQ-INF-008,Infusion Pump,InfuCare,IP-500,ICU,2025-11-29,Infusion is running slower than the programmed rate,FL-104,Routine operation,Observed rate approximately 95% of configured rate,Alarm cleared temporarily after restart,Investigate system/circuit condition,Check clamps and connectors; Inspect for kinks or occlusion; Verify pump calibration,Partial occlusion in tubing; no additional abnormality found during basic visual inspection,Partial occlusion in tubing,Replace obstructed tubing if required,Affected tubing/component,69,High,Resolved,Unit was flagged for reported the issue. No further recurrence observed during the shift.
INC-00566,EQ-X-R-040,X-ray Machine,Radiant Imaging,XR-500,Radiology,2026-07-18,Exposure index below expected range,IM-214,After repeated operation cycles,Exposure/image index outside expected range,No visible external damage noted,Suspected component issue,Review exposure index; Verify kVp/mAs settings,Evidence consistent with incorrect exposure settings or detector issue,Incorrect exposure settings or detector issue,Correct exposure parameters or service detector,Filter,64,Medium,Resolved,Unit was flagged for reported the issue. Unit returned to service after verification.
INC-00390,EQ-ECG-027,ECG Machine,HeartTrace,H-300,Cardiology,2024-05-01,Printer does not advance paper,PF-208,Immediately after startup,Signal amplitude reduced intermittently,,Suspected component issue,Check paper alignment; Remove obstruction,Paper-feed mechanism obstruction,Paper-feed mechanism obstruction,Reload paper or service feed mechanism,Service part,142,High,Resolved,Staff observed reported the issue. Condition was monitored after corrective action.
INC-00002,EQ-VEN-001,Ventilator,MedAir,V-800,Emergency,2025-04-29,Low-volume alarm during ventilation,MV-104,During continuous clinical use,Pressure/volume observation: 25 cmH2O peak pressure,Issue reproduced during verification,Possible circuit leak,Inspect tubing for cracks; Check circuit connections,Evidence consistent with circuit leak,Circuit leak,Repair or replace leaking circuit component,None,67,High,Monitoring,Operator reported reported the issue. Unit returned to service after verification.
INC-00862,EQ-SUC-059,Suction Machine,CareVac,CV-100,General Ward,2024-09-24,Flow appears restricted,SU-214,Immediately after startup,Vacuum measured approximately 60% below target,No visible external damage noted,Possible blocked suction filter or tubing,Inspect tubing; Clear approved obstruction,Evidence consistent with blocked suction filter or tubing,Blocked suction filter or tubing,Replace blocked filter or tubing,Electrodes,97,Low,Monitoring,Unit was flagged for reported the issue. No further recurrence observed during the shift.
INC-00562,EQ-X-R-040,X-ray Machine,Radiant Imaging,XR-500,Radiology,2026-03-09,Temperature warning after repeated exposures,TH-330,Routine operation,Exposure/image index outside expected range,Alarm cleared temporarily after restart,Possible high accumulated tube load,Allow manufacturer-specified cooling period; Review exposure history; Check cooling system,High accumulated tube load; no additional abnormality found during basic visual inspection,High accumulated tube load,Allow cooling and escalate if warning persists unexpectedly,Electrodes,58,Medium,Resolved,Staff observed reported the issue. Additional functional testing passed.
INC-00081,EQ-VEN-006,Ventilator,RespiraTech,RV-500,ICU,2026-08-14,Airway pressure repeatedly above expected range,,Immediately after startup,Pressure/volume observation: 17 cmH2O peak pressure,No visible external damage noted,Possible blocked expiratory filter,Inspect patient connection; Inspect breathing circuit for kinks/obstruction; Inspect expiratory filter,Blocked expiratory filter,Blocked expiratory filter,Replace blocked expiratory filter,Filter,169,Critical,Resolved,Unit was flagged for reported the issue. Additional functional testing passed.
INC-00206,EQ-PAT-015,Patient Monitor,Cliniview,CV-900,Emergency,2024-12-27,NIBP error occurs intermittently,NB-207,Immediately after startup,Signal quality fluctuated between acceptable and poor,No visible external damage noted,Investigate system/circuit condition,Repeat measurement; Check cuff placement,Incorrect cuff size or cuff placement,Incorrect cuff size or cuff placement,Use correct cuff and reconnect tubing,Sensor,60,Medium,Resolved after escalation,Alarm was noted reported the issue. Additional functional testing passed.
INC-00035,EQ-VEN-003,Ventilator,MedAir,V-800,ICU,2025-11-01,Measured volume intermittently low,MV-104,During patient monitoring,Pressure/volume observation: 21 cmH2O peak pressure,Alarm cleared temporarily after restart,Possible circuit leak,Check circuit connections; Perform leak test; Inspect tubing for cracks,Circuit leak; no additional abnormality found during basic visual inspection,Circuit leak,Repair or replace leaking circuit component,Electrodes,170,Medium,Resolved,Unit was flagged for reported the issue. Condition was monitored after corrective action.
INC-00776,EQ-DIA-053,Dialysis Machine,RenalCare,DX-700,ICU,2026-02-03,Conductivity reading outside target,,During continuous clinical use,Pressure/conductivity reading outside configured range,Issue was intermittent,Investigate system/circuit condition,Verify concentrate supply; Run approved conductivity check,Evidence consistent with dialysate mixing/calibration issue,Dialysate mixing/calibration issue,Correct concentrate supply or service calibration,Battery,16,High,Resolved,Unit was flagged for reported the issue. Additional functional testing passed.
INC-00509,EQ-DEF-035,Defibrillator,RescueMed,D-500,Emergency,2025-05-02,Device reports pads disconnected,PD-119,During continuous clinical use,Charge performance outside expected service range,Alarm cleared temporarily after restart,Investigate system/circuit condition,Replace pads if necessary; Verify pads are within expiry; Check pad connector,Evidence consistent with poor pad connection,Poor pad connection,Reconnect or replace pads,Filter,74,Medium,Resolved,Technician reported reported the issue. No further recurrence observed during the shift.
INC-00428,EQ-DEF-030,Defibrillator,PulseGuard,PG-700,ICU,2024-04-28,Device stops charging before target energy,CH-410,Routine operation,Charge performance outside expected service range,,Suspected component issue,Run charge test; Connect to approved power source,Evidence consistent with battery or charging circuit issue,Battery or charging circuit issue,Remove from clinical use and service charging system if fault persists,Electrodes,5,High,Resolved,Operator reported reported the issue. Additional functional testing passed.
INC-00455,EQ-DEF-032,Defibrillator,RescueMed,D-500,ICU,2024-09-15,Device reports pads disconnected,PD-119,During continuous clinical use,Charge performance outside expected service range,Issue reproduced during verification,Suspected component issue,Replace pads if necessary; Verify pads are within expiry; Check pad connector,Poor pad connection,Poor pad connection,Reconnect or replace pads,Battery,75,High,Resolved,Unit was flagged for reported the issue. Unit returned to service after verification.
INC-00367,EQ-ECG-025,ECG Machine,CardioLab,ECG-12,General Ward,2025-08-09,Lead-off indicator remains active,LD-112,After repeated operation cycles,Signal amplitude reduced intermittently,Issue was intermittent,Possible broken or disconnected lead wire,Inspect connector; Test cable continuity; Swap lead,Broken or disconnected lead wire; no additional abnormality found during basic visual inspection,Broken or disconnected lead wire,Reconnect or replace affected lead,Service part,88,Medium,Resolved,Operator reported reported the issue. No further recurrence observed during the shift.
INC-00092,EQ-VEN-007,Ventilator,RespiraTech,RV-500,Emergency,2025-02-01,Self-test stops at flow-sensor check,ST-009,During continuous clinical use,Pressure/volume observation: 30 cmH2O peak pressure,No visible external damage noted,Suspected component issue,Run calibration procedure; Inspect flow sensor; Clean/reseat sensor,Flow sensor calibration drift; no additional abnormality found during basic visual inspection,Flow sensor calibration drift,Calibrate or replace flow sensor,Affected tubing/component,155,High,Resolved,Operator reported reported the issue. Additional functional testing passed.
INC-00340,EQ-ECG-024,ECG Machine,CardioLab,ECG-12,General Ward,2024-02-24,Paper feed motor sounds abnormal,PF-208,During patient monitoring,Signal amplitude reduced intermittently,Alarm cleared temporarily after restart,Possible paper-feed mechanism obstruction,Check paper alignment; Inspect feed path; Remove obstruction,Paper-feed mechanism obstruction,Paper-feed mechanism obstruction,Reload paper or service feed mechanism,Battery,148,Medium,Resolved,Unit was flagged for reported the issue. Unit returned to service after verification.
INC-00565,EQ-X-R-040,X-ray Machine,Radiant Imaging,XR-500,Radiology,2024-07-17,Interlock indicator remains active,XR-102,During continuous clinical use,Exposure/image index outside expected range,No visible external damage noted,Suspected component issue,Verify system ready state; Review displayed fault code; Check door/interlock status,Evidence consistent with interlock condition not satisfied,Interlock condition not satisfied,Resolve interlock condition before exposure,None,61,Low,Monitoring,Operator reported reported the issue. Condition was monitored after corrective action.
INC-00346,EQ-ECG-024,ECG Machine,CardioLab,ECG-12,General Ward,2026-08-11,Printer does not advance paper,PF-208,During patient monitoring,Signal amplitude reduced intermittently,Issue reproduced during verification,Possible paper-feed mechanism obstruction,Remove obstruction; Inspect feed path,Paper-feed mechanism obstruction,Paper-feed mechanism obstruction,Reload paper or service feed mechanism,Service part,68,Medium,Resolved,Alarm was noted reported the issue. Unit returned to service after verification.
INC-00777,EQ-DIA-053,Dialysis Machine,RenalCare,DX-700,ICU,2024-04-25,Pressure changes after line repositioning,AR-221,During continuous clinical use,Pressure/conductivity reading outside configured range,Alarm cleared temporarily after restart,Possible blood-line restriction or access issue,Inspect blood line for kinks; Check access connection,Evidence consistent with blood-line restriction or access issue,Blood-line restriction or access issue,Correct line restriction and escalate clinical issue as required,Sensor,110,Medium,Resolved,Operator reported reported the issue. Condition was monitored after corrective action.
INC-00242,EQ-PAT-017,Patient Monitor,VitalSys,PM-300,Emergency,2025-07-24,Repeatedly variable blood pressure readings,NB-207,During patient monitoring,Signal quality fluctuated between acceptable and poor,Alarm cleared temporarily after restart,Suspected component issue,Inspect tubing; Verify cuff size; Repeat measurement,Evidence consistent with incorrect cuff size or cuff placement,Incorrect cuff size or cuff placement,Use correct cuff and reconnect tubing,None,38,Low,Resolved,Operator reported reported the issue. Condition was monitored after corrective action.
INC-00014,EQ-VEN-001,Ventilator,MedAir,V-800,Emergency,2024-12-26,Calibration warning appears at startup,ST-009,After repeated operation cycles,Pressure/volume observation: 44 cmH2O peak pressure,Issue was intermittent,Possible flow sensor calibration drift,Run calibration procedure; Clean/reseat sensor,Flow sensor calibration drift,Flow sensor calibration drift,Calibrate or replace flow sensor,Sensor,155,High,Monitoring,Operator reported reported the issue. Condition was monitored after corrective action.
INC-00316,EQ-ECG-022,ECG Machine,CardioLab,ECG-12,Emergency,2025-02-08,Baseline slowly shifts,,Routine operation,Signal amplitude reduced intermittently,Issue reproduced during verification,Possible poor electrode contact,Check skin preparation; Replace electrodes; Inspect lead connections,Evidence consistent with poor electrode contact,Poor electrode contact,Improve electrode contact and repeat ECG,Affected tubing/component,113,Critical,Resolved,Alarm was noted reported the issue. Condition was monitored after corrective action.
INC-00601,EQ-X-R-042,X-ray Machine,MedRay,MX-900,Radiology,2026-02-07,Exposure index below expected range,IM-214,Immediately after startup,Exposure/image index outside expected range,,Suspected component issue,Verify kVp/mAs settings; Check detector status; Review exposure index,Incorrect exposure settings or detector issue,Incorrect exposure settings or detector issue,Correct exposure parameters or service detector,Affected tubing/component,101,High,Monitoring,Staff observed reported the issue. No further recurrence observed during the shift.
INC-00388,EQ-ECG-027,ECG Machine,HeartTrace,H-300,Cardiology,2026-04-25,One channel is flat,LD-112,During patient monitoring,Signal amplitude reduced intermittently,Issue was intermittent,Investigate system/circuit condition,Swap lead; Test cable continuity; Inspect connector,Broken or disconnected lead wire,Broken or disconnected lead wire,Reconnect or replace affected lead,Affected tubing/component,77,High,Resolved,Alarm was noted reported the issue. Additional functional testing passed.
INC-00274,EQ-PAT-019,Patient Monitor,Cliniview,CV-900,Emergency,2025-01-26,NIBP error occurs intermittently,NB-207,During patient monitoring,Signal quality fluctuated between acceptable and poor,,Investigate system/circuit condition,Inspect tubing; Check cuff placement; Repeat measurement,Incorrect cuff size or cuff placement,Incorrect cuff size or cuff placement,Use correct cuff and reconnect tubing,Service part,30,Critical,Resolved,Operator reported reported the issue. No further recurrence observed during the shift.
INC-00167,EQ-INF-012,Infusion Pump,MediFlow,IF-700,ICU,2024-01-14,Occlusion alarm occurs repeatedly,,After repeated operation cycles,Observed rate approximately 93% of configured rate,No visible external damage noted,Investigate system/circuit condition,Check downstream line; Inspect catheter connection; Replace obstructed tubing; Check clamps,Evidence consistent with downstream tubing obstruction,Downstream tubing obstruction,Clear obstruction or replace affected line,Sensor,72,Medium,Resolved,Technician reported reported the issue. Additional functional testing passed.
INC-00841,EQ-SUC-058,Suction Machine,CareVac,CV-100,General Ward,2024-01-07,Pump runs continuously,VC-102,During patient monitoring,Vacuum measured approximately 52% below target,Issue was intermittent,Possible leak in tubing or collection system,Perform leak check; Check collection jar seal; Inspect tubing,Evidence consistent with leak in tubing or collection system,Leak in tubing or collection system,Replace leaking tubing/seal,Sensor,154,High,Resolved,Unit was flagged for reported the issue. No further recurrence observed during the shift.
INC-00915,EQ-SUC-063,Suction Machine,SuctionPro,SP-200,Emergency,2025-03-13,Motor sounds normal but suction is reduced,SU-214,During patient monitoring,Vacuum measured approximately 43% below target,No visible external damage noted,Investigate system/circuit condition,Check filter; Inspect tubing,Blocked suction filter or tubing,Blocked suction filter or tubing,Replace blocked filter or tubing,None,123,Critical,Resolved,Unit was flagged for reported the issue. Condition was monitored after corrective action.
INC-00647,EQ-BLO-045,Blood Analyzer,LabCore,BA-400,Pathology,2026-04-14,Level reading inconsistent,RG-207,After repeated operation cycles,QC deviation approximately 6.3%,,Possible reagent sensor or container placement issue,Verify reagent identification; Inspect sensor; Reseat reagent container,Evidence consistent with reagent sensor or container placement issue,Reagent sensor or container placement issue,Reseat container or service level sensor,Affected tubing/component,150,High,Resolved,Alarm was noted reported the issue. Unit returned to service after verification.
INC-00819,EQ-DIA-056,Dialysis Machine,DialyTech,DT-500,Dialysis Unit,2024-01-07,Arterial pressure more negative than expected,AR-221,During patient monitoring,Pressure/conductivity reading outside configured range,,Possible blood-line restriction or access issue,Inspect blood line for kinks; Verify clamps,Blood-line restriction or access issue,Blood-line restriction or access issue,Correct line restriction and escalate clinical issue as required,Affected tubing/component,161,Critical,Resolved,Technician reported reported the issue. Unit returned to service after verification.
INC-00485,EQ-DEF-034,Defibrillator,PulseGuard,PG-700,Cardiology,2025-11-16,Device reports pads disconnected,PD-119,During continuous clinical use,Charge performance outside expected service range,Issue was intermittent,Suspected component issue,Verify pads are within expiry; Replace pads if necessary; Check pad connector,Poor pad connection; no additional abnormality found during basic visual inspection,Poor pad connection,Reconnect or replace pads,Battery,116,Medium,Resolved,Operator reported reported the issue. No further recurrence observed during the shift.
INC-00903,EQ-SUC-062,Suction Machine,SuctionPro,SP-200,Emergency,2024-01-12,Motor sounds normal but suction is reduced,SU-214,During continuous clinical use,Vacuum measured approximately 43% below target,,Suspected component issue,Check filter; Inspect collection jar; Inspect tubing,Blocked suction filter or tubing; no additional abnormality found during basic visual inspection,Blocked suction filter or tubing,Replace blocked filter or tubing,Electrodes,135,High,Resolved,Unit was flagged for reported the issue. Condition was monitored after corrective action.
INC-00505,EQ-DEF-035,Defibrillator,RescueMed,D-500,Emergency,2024-02-19,Charge time exceeds expected range,CH-410,During continuous clinical use,Charge performance outside expected service range,,Suspected component issue,Connect to approved power source; Inspect charging indicators,Battery or charging circuit issue; no additional abnormality found during basic visual inspection,Battery or charging circuit issue,Remove from clinical use and service charging system if fault persists,Service part,42,Medium,Resolved,Unit was flagged for reported the issue. No further recurrence observed during the shift.
INC-00832,EQ-SUC-057,Suction Machine,SuctionPro,SP-200,ICU,2024-04-03,Pump runs continuously,VC-102,After repeated operation cycles,Vacuum measured approximately 54% below target,Issue was intermittent,Possible leak in tubing or collection system,Perform leak check; Check collection jar seal; Inspect connectors; Inspect tubing,Leak in tubing or collection system; no additional abnormality found during basic visual inspection,Leak in tubing or collection system,Replace leaking tubing/seal,Electrodes,21,Medium,Resolved,Unit was flagged for reported the issue. No further recurrence observed during the shift.
INC-00244,EQ-PAT-017,Patient Monitor,VitalSys,PM-300,Emergency,2026-08-05,Touchscreen becomes unresponsive,,During patient monitoring,Signal quality fluctuated between acceptable and poor,,Suspected component issue,Review event log; Restart according to service procedure; Check power supply; Run system diagnostics,Software/process instability,Software/process instability,Restart and escalate for service if recurrence persists,Filter,15,Low,Resolved,Unit was flagged for reported the issue. Condition was monitored after corrective action.
INC-00567,EQ-X-R-040,X-ray Machine,Radiant Imaging,XR-500,Radiology,2024-12-06,System requests cooling period,TH-330,During patient monitoring,Exposure/image index outside expected range,,Possible high accumulated tube load,Review exposure history; Allow manufacturer-specified cooling period,High accumulated tube load,High accumulated tube load,Allow cooling and escalate if warning persists unexpectedly,Electrodes,126,High,Resolved,Operator reported reported the issue. Additional functional testing passed.
INC-00563,EQ-X-R-040,X-ray Machine,Radiant Imaging,XR-500,Radiology,2026-05-30,System requests cooling period,TH-330,During continuous clinical use,Exposure/image index outside expected range,No visible external damage noted,Possible high accumulated tube load,Check cooling system; Review exposure history,High accumulated tube load; no additional abnormality found during basic visual inspection,High accumulated tube load,Allow cooling and escalate if warning persists unexpectedly,Electrodes,106,Medium,Resolved,Technician reported reported the issue. Additional functional testing passed.
INC-00687,EQ-BLO-047,Blood Analyzer,LabCore,BA-400,Laboratory,2025-12-20,Analyzer reports empty reagent despite available volume,RG-207,After repeated operation cycles,QC deviation approximately 2.7%,Issue reproduced during verification,Investigate system/circuit condition,Verify reagent identification; Inspect sensor; Reseat reagent container,Reagent sensor or container placement issue,Reagent sensor or container placement issue,Reseat container or service level sensor,Filter,69,Medium,Resolved after escalation,Staff observed reported the issue. Unit returned to service after verification.
INC-00190,EQ-INF-014,Infusion Pump,MediFlow,IF-700,Oncology,2024-05-23,Pump pressure gradually increases,FL-104,After repeated operation cycles,Observed rate approximately 51% of configured rate,No visible external damage noted,Investigate system/circuit condition,Verify pump calibration; Inspect for kinks or occlusion; Inspect tubing path; Check clamps and connectors,Partial occlusion in tubing,Partial occlusion in tubing,Replace obstructed tubing if required,Electrodes,71,High,Resolved,Operator reported reported the issue. No further recurrence observed during the shift.
INC-00783,EQ-DIA-053,Dialysis Machine,RenalCare,DX-700,ICU,2025-10-01,Alarm occurs during preparation,CO-115,After repeated operation cycles,Pressure/conductivity reading outside configured range,Issue reproduced during verification,Suspected component issue,Check connections; Verify concentrate supply,Dialysate mixing/calibration issue; no additional abnormality found during basic visual inspection,Dialysate mixing/calibration issue,Correct concentrate supply or service calibration,Battery,24,Medium,Resolved,Staff observed reported the issue. Additional functional testing passed.
INC-00700,EQ-BLO-048,Blood Analyzer,HemaTech,HA-600,Pathology,2025-12-31,Control value exceeds laboratory target,QC-301,Routine operation,QC deviation approximately 6.4%,Alarm cleared temporarily after restart,Suspected component issue,Check reagent lot and expiry; Inspect QC history; Run calibration; Repeat control,Reagent deterioration or calibration drift; no additional abnormality found during basic visual inspection,Reagent deterioration or calibration drift,Replace compromised reagent or recalibrate,Battery,44,Low,Resolved,Technician reported reported the issue. Additional functional testing passed.
INC-00476,EQ-DEF-033,Defibrillator,PulseGuard,PG-700,ICU,2024-03-20,Charge time exceeds expected range,CH-410,Routine operation,Charge performance outside expected service range,No visible external damage noted,Possible battery or charging circuit issue,Check battery status; Connect to approved power source; Inspect charging indicators; Run charge test,Battery or charging circuit issue,Battery or charging circuit issue,Remove from clinical use and service charging system if fault persists,Battery,13,Medium,Resolved,Technician reported reported the issue. Unit returned to service after verification.
INC-00682,EQ-BLO-047,Blood Analyzer,LabCore,BA-400,Laboratory,2024-05-13,Analyzer reports empty reagent despite available volume,RG-207,During patient monitoring,QC deviation approximately 5.2%,No visible external damage noted,Investigate system/circuit condition,Verify reagent identification; Inspect sensor; Reseat reagent container,Reagent sensor or container placement issue; no additional abnormality found during basic visual inspection,Reagent sensor or container placement issue,Reseat container or service level sensor,Sensor,136,Medium,Resolved after escalation,Unit was flagged for reported the issue. No further recurrence observed during the shift.
INC-00511,EQ-DEF-035,Defibrillator,RescueMed,D-500,Emergency,2025-06-28,Charge time exceeds expected range,CH-410,Routine operation,Charge performance outside expected service range,Issue was intermittent,Investigate system/circuit condition,Run charge test; Connect to approved power source; Check battery status; Inspect charging indicators,Evidence consistent with battery or charging circuit issue,Battery or charging circuit issue,Remove from clinical use and service charging system if fault persists,Service part,57,High,Resolved,Alarm was noted reported the issue. Condition was monitored after corrective action.
INC-00059,EQ-VEN-004,Ventilator,RespiraTech,RV-500,ICU,2024-02-14,Calibration warning appears at startup,ST-009,Routine operation,Pressure/volume observation: 39 cmH2O peak pressure,,Investigate system/circuit condition,Inspect flow sensor; Run calibration procedure; Clean/reseat sensor,Flow sensor calibration drift; no additional abnormality found during basic visual inspection,Flow sensor calibration drift,Calibrate or replace flow sensor,Electrodes,91,High,Resolved after escalation,Staff observed reported the issue. No further recurrence observed during the shift.
INC-00475,EQ-DEF-033,Defibrillator,PulseGuard,PG-700,ICU,2024-08-12,Device reports pads disconnected,PD-119,During patient monitoring,Charge performance outside expected service range,Alarm cleared temporarily after restart,Suspected component issue,Verify pads are within expiry; Check pad connector; Replace pads if necessary,Evidence consistent with poor pad connection,Poor pad connection,Reconnect or replace pads,Service part,100,High,Resolved,Staff observed reported the issue. Condition was monitored after corrective action.
INC-00561,EQ-X-R-040,X-ray Machine,Radiant Imaging,XR-500,Radiology,2025-11-22,Exposure index below expected range,,Immediately after startup,Exposure/image index outside expected range,Alarm cleared temporarily after restart,Investigate system/circuit condition,Check detector status; Verify kVp/mAs settings,Incorrect exposure settings or detector issue; no additional abnormality found during basic visual inspection,Incorrect exposure settings or detector issue,Correct exposure parameters or service detector,Sensor,119,Medium,Resolved,Operator reported reported the issue. Additional functional testing passed.
INC-00857,EQ-SUC-059,Suction Machine,CareVac,CV-100,General Ward,2024-05-03,Vacuum does not reach set level,VC-102,During patient monitoring,Vacuum measured approximately 41% below target,Issue was intermittent,Possible leak in tubing or collection system,Check collection jar seal; Inspect tubing; Perform leak check; Inspect connectors,Evidence consistent with leak in tubing or collection system,Leak in tubing or collection system,Replace leaking tubing/seal,Filter,102,High,Resolved,Operator reported reported the issue. Unit returned to service after verification.
INC-00748,EQ-DIA-051,Dialysis Machine,RenalCare,DX-700,Dialysis Unit,2024-12-04,Pressure changes after line repositioning,,Routine operation,Pressure/conductivity reading outside configured range,,Suspected component issue,Follow clinical escalation procedure; Inspect blood line for kinks; Verify clamps,Blood-line restriction or access issue,Blood-line restriction or access issue,Correct line restriction and escalate clinical issue as required,None,82,Medium,Resolved,Staff observed reported the issue. Additional functional testing passed.
INC-00253,EQ-PAT-018,Patient Monitor,VitalSys,PM-300,General Ward,2024-04-30,Signal quality indicator fluctuates,SP-221,During continuous clinical use,Signal quality fluctuated between acceptable and poor,No visible external damage noted,Investigate system/circuit condition,Try known-good sensor; Check cable and connector,Damaged or poorly positioned SpO2 sensor; no additional abnormality found during basic visual inspection,Damaged or poorly positioned SpO2 sensor,Reposition or replace SpO2 sensor,Service part,22,Low,Resolved,Operator reported reported the issue. Condition was monitored after corrective action.
INC-00022,EQ-VEN-002,Ventilator,MedAir,V-800,NICU,2024-02-25,Calibration warning appears at startup,ST-009,Immediately after startup,Pressure/volume observation: 27 cmH2O peak pressure,,Possible flow sensor calibration drift,Clean/reseat sensor; Run calibration procedure; Inspect flow sensor,Evidence consistent with flow sensor calibration drift,Flow sensor calibration drift,Calibrate or replace flow sensor,None,166,Medium,Resolved,Staff observed reported the issue. Additional functional testing passed.
INC-00314,EQ-ECG-022,ECG Machine,CardioLab,ECG-12,Emergency,2025-06-10,One channel is flat,LD-112,During patient monitoring,Signal amplitude reduced intermittently,Issue reproduced during verification,Investigate system/circuit condition,Test cable continuity; Swap lead; Inspect connector,Broken or disconnected lead wire,Broken or disconnected lead wire,Reconnect or replace affected lead,Sensor,131,Medium,Resolved,Alarm was noted reported the issue. No further recurrence observed during the shift.
INC-00460,EQ-DEF-032,Defibrillator,RescueMed,D-500,ICU,2026-06-23,Charge time exceeds expected range,,During continuous clinical use,Charge performance outside expected service range,,Possible battery or charging circuit issue,Run charge test; Inspect charging indicators,Evidence consistent with battery or charging circuit issue,Battery or charging circuit issue,Remove from clinical use and service charging system if fault persists,Electrodes,99,Critical,Resolved,Operator reported reported the issue. Condition was monitored after corrective action.
INC-00161,EQ-INF-012,Infusion Pump,MediFlow,IF-700,ICU,2025-02-23,Pressure rises after infusion starts,OC-201,During continuous clinical use,Observed rate approximately 44% of configured rate,Issue reproduced during verification,Investigate system/circuit condition,Check downstream line; Inspect catheter connection,Downstream tubing obstruction,Downstream tubing obstruction,Clear obstruction or replace affected line,Sensor,58,Medium,Resolved,Staff observed reported the issue. Additional functional testing passed.
INC-00277,EQ-PAT-020,Patient Monitor,Cliniview,CV-900,ICU,2024-10-28,Intermittent artifact on ECG trace,EC-118,During patient monitoring,Signal quality fluctuated between acceptable and poor,Issue reproduced during verification,Suspected component issue,Check electrode adhesion; Inspect lead wires,Loose or degraded ECG electrode connection; no additional abnormality found during basic visual inspection,Loose or degraded ECG electrode connection,Replace electrodes or affected lead,Service part,20,Critical,Resolved,Alarm was noted reported the issue. Unit returned to service after verification.
INC-00192,EQ-INF-014,Infusion Pump,MediFlow,IF-700,Oncology,2025-08-02,Occlusion alarm occurs repeatedly,OC-201,Routine operation,Observed rate approximately 82% of configured rate,Issue reproduced during verification,Suspected component issue,Check downstream line; Check clamps,Downstream tubing obstruction,Downstream tubing obstruction,Clear obstruction or replace affected line,Affected tubing/component,137,Medium,Monitoring,Alarm was noted reported the issue. No further recurrence observed during the shift.
INC-00386,EQ-ECG-027,ECG Machine,HeartTrace,H-300,Cardiology,2024-02-28,Printer does not advance paper,PF-208,During continuous clinical use,Signal amplitude reduced intermittently,Issue was intermittent,Possible paper-feed mechanism obstruction,Check paper alignment; Inspect feed path; Remove obstruction,Paper-feed mechanism obstruction,Paper-feed mechanism obstruction,Reload paper or service feed mechanism,Electrodes,89,Medium,Resolved after escalation,Operator reported reported the issue. Condition was monitored after corrective action.
INC-00806,EQ-DIA-055,Dialysis Machine,RenalCare,DX-700,Dialysis Unit,2026-04-22,Air bubble visible in circuit,AD-204,After repeated operation cycles,Pressure/conductivity reading outside configured range,Issue reproduced during verification,Possible air detected in blood circuit,Stop according to safety procedure; Inspect circuit,Evidence consistent with air detected in blood circuit,Air detected in blood circuit,Resolve air detection condition before resuming,Electrodes,23,High,Resolved after escalation,Operator reported reported the issue. Condition was monitored after corrective action.
INC-00414,EQ-ECG-028,ECG Machine,CardioLab,ECG-12,Cardiology,2024-11-06,Baseline slowly shifts,EC-301,Routine operation,Signal amplitude reduced intermittently,Issue reproduced during verification,Suspected component issue,Check skin preparation; Replace electrodes; Inspect lead connections,Poor electrode contact,Poor electrode contact,Improve electrode contact and repeat ECG,Filter,134,Medium,Resolved,Unit was flagged for reported the issue. Additional functional testing passed.
INC-00492,EQ-DEF-034,Defibrillator,PulseGuard,PG-700,Cardiology,2024-05-11,Device stops charging before target energy,CH-410,During continuous clinical use,Charge performance outside expected service range,,Possible battery or charging circuit issue,Inspect charging indicators; Run charge test; Connect to approved power source; Check battery status,Evidence consistent with battery or charging circuit issue,Battery or charging circuit issue,Remove from clinical use and service charging system if fault persists,Sensor,57,Medium,Resolved,Technician reported reported the issue. No further recurrence observed during the shift.
INC-00344,EQ-ECG-024,ECG Machine,CardioLab,ECG-12,General Ward,2026-05-22,Baseline slowly shifts,,During continuous clinical use,Signal amplitude reduced intermittently,No visible external damage noted,Suspected component issue,Replace electrodes; Inspect lead connections; Check skin preparation,Poor electrode contact; no additional abnormality found during basic visual inspection,Poor electrode contact,Improve electrode contact and repeat ECG,Sensor,175,High,Resolved,Alarm was noted reported the issue. Additional functional testing passed.
INC-00770,EQ-DIA-053,Dialysis Machine,RenalCare,DX-700,ICU,2026-03-16,Air detector alarm activates,AD-204,Immediately after startup,Pressure/conductivity reading outside configured range,Issue was intermittent,Investigate system/circuit condition,Inspect circuit; Stop according to safety procedure; Follow machine-specific air-removal procedure,Air detected in blood circuit; no additional abnormality found during basic visual inspection,Air detected in blood circuit,Resolve air detection condition before resuming,Sensor,110,Medium,Monitoring,Operator reported reported the issue. Condition was monitored after corrective action.
INC-00309,EQ-ECG-022,ECG Machine,CardioLab,ECG-12,Emergency,2026-08-01,Lead-off indicator remains active,LD-112,After repeated operation cycles,Signal amplitude reduced intermittently,,Investigate system/circuit condition,Inspect connector; Test cable continuity,Broken or disconnected lead wire,Broken or disconnected lead wire,Reconnect or replace affected lead,None,34,High,Resolved after escalation,Technician reported reported the issue. No further recurrence observed during the shift.
INC-00662,EQ-BLO-046,Blood Analyzer,LabCore,BA-400,Pathology,2024-02-12,QC failure repeats on same assay,QC-301,Routine operation,QC deviation approximately 7.5%,,Possible reagent deterioration or calibration drift,Inspect QC history; Repeat control; Run calibration; Check reagent lot and expiry,Evidence consistent with reagent deterioration or calibration drift,Reagent deterioration or calibration drift,Replace compromised reagent or recalibrate,Sensor,87,High,Resolved,Staff observed reported the issue. Condition was monitored after corrective action.
INC-00131,EQ-INF-010,Infusion Pump,MediFlow,IF-700,General Ward,2025-10-13,Delivered flow appears below set rate,FL-104,After repeated operation cycles,Observed rate approximately 95% of configured rate,Issue was intermittent,Suspected component issue,Inspect tubing path; Verify pump calibration; Check clamps and connectors,Evidence consistent with partial occlusion in tubing,Partial occlusion in tubing,Replace obstructed tubing if required,None,16,High,Monitoring,Operator reported reported the issue. No further recurrence observed during the shift.
INC-00664,EQ-BLO-046,Blood Analyzer,LabCore,BA-400,Pathology,2026-01-26,Level reading inconsistent,,Routine operation,QC deviation approximately 1.7%,Alarm cleared temporarily after restart,Investigate system/circuit condition,Verify reagent identification; Inspect sensor,Reagent sensor or container placement issue; no additional abnormality found during basic visual inspection,Reagent sensor or container placement issue,Reseat container or service level sensor,Battery,16,Medium,Monitoring,Technician reported reported the issue. No further recurrence observed during the shift.
INC-00872,EQ-SUC-060,Suction Machine,CareVac,CV-100,Emergency,2026-04-06,Pump runs continuously,VC-102,During continuous clinical use,Vacuum measured approximately 36% below target,No visible external damage noted,Possible leak in tubing or collection system,Inspect tubing; Inspect connectors; Check collection jar seal,Leak in tubing or collection system,Leak in tubing or collection system,Replace leaking tubing/seal,Service part,143,High,Resolved after escalation,Technician reported reported the issue. Unit returned to service after verification.
INC-00100,EQ-INF-008,Infusion Pump,InfuCare,IP-500,ICU,2026-02-12,Small air bubble visible in tubing,AI-115,Routine operation,Observed rate approximately 85% of configured rate,Alarm cleared temporarily after restart,Possible air detected in infusion line,Prime tubing according to procedure; Check air sensor,Evidence consistent with air detected in infusion line,Air detected in infusion line,Remove air and prime/reseat tubing,Service part,162,High,Monitoring,Unit was flagged for reported the issue. Condition was monitored after corrective action.
INC-00373,EQ-ECG-026,ECG Machine,CardioLab,ECG-12,Emergency,2025-07-07,Signal quality poor despite stable patient,EC-301,During patient monitoring,Signal amplitude reduced intermittently,,Suspected component issue,Check skin preparation; Inspect lead connections,Evidence consistent with poor electrode contact,Poor electrode contact,Improve electrode contact and repeat ECG,Filter,74,Medium,Resolved,Unit was flagged for reported the issue. Condition was monitored after corrective action.
INC-00088,EQ-VEN-007,Ventilator,RespiraTech,RV-500,Emergency,2025-02-06,Pressure rises above expected range,,During patient monitoring,Pressure/volume observation: 48 cmH2O peak pressure,,Suspected component issue,Verify pressure settings; Inspect patient connection; Inspect expiratory filter; Inspect breathing circuit for kinks/obstruction,Blocked expiratory filter,Blocked expiratory filter,Replace blocked expiratory filter,Sensor,44,High,Resolved,Technician reported reported the issue. Unit returned to service after verification.
INC-00459,EQ-DEF-032,Defibrillator,RescueMed,D-500,ICU,2025-08-29,Startup self-test reports failure,ST-501,Immediately after startup,Charge performance outside expected service range,Issue reproduced during verification,Possible internal diagnostic fault,Review service documentation; Repeat approved self-test; Record error code,Internal diagnostic fault; no additional abnormality found during basic visual inspection,Internal diagnostic fault,Remove from service and escalate to qualified service personnel,Affected tubing/component,62,High,Resolved,Staff observed reported the issue. Condition was monitored after corrective action.
INC-00331,EQ-ECG-023,ECG Machine,HeartTrace,H-300,Cardiology,2026-05-28,Printer does not advance paper,,During continuous clinical use,Signal amplitude reduced intermittently,Issue reproduced during verification,Possible paper-feed mechanism obstruction,Inspect feed path; Remove obstruction,Paper-feed mechanism obstruction; no additional abnormality found during basic visual inspection,Paper-feed mechanism obstruction,Reload paper or service feed mechanism,Service part,169,Medium,Resolved,Technician reported reported the issue. Condition was monitored after corrective action.
INC-00215,EQ-PAT-015,Patient Monitor,Cliniview,CV-900,Emergency,2024-04-07,Oxygen saturation signal drops intermittently,SP-221,Routine operation,Signal quality fluctuated between acceptable and poor,No visible external damage noted,Suspected component issue,Check cable and connector; Inspect sensor placement; Check signal quality; Try known-good sensor,Damaged or poorly positioned SpO2 sensor,Damaged or poorly positioned SpO2 sensor,Reposition or replace SpO2 sensor,Affected tubing/component,68,Low,Resolved,Unit was flagged for reported the issue. Additional functional testing passed.
INC-00467,EQ-DEF-033,Defibrillator,PulseGuard,PG-700,ICU,2024-08-17,Charge time exceeds expected range,,Routine operation,Charge performance outside expected service range,No visible external damage noted,Investigate system/circuit condition,Connect to approved power source; Inspect charging indicators,Battery or charging circuit issue; no additional abnormality found during basic visual inspection,Battery or charging circuit issue,Remove from clinical use and service charging system if fault persists,Electrodes,90,Medium,Resolved,Unit was flagged for reported the issue. Additional functional testing passed.
INC-00122,EQ-INF-009,Infusion Pump,MediFlow,IF-700,General Ward,2026-06-21,Small air bubble visible in tubing,AI-115,After repeated operation cycles,Observed rate approximately 43% of configured rate,,Possible air detected in infusion line,Inspect line and connections; Check air sensor; Prime tubing according to procedure; Stop infusion,Evidence consistent with air detected in infusion line,Air detected in infusion line,Remove air and prime/reseat tubing,Battery,43,Critical,Monitoring,Operator reported reported the issue. No further recurrence observed during the shift.
INC-00615,EQ-BLO-043,Blood Analyzer,HemaTech,HA-600,Pathology,2024-11-22,Control value exceeds laboratory target,QC-301,After repeated operation cycles,QC deviation approximately 4.6%,Issue was intermittent,Investigate system/circuit condition,Inspect QC history; Repeat control; Check reagent lot and expiry,Reagent deterioration or calibration drift,Reagent deterioration or calibration drift,Replace compromised reagent or recalibrate,Electrodes,115,Medium,Resolved after escalation,Technician reported reported the issue. No further recurrence observed during the shift.
INC-00021,EQ-VEN-002,Ventilator,MedAir,V-800,NICU,2024-11-24,Calibration warning appears at startup,ST-009,During patient monitoring,Pressure/volume observation: 21 cmH2O peak pressure,,Possible flow sensor calibration drift,Inspect flow sensor; Clean/reseat sensor; Run calibration procedure,Evidence consistent with flow sensor calibration drift,Flow sensor calibration drift,Calibrate or replace flow sensor,Sensor,34,Medium,Monitoring,Unit was flagged for reported the issue. Unit returned to service after verification.
INC-00701,EQ-BLO-048,Blood Analyzer,HemaTech,HA-600,Pathology,2024-04-28,Sample aspiration stops,SA-118,During continuous clinical use,QC deviation approximately 3.1%,Alarm cleared temporarily after restart,Possible clogged aspiration probe,Inspect probe; Check sample volume,Clogged aspiration probe,Clogged aspiration probe,Clean probe and repeat aspiration test,Affected tubing/component,40,Low,Resolved,Alarm was noted reported the issue. No further recurrence observed during the shift.
INC-00072,EQ-VEN-005,Ventilator,MedAir,V-800,NICU,2025-06-01,Pressure rises above expected range,AP-217,During patient monitoring,Pressure/volume observation: 44 cmH2O peak pressure,Issue reproduced during verification,Investigate system/circuit condition,Inspect patient connection; Inspect breathing circuit for kinks/obstruction,Blocked expiratory filter,Blocked expiratory filter,Replace blocked expiratory filter,Affected tubing/component,72,Medium,Resolved,Unit was flagged for reported the issue. Condition was monitored after corrective action.
INC-00107,EQ-INF-008,Infusion Pump,InfuCare,IP-500,ICU,2025-05-05,Pump pressure gradually increases,,After repeated operation cycles,Observed rate approximately 69% of configured rate,,Investigate system/circuit condition,Inspect tubing path; Verify pump calibration,Evidence consistent with partial occlusion in tubing,Partial occlusion in tubing,Replace obstructed tubing if required,Battery,175,Low,Resolved,Operator reported reported the issue. Unit returned to service after verification.
INC-00271,EQ-PAT-019,Patient Monitor,Cliniview,CV-900,Emergency,2025-10-01,Signal quality indicator fluctuates,SP-221,Immediately after startup,Signal quality fluctuated between acceptable and poor,Issue was intermittent,Investigate system/circuit condition,Try known-good sensor; Check cable and connector; Inspect sensor placement,Evidence consistent with damaged or poorly positioned spo2 sensor,Damaged or poorly positioned SpO2 sensor,Reposition or replace SpO2 sensor,Battery,33,Low,Resolved,Operator reported reported the issue. Additional functional testing passed.
INC-00861,EQ-SUC-059,Suction Machine,CareVac,CV-100,General Ward,2025-01-05,Motor sounds normal but suction is reduced,SU-214,Routine operation,Vacuum measured approximately 51% below target,Alarm cleared temporarily after restart,Investigate system/circuit condition,Inspect tubing; Check filter; Inspect collection jar; Clear approved obstruction,Blocked suction filter or tubing; no additional abnormality found during basic visual inspection,Blocked suction filter or tubing,Replace blocked filter or tubing,Filter,63,Low,Resolved,Alarm was noted reported the issue. Unit returned to service after verification.
INC-00436,EQ-DEF-030,Defibrillator,PulseGuard,PG-700,ICU,2024-03-06,Service indicator appears,ST-501,During continuous clinical use,Charge performance outside expected service range,,Investigate system/circuit condition,Record error code; Repeat approved self-test,Internal diagnostic fault,Internal diagnostic fault,Remove from service and escalate to qualified service personnel,Service part,85,Critical,Resolved,Staff observed reported the issue. Additional functional testing passed.
INC-00103,EQ-INF-008,Infusion Pump,InfuCare,IP-500,ICU,2024-10-25,Battery percentage falls rapidly,BT-310,During patient monitoring,Observed rate approximately 59% of configured rate,Issue was intermittent,Possible battery degradation,Verify charging cycle; Inspect power connector; Check battery health,Battery degradation,Battery degradation,Replace battery if capacity is below service threshold,Affected tubing/component,21,High,Resolved,Alarm was noted reported the issue. No further recurrence observed during the shift.
